route_name,corpus_name,epoch_count,epochs,epoch_counts,semantic_dispersion,innovation_velocity,source_embedding_file_count,analysis_family
Route_A_Modern,JAE_Legacy_Audit,6,"['2000-2004', '2005-2009', '2010-2014', '2015-2019', '2020-2024', '2025-2029']","[170, 208, 299, 429, 364, 157]","[0.10114394873380661, 0.09599142521619797, 0.079790860414505, 0.07479400932788849, 0.07265394926071167, 0.06697557121515274]","[0.0026107700541615486, 0.003127048257738352, 0.004749556537717581, 0.0014730216935276985, 0.0016607149736955762]",1627,route_summary
Route_B_Legacy,JAE_Legacy_Audit,8,"['1960-1964', '1965-1969', '1970-1974', '1975-1979', '1980-1984', '1985-1989', '1990-1994', '1995-1999']","[86, 63, 71, 76, 134, 169, 204, 158]","[0.13524781167507172, 0.15794526040554047, 0.1651913970708847, 0.14618204534053802, 0.15337388217449188, 0.1697399914264679, 0.16983410716056824, 0.11365010589361191]","[0.009690101258456707, 0.010291813872754574, 0.013770321384072304, 0.01678387075662613, 0.009860147722065449, 0.008750369772315025, 0.07347771525382996]",961,route_summary
