route_name,corpus_name,transition,velocity
Route_B_Legacy,JAE_Legacy_Audit,1960-1964 -> 1965-1969,0.004421026445925236
Route_B_Legacy,JAE_Legacy_Audit,1965-1969 -> 1970-1974,0.0049872854724526405
Route_B_Legacy,JAE_Legacy_Audit,1970-1974 -> 1975-1979,0.0043208422139286995
Route_B_Legacy,JAE_Legacy_Audit,1975-1979 -> 1980-1984,0.0031386406626552343
Route_B_Legacy,JAE_Legacy_Audit,1980-1984 -> 1985-1989,0.0021504645701497793
