route_name,corpus_name,transition,velocity
Route_A_Modern,JAE_Legacy_Audit,2000-2004 -> 2005-2009,0.0017194050597026944
Route_A_Modern,JAE_Legacy_Audit,2005-2009 -> 2010-2014,0.0013270153431221843
Route_A_Modern,JAE_Legacy_Audit,2010-2014 -> 2015-2019,0.0010408953530713916
Route_A_Modern,JAE_Legacy_Audit,2015-2019 -> 2020-2024,0.0009000935824587941
Route_A_Modern,JAE_Legacy_Audit,2020-2024 -> 2025-2029,0.0015510463854297996
