analysis,route_name,effect_size,p_value,ci_low,ci_high,n,legacy_n,modern_n,tau,intercept,effect_metric,p_metric,ci_metric
velocity_significance,Route_A_Modern,0.002724222303368151,0.062468765617191405,0.001803122548153624,0.0037697479128837585,5.0,,,,,,,
velocity_significance,Route_B_Legacy,0.02037490571716002,0.018490754622688656,0.010004791431128979,0.03857685314557913,7.0,,,,,,,
era_comparison_dispersion,Route_B_Legacy_vs_Route_A_Modern,-0.06950394778201978,0.0014992503748125937,-0.08513475136520962,-0.05326871638341497,,8.0,6.0,,,,,
modern_monotonic_trend,Route_A_Modern,-0.0013667351007461547,0.002777777777777778,-0.0021353088319301604,-0.0007136911153793335,6.0,,,-0.9999999999999999,2.8305802953243253,theil_sen_slope_per_year,kendall_tau_pvalue,theil_sen_95ci
