route_name,corpus_name,transition,velocity
Route_A_Modern,JAE_Legacy_Audit,2000-2004 -> 2005-2009,0.001612182823009789
Route_A_Modern,JAE_Legacy_Audit,2005-2009 -> 2010-2014,0.001434980076737702
Route_A_Modern,JAE_Legacy_Audit,2010-2014 -> 2015-2019,0.0009745158604346216
Route_A_Modern,JAE_Legacy_Audit,2015-2019 -> 2020-2024,0.0008395345066674054
Route_A_Modern,JAE_Legacy_Audit,2020-2024 -> 2025-2029,0.0015048326458781958
