route_name,corpus_name,transition,velocity
Route_B_Legacy,JAE_Legacy_Audit,1960-1964 -> 1965-1969,0.0047012558206915855
Route_B_Legacy,JAE_Legacy_Audit,1965-1969 -> 1970-1974,0.0045656468719244
Route_B_Legacy,JAE_Legacy_Audit,1970-1974 -> 1975-1979,0.0046541932970285416
Route_B_Legacy,JAE_Legacy_Audit,1975-1979 -> 1980-1984,0.003497447120025754
Route_B_Legacy,JAE_Legacy_Audit,1980-1984 -> 1985-1989,0.0023920065723359585
Route_B_Legacy,JAE_Legacy_Audit,1985-1989 -> 1990-1994,0.0018589680548757315
Route_B_Legacy,JAE_Legacy_Audit,1990-1994 -> 1995-1999,0.001946927048265934
