doc_id,route,year,source_filename,source_pdf_path,structured_json_path,embedding_bundle_path,embedding_bundle_exists,structured_json_exists,contributed_to_epoch,has_any_flag,missing_or_placeholder_section_count,all_required_sections_complete,notes,A_intro_present,A_intro_cleaned_length,A_intro_missing,A_intro_placeholder_like,A_intro_too_short,A_intro_preview,A_methods_present,A_methods_cleaned_length,A_methods_missing,A_methods_placeholder_like,A_methods_too_short,A_methods_preview,A_results_present,A_results_cleaned_length,A_results_missing,A_results_placeholder_like,A_results_too_short,A_results_preview
jae_26b1995af284,Route_B_Legacy,1995,10.5032_jae.1995.03043.pdf,/Volumes/Clemons_Data/_Anchors/Research_Data/JAE_Legacy_Audit/data/raw/Route_B_Legacy/1995/10.5032_jae.1995.03043.pdf,/Volumes/Clemons_Data/_Anchors/Research_Data/JAE_Legacy_Audit/data/structured/Route_B_Legacy/1995/10.5032_jae.1995.03043.json,/Volumes/Clemons_Data/_Anchors/Research_Data/JAE_Legacy_Audit/data/embeddings/Route_B_Legacy/1995/jae_26b1995af284.npz,True,True,True,True,1,False,,True,17,False,False,True,SECTION_NOT_FOUND,True,4021,False,False,False,"Population and Sample Since the study was a pilot project, an intact population of 4-H members was assessed to provide b",True,18952,False,False,False,of this study may have implications for agricultural literacy educational initiatives on a practical basis. Three object
jae_fe1af6938de0,Route_B_Legacy,1995,10.5032_jae.1995.03017.pdf,/Volumes/Clemons_Data/_Anchors/Research_Data/JAE_Legacy_Audit/data/raw/Route_B_Legacy/1995/10.5032_jae.1995.03017.pdf,/Volumes/Clemons_Data/_Anchors/Research_Data/JAE_Legacy_Audit/data/structured/Route_B_Legacy/1995/10.5032_jae.1995.03017.json,/Volumes/Clemons_Data/_Anchors/Research_Data/JAE_Legacy_Audit/data/embeddings/Route_B_Legacy/1995/jae_fe1af6938de0.npz,True,True,True,True,1,False,,True,17,False,False,True,SECTION_NOT_FOUND,True,930,False,False,False,"This study was conducted as a longitudinal trend study (Babbie, 1986; Borg & Gall, 1983). According to Borg and Gall (19",True,14336,False,False,False,of the pilot-test were used to enhance the clarity of the items and instructions included in the final instrument (Howel
jae_f8a5a7814d58,Route_B_Legacy,1995,10.5032_jae.1995.01024.pdf,/Volumes/Clemons_Data/_Anchors/Research_Data/JAE_Legacy_Audit/data/raw/Route_B_Legacy/1995/10.5032_jae.1995.01024.pdf,/Volumes/Clemons_Data/_Anchors/Research_Data/JAE_Legacy_Audit/data/structured/Route_B_Legacy/1995/10.5032_jae.1995.01024.json,/Volumes/Clemons_Data/_Anchors/Research_Data/JAE_Legacy_Audit/data/embeddings/Route_B_Legacy/1995/jae_f8a5a7814d58.npz,True,True,True,True,2,False,,True,17,False,False,True,SECTION_NOT_FOUND,True,979,False,False,False,". The studies draw on the theoretical base of cognitive psychology. They ""posit that a contextualized view of the thinki",True,15192,False,True,False,technique. Data were collected on selected student and teacher characteristics as well as post-experiment knowledge and 
jae_54b3138e91a0,Route_B_Legacy,1995,10.5032_jae.1995.02063.pdf,/Volumes/Clemons_Data/_Anchors/Research_Data/JAE_Legacy_Audit/data/raw/Route_B_Legacy/1995/10.5032_jae.1995.02063.pdf,/Volumes/Clemons_Data/_Anchors/Research_Data/JAE_Legacy_Audit/data/structured/Route_B_Legacy/1995/10.5032_jae.1995.02063.json,/Volumes/Clemons_Data/_Anchors/Research_Data/JAE_Legacy_Audit/data/embeddings/Route_B_Legacy/1995/jae_54b3138e91a0.npz,True,True,True,True,1,False,,True,17,False,False,True,SECTION_NOT_FOUND,True,832,False,False,False,"Evaluation is based on a total of 100 points. The 100 point basis is adjusted in each case, discounting points in areas ",True,18483,False,False,False,"of the study were shared with university administrators; a few rejected the findings, but most agreed something needed t"
jae_73fe63ae0913,Route_B_Legacy,1995,10.5032_jae.1995.01015.pdf,/Volumes/Clemons_Data/_Anchors/Research_Data/JAE_Legacy_Audit/data/raw/Route_B_Legacy/1995/10.5032_jae.1995.01015.pdf,/Volumes/Clemons_Data/_Anchors/Research_Data/JAE_Legacy_Audit/data/structured/Route_B_Legacy/1995/10.5032_jae.1995.01015.json,/Volumes/Clemons_Data/_Anchors/Research_Data/JAE_Legacy_Audit/data/embeddings/Route_B_Legacy/1995/jae_73fe63ae0913.npz,True,True,True,True,2,False,,True,17,False,False,True,SECTION_NOT_FOUND,True,2625,False,False,False,"and Procedures The Borich (1980) needs assessment model provided a systematic means to collect, analyze, and interpret d",True,23487,False,True,False,of this assessment indicate that these institutions want to deliver more instruction via satellite. This instruction foc
jae_c2a1c609c68b,Route_B_Legacy,1995,10.5032_jae.1995.04026.pdf,/Volumes/Clemons_Data/_Anchors/Research_Data/JAE_Legacy_Audit/data/raw/Route_B_Legacy/1995/10.5032_jae.1995.04026.pdf,/Volumes/Clemons_Data/_Anchors/Research_Data/JAE_Legacy_Audit/data/structured/Route_B_Legacy/1995/10.5032_jae.1995.04026.json,/Volumes/Clemons_Data/_Anchors/Research_Data/JAE_Legacy_Audit/data/embeddings/Route_B_Legacy/1995/jae_c2a1c609c68b.npz,True,True,True,True,2,False,,True,17,False,False,True,SECTION_NOT_FOUND,True,17,False,False,True,SECTION_NOT_FOUND,True,15667,False,False,False,indicated that the program was effective in teaching agricultural concepts whether the groups were in rural or city sett
jae_4b152ee04a60,Route_B_Legacy,1995,10.5032_jae.1995.03034.pdf,/Volumes/Clemons_Data/_Anchors/Research_Data/JAE_Legacy_Audit/data/raw/Route_B_Legacy/1995/10.5032_jae.1995.03034.pdf,/Volumes/Clemons_Data/_Anchors/Research_Data/JAE_Legacy_Audit/data/structured/Route_B_Legacy/1995/10.5032_jae.1995.03034.json,/Volumes/Clemons_Data/_Anchors/Research_Data/JAE_Legacy_Audit/data/embeddings/Route_B_Legacy/1995/jae_4b152ee04a60.npz,True,True,True,True,1,False,,True,17,False,False,True,SECTION_NOT_FOUND,True,2286,False,False,False,Research Design The study adopted a descriptive survey design. The study was undergirded by a conceptual model which inc,True,20074,False,False,False,of this study indicated that the process of needs assessment and analysis was required on a continuous basis if informat
jae_c2a53360c043,Route_B_Legacy,1995,10.5032_jaae.1995.04048.pdf,/Volumes/Clemons_Data/_Anchors/Research_Data/JAE_Legacy_Audit/data/raw/Route_B_Legacy/1995/10.5032_jaae.1995.04048.pdf,/Volumes/Clemons_Data/_Anchors/Research_Data/JAE_Legacy_Audit/data/structured/Route_B_Legacy/1995/10.5032_jaae.1995.04048.json,/Volumes/Clemons_Data/_Anchors/Research_Data/JAE_Legacy_Audit/data/embeddings/Route_B_Legacy/1995/jae_c2a53360c043.npz,True,True,True,True,1,False,,True,17,False,False,True,SECTION_NOT_FOUND,True,443,False,False,False,", special populations, and FFA were emerging topics. However, a majority of the topics were in the ""other"" category, not",True,11382,False,False,False,"also indicated that agricultural educators tended to publish topics in only six of the 18 topics. Further, the number of"
jae_0cc2b009e886,Route_B_Legacy,1995,10.5032_jae.1995.04055.pdf,/Volumes/Clemons_Data/_Anchors/Research_Data/JAE_Legacy_Audit/data/raw/Route_B_Legacy/1995/10.5032_jae.1995.04055.pdf,/Volumes/Clemons_Data/_Anchors/Research_Data/JAE_Legacy_Audit/data/structured/Route_B_Legacy/1995/10.5032_jae.1995.04055.json,/Volumes/Clemons_Data/_Anchors/Research_Data/JAE_Legacy_Audit/data/embeddings/Route_B_Legacy/1995/jae_0cc2b009e886.npz,True,True,True,True,1,False,,True,17,False,False,True,SECTION_NOT_FOUND,True,4454,False,False,False,/Procedures Population and Sample The accessible population for the descriptivecorrelational study was senior students e,True,17546,False,False,False,and for future research. The education literature overwhelmingly conveys the value for the development of critical think
jae_c0d6128b4517,Route_B_Legacy,1995,10.5032_jae.1995.02028.pdf,/Volumes/Clemons_Data/_Anchors/Research_Data/JAE_Legacy_Audit/data/raw/Route_B_Legacy/1995/10.5032_jae.1995.02028.pdf,/Volumes/Clemons_Data/_Anchors/Research_Data/JAE_Legacy_Audit/data/structured/Route_B_Legacy/1995/10.5032_jae.1995.02028.json,/Volumes/Clemons_Data/_Anchors/Research_Data/JAE_Legacy_Audit/data/embeddings/Route_B_Legacy/1995/jae_c0d6128b4517.npz,True,True,True,True,1,False,,True,17,False,False,True,SECTION_NOT_FOUND,True,2662,False,False,False,". Variables measured by mail questionnaire were youth leadership life skills development, self-esteem, years in 4-H or F",True,12286,False,False,False,"of the Delphi study (Miller, 1975). The panel re-conceptualized leadership life skills developed in 4-H as having seven "
jae_f8694edb54ff,Route_B_Legacy,1995,10.5032_jae.1995.04018.pdf,/Volumes/Clemons_Data/_Anchors/Research_Data/JAE_Legacy_Audit/data/raw/Route_B_Legacy/1995/10.5032_jae.1995.04018.pdf,/Volumes/Clemons_Data/_Anchors/Research_Data/JAE_Legacy_Audit/data/structured/Route_B_Legacy/1995/10.5032_jae.1995.04018.json,/Volumes/Clemons_Data/_Anchors/Research_Data/JAE_Legacy_Audit/data/embeddings/Route_B_Legacy/1995/jae_f8694edb54ff.npz,True,True,True,True,1,False,,True,17,False,False,True,SECTION_NOT_FOUND,True,2641,False,False,False,"and Procedures The Borich (1980) Needs Assessment Model provided a systematic means to collect, analyze, and interpret d",True,24066,False,False,False,were that programming targeted to individual firms and associations as well as general programming that applies to multi
jae_8ae60cd4a60d,Route_B_Legacy,1995,10.5032_jae.1995.01031.pdf,/Volumes/Clemons_Data/_Anchors/Research_Data/JAE_Legacy_Audit/data/raw/Route_B_Legacy/1995/10.5032_jae.1995.01031.pdf,/Volumes/Clemons_Data/_Anchors/Research_Data/JAE_Legacy_Audit/data/structured/Route_B_Legacy/1995/10.5032_jae.1995.01031.json,/Volumes/Clemons_Data/_Anchors/Research_Data/JAE_Legacy_Audit/data/embeddings/Route_B_Legacy/1995/jae_8ae60cd4a60d.npz,True,True,True,True,1,False,,True,17,False,False,True,SECTION_NOT_FOUND,True,528,False,False,False,", educational programs, and program activities of the agricultural extension service in West Tennessee. The target popul",True,15899,False,False,False,"revealed that there was a greater need for educational programs for small farmers in the areas of crop marketing, soil c"
jae_3252737c39aa,Route_B_Legacy,1995,10.5032_jae.1995.01046.pdf,/Volumes/Clemons_Data/_Anchors/Research_Data/JAE_Legacy_Audit/data/raw/Route_B_Legacy/1995/10.5032_jae.1995.01046.pdf,/Volumes/Clemons_Data/_Anchors/Research_Data/JAE_Legacy_Audit/data/structured/Route_B_Legacy/1995/10.5032_jae.1995.01046.json,/Volumes/Clemons_Data/_Anchors/Research_Data/JAE_Legacy_Audit/data/embeddings/Route_B_Legacy/1995/jae_3252737c39aa.npz,True,True,True,True,1,False,,True,17,False,False,True,SECTION_NOT_FOUND,True,3875,False,False,False,/Procedures The accessible population for the descriptive study was senior students enrolled in the College of Agricultu,True,20265,False,False,False,suggested that latitude exists for growth in the cognitive development of senior students; that senior students tended t
jae_f913756e5b6c,Route_B_Legacy,1995,10.5032_jae.1995.01038.pdf,/Volumes/Clemons_Data/_Anchors/Research_Data/JAE_Legacy_Audit/data/raw/Route_B_Legacy/1995/10.5032_jae.1995.01038.pdf,/Volumes/Clemons_Data/_Anchors/Research_Data/JAE_Legacy_Audit/data/structured/Route_B_Legacy/1995/10.5032_jae.1995.01038.json,/Volumes/Clemons_Data/_Anchors/Research_Data/JAE_Legacy_Audit/data/embeddings/Route_B_Legacy/1995/jae_f913756e5b6c.npz,True,True,True,False,0,True,,True,2270,False,False,False,The theoretical framework is based on the career decision-making models from sociology and psychology. From these models,True,5289,False,False,False,"The population of the study consisted of about 19,000 students enrolled in Agriscience 101, ""Introduction to World Agric",True,21441,False,False,False,"and conclusions were that: 1) the majority of students and teachers were white males; 2) minority students, especially m"
jae_80c2f30f1e1f,Route_B_Legacy,1995,10.5032_jae.1995.04039.pdf,/Volumes/Clemons_Data/_Anchors/Research_Data/JAE_Legacy_Audit/data/raw/Route_B_Legacy/1995/10.5032_jae.1995.04039.pdf,/Volumes/Clemons_Data/_Anchors/Research_Data/JAE_Legacy_Audit/data/structured/Route_B_Legacy/1995/10.5032_jae.1995.04039.json,/Volumes/Clemons_Data/_Anchors/Research_Data/JAE_Legacy_Audit/data/embeddings/Route_B_Legacy/1995/jae_80c2f30f1e1f.npz,True,True,True,True,1,False,,True,17,False,False,True,SECTION_NOT_FOUND,True,1969,False,False,False,to measure factors associated with the adoption and diffusion of the PSNT. Using Likert scales and multiple response que,True,13621,False,False,False,Objective 1: Economic Usefulness and Technical Efficiency All 127 farmers in the sample had used the PSNT. Figure 1 show
jae_37b5e8fa01ab,Route_B_Legacy,1995,10.5032_jae.1995.04032.pdf,/Volumes/Clemons_Data/_Anchors/Research_Data/JAE_Legacy_Audit/data/raw/Route_B_Legacy/1995/10.5032_jae.1995.04032.pdf,/Volumes/Clemons_Data/_Anchors/Research_Data/JAE_Legacy_Audit/data/structured/Route_B_Legacy/1995/10.5032_jae.1995.04032.json,/Volumes/Clemons_Data/_Anchors/Research_Data/JAE_Legacy_Audit/data/embeddings/Route_B_Legacy/1995/jae_37b5e8fa01ab.npz,True,True,True,False,0,True,,True,2513,False,False,False,The purpose of this descriptive-correlational study was to describe the aspired cognitive level of instruction and the a,True,10571,False,False,False,"which can be readily utilized, and some facility in discerning the appropriate relations between previous experience and",True,8971,False,False,False,Aspired Cognitive Level of Instruction Participants aspired to have one-third (30%) of their in-class discourse at the r
jae_55d46996b9c4,Route_B_Legacy,1995,10.5032_jae.1995.04010.pdf,/Volumes/Clemons_Data/_Anchors/Research_Data/JAE_Legacy_Audit/data/raw/Route_B_Legacy/1995/10.5032_jae.1995.04010.pdf,/Volumes/Clemons_Data/_Anchors/Research_Data/JAE_Legacy_Audit/data/structured/Route_B_Legacy/1995/10.5032_jae.1995.04010.json,/Volumes/Clemons_Data/_Anchors/Research_Data/JAE_Legacy_Audit/data/embeddings/Route_B_Legacy/1995/jae_55d46996b9c4.npz,True,True,True,True,1,False,,True,17,False,False,True,SECTION_NOT_FOUND,True,2600,False,False,False,"for facilitating effective learning. Cano, et al. (1992) indicated that teachers with field-dependent learning styles so",True,19789,False,False,False,suggest that female agricultural education student teachers in this study are more fieldindependent than females in the 
jae_f8c649674856,Route_B_Legacy,1995,10.5032_jae.1995.02001.pdf,/Volumes/Clemons_Data/_Anchors/Research_Data/JAE_Legacy_Audit/data/raw/Route_B_Legacy/1995/10.5032_jae.1995.02001.pdf,/Volumes/Clemons_Data/_Anchors/Research_Data/JAE_Legacy_Audit/data/structured/Route_B_Legacy/1995/10.5032_jae.1995.02001.json,/Volumes/Clemons_Data/_Anchors/Research_Data/JAE_Legacy_Audit/data/embeddings/Route_B_Legacy/1995/jae_f8c649674856.npz,True,True,True,True,2,False,,True,17,False,False,True,SECTION_NOT_FOUND,True,17,False,False,True,SECTION_NOT_FOUND,True,17792,False,False,False,"of the study indicate that graduates were motivated to enroll in the off-campus program primarily to pursue a degree, to"
jae_321a70da0f14,Route_B_Legacy,1995,10.5032_jae.1995.01006.pdf,/Volumes/Clemons_Data/_Anchors/Research_Data/JAE_Legacy_Audit/data/raw/Route_B_Legacy/1995/10.5032_jae.1995.01006.pdf,/Volumes/Clemons_Data/_Anchors/Research_Data/JAE_Legacy_Audit/data/structured/Route_B_Legacy/1995/10.5032_jae.1995.01006.json,/Volumes/Clemons_Data/_Anchors/Research_Data/JAE_Legacy_Audit/data/embeddings/Route_B_Legacy/1995/jae_321a70da0f14.npz,True,True,True,True,1,False,,True,17,False,False,True,SECTION_NOT_FOUND,True,2545,False,False,False,"to create interest in SAEs, benefits for higher-achievers, factors which influence teachers to support SAEs, the role of",True,4791,False,False,False,"showed that research in this area was primarily descriptive, survey, and nonprogrammatic. They revealed that SAE program"
jae_f6acc39c3e69,Route_B_Legacy,1995,10.5032_jae.1995.02008.pdf,/Volumes/Clemons_Data/_Anchors/Research_Data/JAE_Legacy_Audit/data/raw/Route_B_Legacy/1995/10.5032_jae.1995.02008.pdf,/Volumes/Clemons_Data/_Anchors/Research_Data/JAE_Legacy_Audit/data/structured/Route_B_Legacy/1995/10.5032_jae.1995.02008.json,/Volumes/Clemons_Data/_Anchors/Research_Data/JAE_Legacy_Audit/data/embeddings/Route_B_Legacy/1995/jae_f6acc39c3e69.npz,True,True,True,True,1,False,,True,17,False,False,True,SECTION_NOT_FOUND,True,904,False,False,False,and Procedures All Georgia high school counselors employed in schools with high school Agricultural Education programs s,True,15421,False,False,False,"Of the guidance counselors who made up the population for the study, a little over 82% had been a counselor for 5 years "
jae_f21298ad4f92,Route_B_Legacy,1995,10.5032_jae.1995.03064.pdf,/Volumes/Clemons_Data/_Anchors/Research_Data/JAE_Legacy_Audit/data/raw/Route_B_Legacy/1995/10.5032_jae.1995.03064.pdf,/Volumes/Clemons_Data/_Anchors/Research_Data/JAE_Legacy_Audit/data/structured/Route_B_Legacy/1995/10.5032_jae.1995.03064.json,/Volumes/Clemons_Data/_Anchors/Research_Data/JAE_Legacy_Audit/data/embeddings/Route_B_Legacy/1995/jae_f21298ad4f92.npz,True,True,True,False,0,True,,True,590,False,False,False,"Journal of Agricultural Education Volume 36, Number 3, pp. 64-71 DOI: 10.5032/jae.1995.03064 Journal of Agricultural Edu",True,2547,False,False,False,Population The population for the descriptive study was all Extension administrators at The Ohio State University. The p,True,19224,False,False,False,indicated that the Extension organization had reached the level at which people were actively acknowledging diversity as
jae_e96029353c8b,Route_B_Legacy,1995,10.5032_jae.1995.01001.pdf,/Volumes/Clemons_Data/_Anchors/Research_Data/JAE_Legacy_Audit/data/raw/Route_B_Legacy/1995/10.5032_jae.1995.01001.pdf,/Volumes/Clemons_Data/_Anchors/Research_Data/JAE_Legacy_Audit/data/structured/Route_B_Legacy/1995/10.5032_jae.1995.01001.json,/Volumes/Clemons_Data/_Anchors/Research_Data/JAE_Legacy_Audit/data/embeddings/Route_B_Legacy/1995/jae_e96029353c8b.npz,True,True,True,True,3,False,,True,17,False,False,True,SECTION_NOT_FOUND,True,17,False,False,True,SECTION_NOT_FOUND,True,17,False,False,True,SECTION_NOT_FOUND
jae_7d4e88866a5a,Route_B_Legacy,1995,10.5032_jae.1995.03008.pdf,/Volumes/Clemons_Data/_Anchors/Research_Data/JAE_Legacy_Audit/data/raw/Route_B_Legacy/1995/10.5032_jae.1995.03008.pdf,/Volumes/Clemons_Data/_Anchors/Research_Data/JAE_Legacy_Audit/data/structured/Route_B_Legacy/1995/10.5032_jae.1995.03008.json,/Volumes/Clemons_Data/_Anchors/Research_Data/JAE_Legacy_Audit/data/embeddings/Route_B_Legacy/1995/jae_7d4e88866a5a.npz,True,True,True,True,1,False,,True,774,False,False,False,"Journal of Agricultural Education Volume 36, Number 3, pp. 8-16 DOI: 10.5032/jae.1995.03008 9 Journal of Agricultural Ed",True,2298,False,True,False,Research Design This study was descriptive in nature. The research effort assessed the perceptions of head secondary agr,True,12745,False,False,False,Data collection instruments were received from 290 secondary schools for a 71.7 percent response rate. Of the 290 school
jae_b12f120049af,Route_B_Legacy,1995,10.5032_jae.1995.01055.pdf,/Volumes/Clemons_Data/_Anchors/Research_Data/JAE_Legacy_Audit/data/raw/Route_B_Legacy/1995/10.5032_jae.1995.01055.pdf,/Volumes/Clemons_Data/_Anchors/Research_Data/JAE_Legacy_Audit/data/structured/Route_B_Legacy/1995/10.5032_jae.1995.01055.json,/Volumes/Clemons_Data/_Anchors/Research_Data/JAE_Legacy_Audit/data/embeddings/Route_B_Legacy/1995/jae_b12f120049af.npz,True,True,True,True,1,False,,True,17,False,False,True,SECTION_NOT_FOUND,True,892,False,False,False,Ten volumes of the JAE (1980-1989) were selected for analysis. A total of 309 articles appeared in these ten issues. For,True,16297,False,False,False,"(Bowen, Rollins, Baggett, & Miller, 1990; Mannebach, et al., 1984), and agricultural and extension education research pu"
jae_1f94cd26afd1,Route_B_Legacy,1995,10.5032_jae.1995.03026.pdf,/Volumes/Clemons_Data/_Anchors/Research_Data/JAE_Legacy_Audit/data/raw/Route_B_Legacy/1995/10.5032_jae.1995.03026.pdf,/Volumes/Clemons_Data/_Anchors/Research_Data/JAE_Legacy_Audit/data/structured/Route_B_Legacy/1995/10.5032_jae.1995.03026.json,/Volumes/Clemons_Data/_Anchors/Research_Data/JAE_Legacy_Audit/data/embeddings/Route_B_Legacy/1995/jae_1f94cd26afd1.npz,True,True,True,True,1,False,,True,17,False,False,True,SECTION_NOT_FOUND,True,2164,False,False,False,Population and Sample The population included 655 juniors and seniors enrolled in the College of Agriculture on February,True,14676,False,False,False,"of a test conducted by The National Endowment for the Humanities, which found that ""Most of the seniors did not know tha"
jae_23157ff71725,Route_B_Legacy,1995,10.5032_jae.1995.02044.pdf,/Volumes/Clemons_Data/_Anchors/Research_Data/JAE_Legacy_Audit/data/raw/Route_B_Legacy/1995/10.5032_jae.1995.02044.pdf,/Volumes/Clemons_Data/_Anchors/Research_Data/JAE_Legacy_Audit/data/structured/Route_B_Legacy/1995/10.5032_jae.1995.02044.json,/Volumes/Clemons_Data/_Anchors/Research_Data/JAE_Legacy_Audit/data/embeddings/Route_B_Legacy/1995/jae_23157ff71725.npz,True,True,True,True,1,False,,True,17,False,False,True,SECTION_NOT_FOUND,True,3212,False,False,False,and Procedures A data collecting instrument organized in three sections was developed for this study. The instrument inc,True,26689,False,False,False,of this study may have implications for other groups on a practical basis. Three objectives were specified for this stud
jae_a97a604b2691,Route_B_Legacy,1995,10.5032_jae.1995.04001.pdf,/Volumes/Clemons_Data/_Anchors/Research_Data/JAE_Legacy_Audit/data/raw/Route_B_Legacy/1995/10.5032_jae.1995.04001.pdf,/Volumes/Clemons_Data/_Anchors/Research_Data/JAE_Legacy_Audit/data/structured/Route_B_Legacy/1995/10.5032_jae.1995.04001.json,/Volumes/Clemons_Data/_Anchors/Research_Data/JAE_Legacy_Audit/data/embeddings/Route_B_Legacy/1995/jae_a97a604b2691.npz,True,True,True,True,1,False,,True,17,False,False,True,SECTION_NOT_FOUND,True,2740,False,False,False,and Procedures A data collection instrument organized in three sections was developed for this study. The instrument inc,True,18967,False,False,False,of this study may have implications for other groups on a practical basis. Three objectives were specified for this stud
jae_024b23503b90,Route_B_Legacy,1995,10.5032_jae.1995.02054.pdf,/Volumes/Clemons_Data/_Anchors/Research_Data/JAE_Legacy_Audit/data/raw/Route_B_Legacy/1995/10.5032_jae.1995.02054.pdf,/Volumes/Clemons_Data/_Anchors/Research_Data/JAE_Legacy_Audit/data/structured/Route_B_Legacy/1995/10.5032_jae.1995.02054.json,/Volumes/Clemons_Data/_Anchors/Research_Data/JAE_Legacy_Audit/data/embeddings/Route_B_Legacy/1995/jae_024b23503b90.npz,True,True,True,True,1,False,,True,17,False,False,True,SECTION_NOT_FOUND,True,2414,False,False,False,Population and Sample Twelve geographically distributed pilot high schools and technical centers were selected as a stra,True,23265,False,False,False,"on curriculum development , guidance counseling, and recruitment in agricultural education and Tech Prep programs were d"
jae_c1efb63ca29d,Route_B_Legacy,1995,10.5032_jae.1995.02019.pdf,/Volumes/Clemons_Data/_Anchors/Research_Data/JAE_Legacy_Audit/data/raw/Route_B_Legacy/1995/10.5032_jae.1995.02019.pdf,/Volumes/Clemons_Data/_Anchors/Research_Data/JAE_Legacy_Audit/data/structured/Route_B_Legacy/1995/10.5032_jae.1995.02019.json,/Volumes/Clemons_Data/_Anchors/Research_Data/JAE_Legacy_Audit/data/embeddings/Route_B_Legacy/1995/jae_c1efb63ca29d.npz,True,True,True,True,1,False,,True,17,False,False,True,SECTION_NOT_FOUND,True,715,False,False,False,and Procedures Population The frame of this census study consisted of 57 teachers of middle school agricultural educatio,True,11846,False,False,False,can be generalized to the target population of middle school agricultural education teachers in Virginia. Instrumentatio
jae_87d332415bf2,Route_B_Legacy,1995,10.5032_jae.1995.03001.pdf,/Volumes/Clemons_Data/_Anchors/Research_Data/JAE_Legacy_Audit/data/raw/Route_B_Legacy/1995/10.5032_jae.1995.03001.pdf,/Volumes/Clemons_Data/_Anchors/Research_Data/JAE_Legacy_Audit/data/structured/Route_B_Legacy/1995/10.5032_jae.1995.03001.json,/Volumes/Clemons_Data/_Anchors/Research_Data/JAE_Legacy_Audit/data/embeddings/Route_B_Legacy/1995/jae_87d332415bf2.npz,True,True,True,True,1,False,,True,17,False,False,True,SECTION_NOT_FOUND,True,3129,False,False,False,"Population and Sample The population of this study included all agriculture teachers, principals, and superintendents of",True,15397,False,False,False,of the study support the position that local educators take a cautious and low risk attitude toward educational reform. 
jae_59a5c131d4d4,Route_B_Legacy,1995,10.5032_jae.1995.03057.pdf,/Volumes/Clemons_Data/_Anchors/Research_Data/JAE_Legacy_Audit/data/raw/Route_B_Legacy/1995/10.5032_jae.1995.03057.pdf,/Volumes/Clemons_Data/_Anchors/Research_Data/JAE_Legacy_Audit/data/structured/Route_B_Legacy/1995/10.5032_jae.1995.03057.json,/Volumes/Clemons_Data/_Anchors/Research_Data/JAE_Legacy_Audit/data/embeddings/Route_B_Legacy/1995/jae_59a5c131d4d4.npz,True,True,True,True,1,False,,True,17,False,False,True,SECTION_NOT_FOUND,True,821,False,False,False,of presenting scientific materials are needed to improve student achievement and enthusiasm for learning science. One so,True,16209,False,False,False,have increased the demand for improved science education for American students. New and innovative methods of presenting
jae_44c258dad341,Route_B_Legacy,1995,10.5032_jae.1995.02036.pdf,/Volumes/Clemons_Data/_Anchors/Research_Data/JAE_Legacy_Audit/data/raw/Route_B_Legacy/1995/10.5032_jae.1995.02036.pdf,/Volumes/Clemons_Data/_Anchors/Research_Data/JAE_Legacy_Audit/data/structured/Route_B_Legacy/1995/10.5032_jae.1995.02036.json,/Volumes/Clemons_Data/_Anchors/Research_Data/JAE_Legacy_Audit/data/embeddings/Route_B_Legacy/1995/jae_44c258dad341.npz,True,True,True,False,0,True,,True,674,False,False,False,The purpose of the study was to determine horticulture teachers' learning style and cognitive level of instruction. In a,True,571,False,False,False,Population and Sample The target population for the study was secondary horticulture teachers in Ohio (N=89). The target,True,17188,False,False,False,indicated that 44% of the teachers preferred the field dependent learning style and 56% preferred the field-independent 
jae_9ed12ba39cea,Route_B_Legacy,1995,10.5032_jae.1995.03050.pdf,/Volumes/Clemons_Data/_Anchors/Research_Data/JAE_Legacy_Audit/data/raw/Route_B_Legacy/1995/10.5032_jae.1995.03050.pdf,/Volumes/Clemons_Data/_Anchors/Research_Data/JAE_Legacy_Audit/data/structured/Route_B_Legacy/1995/10.5032_jae.1995.03050.json,/Volumes/Clemons_Data/_Anchors/Research_Data/JAE_Legacy_Audit/data/embeddings/Route_B_Legacy/1995/jae_9ed12ba39cea.npz,True,True,True,True,1,False,,True,17,False,False,True,SECTION_NOT_FOUND,True,2638,False,False,False,Population and Census A census of this population was conducted rather than a sample of farm and ranch operators with di,True,13870,False,False,False,"of a survey of 1,954 farmers and ranchers who were known to have severe disabilities concerning their perceived educatio"
jae_63ef092a8546,Route_B_Legacy,1995,10.5032_jae.1995.04064.pdf,/Volumes/Clemons_Data/_Anchors/Research_Data/JAE_Legacy_Audit/data/raw/Route_B_Legacy/1995/10.5032_jae.1995.04064.pdf,/Volumes/Clemons_Data/_Anchors/Research_Data/JAE_Legacy_Audit/data/structured/Route_B_Legacy/1995/10.5032_jae.1995.04064.json,/Volumes/Clemons_Data/_Anchors/Research_Data/JAE_Legacy_Audit/data/embeddings/Route_B_Legacy/1995/jae_63ef092a8546.npz,True,True,True,True,1,False,,True,17,False,False,True,SECTION_NOT_FOUND,True,7476,False,False,False,"used in production agriculture. Gender, college major, and hometown were also related to perceptions about other issues ",True,19360,False,False,False,"s and decisions about topics concerning the environment, food safety, animal welfare, and health, all impact the process"
jae_9d0ceb5bc6ef,Route_B_Legacy,1996,10.5032_jae.1996.02001.pdf,/Volumes/Clemons_Data/_Anchors/Research_Data/JAE_Legacy_Audit/data/raw/Route_B_Legacy/1996/10.5032_jae.1996.02001.pdf,/Volumes/Clemons_Data/_Anchors/Research_Data/JAE_Legacy_Audit/data/structured/Route_B_Legacy/1996/10.5032_jae.1996.02001.json,/Volumes/Clemons_Data/_Anchors/Research_Data/JAE_Legacy_Audit/data/embeddings/Route_B_Legacy/1996/jae_9d0ceb5bc6ef.npz,True,True,True,True,1,False,,True,17,False,False,True,SECTION_NOT_FOUND,True,1154,False,False,False,"for exploring their problems, whether participation in experiential instructional then proposed solutions based upon the",True,20570,False,False,False,from the study supports that participation in agriculturally-oriented experiential activities positively impacts the dev
jae_742d91c7feb8,Route_B_Legacy,1996,10.5032_jae.1996.03018.pdf,/Volumes/Clemons_Data/_Anchors/Research_Data/JAE_Legacy_Audit/data/raw/Route_B_Legacy/1996/10.5032_jae.1996.03018.pdf,/Volumes/Clemons_Data/_Anchors/Research_Data/JAE_Legacy_Audit/data/structured/Route_B_Legacy/1996/10.5032_jae.1996.03018.json,/Volumes/Clemons_Data/_Anchors/Research_Data/JAE_Legacy_Audit/data/embeddings/Route_B_Legacy/1996/jae_742d91c7feb8.npz,True,True,True,True,1,False,,True,17,False,False,True,SECTION_NOT_FOUND,True,534,False,False,False,"of of these schools has, instruction and elements of delivery on the classroom level. In the past, little investigation ",True,20338,False,False,False,"and more on longhallmarks of excellence for schools. In schools of term gain, and the courage to excellence all school p"
jae_6cfede322564,Route_B_Legacy,1996,10.5032_jae.1996.02056.pdf,/Volumes/Clemons_Data/_Anchors/Research_Data/JAE_Legacy_Audit/data/raw/Route_B_Legacy/1996/10.5032_jae.1996.02056.pdf,/Volumes/Clemons_Data/_Anchors/Research_Data/JAE_Legacy_Audit/data/structured/Route_B_Legacy/1996/10.5032_jae.1996.02056.json,/Volumes/Clemons_Data/_Anchors/Research_Data/JAE_Legacy_Audit/data/embeddings/Route_B_Legacy/1996/jae_6cfede322564.npz,True,True,True,True,1,False,,True,17,False,False,True,SECTION_NOT_FOUND,True,3484,False,False,False,"the researcher, was a mail questionnaire that describe a reason why he/she left OSU Extension. On the other end of the s",True,16906,False,False,False,"of the study, agents who voluntarily leave OSU Extension are most likely to be Caucasian females, in their early thirtie"
jae_9f185ebc0b88,Route_B_Legacy,1996,10.5032_jae.1996.01009.pdf,/Volumes/Clemons_Data/_Anchors/Research_Data/JAE_Legacy_Audit/data/raw/Route_B_Legacy/1996/10.5032_jae.1996.01009.pdf,/Volumes/Clemons_Data/_Anchors/Research_Data/JAE_Legacy_Audit/data/structured/Route_B_Legacy/1996/10.5032_jae.1996.01009.json,/Volumes/Clemons_Data/_Anchors/Research_Data/JAE_Legacy_Audit/data/embeddings/Route_B_Legacy/1996/jae_9f185ebc0b88.npz,True,True,True,True,1,False,,True,17,False,False,True,SECTION_NOT_FOUND,True,5416,False,False,False,using both primary and secondary sources were used to accomplish the objectives of this study. The major objectives were,True,12278,False,False,False,"and Findings Common Developmental Background In 1906, a Division of Agricultural Education A degree of confusion existed"
jae_60597f41d1b0,Route_B_Legacy,1996,10.5032_jae.1996.03026.pdf,/Volumes/Clemons_Data/_Anchors/Research_Data/JAE_Legacy_Audit/data/raw/Route_B_Legacy/1996/10.5032_jae.1996.03026.pdf,/Volumes/Clemons_Data/_Anchors/Research_Data/JAE_Legacy_Audit/data/structured/Route_B_Legacy/1996/10.5032_jae.1996.03026.json,/Volumes/Clemons_Data/_Anchors/Research_Data/JAE_Legacy_Audit/data/embeddings/Route_B_Legacy/1996/jae_60597f41d1b0.npz,True,True,True,True,1,False,,True,17,False,False,True,SECTION_NOT_FOUND,True,1134,False,False,False,and Procedures Historical research methods were utilized to Turner continued to suggest that every state accomplish the ,True,14613,False,False,False,"and/or Findings Who Deserves the Credit? (Carriel, 1961). His background included farming Justin Morrill political astut"
jae_590b5b6cd5b0,Route_B_Legacy,1996,10.5032_jae.1996.02063.pdf,/Volumes/Clemons_Data/_Anchors/Research_Data/JAE_Legacy_Audit/data/raw/Route_B_Legacy/1996/10.5032_jae.1996.02063.pdf,/Volumes/Clemons_Data/_Anchors/Research_Data/JAE_Legacy_Audit/data/structured/Route_B_Legacy/1996/10.5032_jae.1996.02063.json,/Volumes/Clemons_Data/_Anchors/Research_Data/JAE_Legacy_Audit/data/embeddings/Route_B_Legacy/1996/jae_590b5b6cd5b0.npz,True,True,True,True,2,False,,True,17,False,False,True,SECTION_NOT_FOUND,True,17,False,False,True,SECTION_NOT_FOUND,True,19472,False,False,False,"of this study, it was recommended that pre-service and in-service programs be conducted to promote strategies to integra"
jae_e7e8928ff95b,Route_B_Legacy,1996,10.5032_jae.1996.02017.pdf,/Volumes/Clemons_Data/_Anchors/Research_Data/JAE_Legacy_Audit/data/raw/Route_B_Legacy/1996/10.5032_jae.1996.02017.pdf,/Volumes/Clemons_Data/_Anchors/Research_Data/JAE_Legacy_Audit/data/structured/Route_B_Legacy/1996/10.5032_jae.1996.02017.json,/Volumes/Clemons_Data/_Anchors/Research_Data/JAE_Legacy_Audit/data/embeddings/Route_B_Legacy/1996/jae_e7e8928ff95b.npz,True,True,True,True,1,False,,True,17,False,False,True,SECTION_NOT_FOUND,True,3850,False,False,False,"offer the respondent of policy development, and a perspective of world ample opportunity to comment and to share and iss",True,20896,False,False,False,indicated that employers in the agribusiness industry recognized the need for changes in the agricultural education curr
jae_54e2d4a3abd2,Route_B_Legacy,1996,10.5032_jae.1996.03033.pdf,/Volumes/Clemons_Data/_Anchors/Research_Data/JAE_Legacy_Audit/data/raw/Route_B_Legacy/1996/10.5032_jae.1996.03033.pdf,/Volumes/Clemons_Data/_Anchors/Research_Data/JAE_Legacy_Audit/data/structured/Route_B_Legacy/1996/10.5032_jae.1996.03033.json,/Volumes/Clemons_Data/_Anchors/Research_Data/JAE_Legacy_Audit/data/embeddings/Route_B_Legacy/1996/jae_54e2d4a3abd2.npz,True,True,True,True,2,False,,True,17,False,False,True,SECTION_NOT_FOUND,True,17,False,False,True,SECTION_NOT_FOUND,True,25373,False,False,False,"indicated that a majority of freshmen students were female, Caucasian, had no background in agriculture, and viewed agri"
jae_a5ef207d687d,Route_B_Legacy,1996,10.5032_jae.1996.01041.pdf,/Volumes/Clemons_Data/_Anchors/Research_Data/JAE_Legacy_Audit/data/raw/Route_B_Legacy/1996/10.5032_jae.1996.01041.pdf,/Volumes/Clemons_Data/_Anchors/Research_Data/JAE_Legacy_Audit/data/structured/Route_B_Legacy/1996/10.5032_jae.1996.01041.json,/Volumes/Clemons_Data/_Anchors/Research_Data/JAE_Legacy_Audit/data/embeddings/Route_B_Legacy/1996/jae_a5ef207d687d.npz,True,True,True,True,1,False,,True,17,False,False,True,SECTION_NOT_FOUND,True,3565,False,False,False,of research for this study this study. Since no appropriate instrument was would be descriptive research. According to S,True,16961,False,False,False,of the study; demographics should be considered in developing curriculum and activities for the NYFEA. The National Youn
jae_eccbc7cdb9d6,Route_B_Legacy,1996,10.5032_jae.1996.04014.pdf,/Volumes/Clemons_Data/_Anchors/Research_Data/JAE_Legacy_Audit/data/raw/Route_B_Legacy/1996/10.5032_jae.1996.04014.pdf,/Volumes/Clemons_Data/_Anchors/Research_Data/JAE_Legacy_Audit/data/structured/Route_B_Legacy/1996/10.5032_jae.1996.04014.json,/Volumes/Clemons_Data/_Anchors/Research_Data/JAE_Legacy_Audit/data/embeddings/Route_B_Legacy/1996/jae_eccbc7cdb9d6.npz,True,True,True,True,1,False,,True,17,False,False,True,SECTION_NOT_FOUND,True,1101,False,False,False,and Procedures A data collection instrument organized in two sections was developed for this study. The Table 2 provides,True,22081,False,False,False,may have implications for internationalizing the undergraduate curriculum from a practical basis. Through the use of a v
jae_6ed450783688,Route_B_Legacy,1996,10.5032_jae.1996.01001.pdf,/Volumes/Clemons_Data/_Anchors/Research_Data/JAE_Legacy_Audit/data/raw/Route_B_Legacy/1996/10.5032_jae.1996.01001.pdf,/Volumes/Clemons_Data/_Anchors/Research_Data/JAE_Legacy_Audit/data/structured/Route_B_Legacy/1996/10.5032_jae.1996.01001.json,/Volumes/Clemons_Data/_Anchors/Research_Data/JAE_Legacy_Audit/data/embeddings/Route_B_Legacy/1996/jae_6ed450783688.npz,True,True,True,True,1,False,,True,17,False,False,True,SECTION_NOT_FOUND,True,5958,False,False,False,bag addressing those needs enhance student to pump up their interest in what I was teaching. I understanding of the subj,True,25905,False,False,False,s about past or It made me wonder about the purpose of a pending school or community events. I had to deal teacher of ag
jae_07ab5efa7896,Route_B_Legacy,1996,10.5032_jae.1996.02024.pdf,/Volumes/Clemons_Data/_Anchors/Research_Data/JAE_Legacy_Audit/data/raw/Route_B_Legacy/1996/10.5032_jae.1996.02024.pdf,/Volumes/Clemons_Data/_Anchors/Research_Data/JAE_Legacy_Audit/data/structured/Route_B_Legacy/1996/10.5032_jae.1996.02024.json,/Volumes/Clemons_Data/_Anchors/Research_Data/JAE_Legacy_Audit/data/embeddings/Route_B_Legacy/1996/jae_07ab5efa7896.npz,True,True,True,True,1,False,,True,17,False,False,True,SECTION_NOT_FOUND,True,718,False,False,False,for SAE instruction; role of classroom instruction on SAE program quality; effects of SAE programs as experiential learn,True,17263,False,False,False,revealed that no standardized criteria exist by which to measure SAE program quality. Teacher attitudes and past SAE exp
jae_87e8b213dfdf,Route_B_Legacy,1996,10.5032_jae.1996.03043.pdf,/Volumes/Clemons_Data/_Anchors/Research_Data/JAE_Legacy_Audit/data/raw/Route_B_Legacy/1996/10.5032_jae.1996.03043.pdf,/Volumes/Clemons_Data/_Anchors/Research_Data/JAE_Legacy_Audit/data/structured/Route_B_Legacy/1996/10.5032_jae.1996.03043.json,/Volumes/Clemons_Data/_Anchors/Research_Data/JAE_Legacy_Audit/data/embeddings/Route_B_Legacy/1996/jae_87e8b213dfdf.npz,True,True,True,True,1,False,,True,17,False,False,True,SECTION_NOT_FOUND,True,2921,False,False,False,", and that the selection of the proper method is critical to Research on the learning styles of students the learning st",True,20684,False,False,False,"indicated that three distinct learning styles were present in high school agriculture classes (fieldindependent, field-d"
jae_8d34d29bfa55,Route_B_Legacy,1996,10.5032_jae.1996.04038.pdf,/Volumes/Clemons_Data/_Anchors/Research_Data/JAE_Legacy_Audit/data/raw/Route_B_Legacy/1996/10.5032_jae.1996.04038.pdf,/Volumes/Clemons_Data/_Anchors/Research_Data/JAE_Legacy_Audit/data/structured/Route_B_Legacy/1996/10.5032_jae.1996.04038.json,/Volumes/Clemons_Data/_Anchors/Research_Data/JAE_Legacy_Audit/data/embeddings/Route_B_Legacy/1996/jae_8d34d29bfa55.npz,True,True,True,False,0,True,,True,4554,False,False,False,for this study was solving approach has been widely accepted and founded in Mitzel’s conceptual model for the study reco,True,1792,False,False,False,which have is not complimentary to the use of problem solving for years been practiced and proclaimed with almost instru,True,17145,False,False,False,"indicated that the majority of males were field-independent learners, whereas slightly less than half of the female stud"
jae_3c4c5d3c7b7d,Route_B_Legacy,1996,10.5032_jae.1996.03001.pdf,/Volumes/Clemons_Data/_Anchors/Research_Data/JAE_Legacy_Audit/data/raw/Route_B_Legacy/1996/10.5032_jae.1996.03001.pdf,/Volumes/Clemons_Data/_Anchors/Research_Data/JAE_Legacy_Audit/data/structured/Route_B_Legacy/1996/10.5032_jae.1996.03001.json,/Volumes/Clemons_Data/_Anchors/Research_Data/JAE_Legacy_Audit/data/embeddings/Route_B_Legacy/1996/jae_3c4c5d3c7b7d.npz,True,True,True,True,1,False,,True,17,False,False,True,SECTION_NOT_FOUND,True,4629,False,False,False,in rural development: needs assessment and incorporating public schools in the development process. The strategy provide,True,17489,False,False,False,". objectives were to: 1. Identify the process of implementing a time, and resources in order to be accurate and school-b"
jae_60c76c6370b1,Route_B_Legacy,1996,10.5032_jae.1996.03067.pdf,/Volumes/Clemons_Data/_Anchors/Research_Data/JAE_Legacy_Audit/data/raw/Route_B_Legacy/1996/10.5032_jae.1996.03067.pdf,/Volumes/Clemons_Data/_Anchors/Research_Data/JAE_Legacy_Audit/data/structured/Route_B_Legacy/1996/10.5032_jae.1996.03067.json,/Volumes/Clemons_Data/_Anchors/Research_Data/JAE_Legacy_Audit/data/embeddings/Route_B_Legacy/1996/jae_60c76c6370b1.npz,True,True,True,True,1,False,,True,17,False,False,True,SECTION_NOT_FOUND,True,2336,False,False,False,mail survey instrument. The instrument was asked respondents to supply information about Journal of Agricultural Educati,True,20416,False,False,False,"indicated that most students enrolled in secondary programs and FFA were white, and that the extent to which secondary a"
jae_71f932c1257d,Route_B_Legacy,1996,10.5032_jae.1996.02034.pdf,/Volumes/Clemons_Data/_Anchors/Research_Data/JAE_Legacy_Audit/data/raw/Route_B_Legacy/1996/10.5032_jae.1996.02034.pdf,/Volumes/Clemons_Data/_Anchors/Research_Data/JAE_Legacy_Audit/data/structured/Route_B_Legacy/1996/10.5032_jae.1996.02034.json,/Volumes/Clemons_Data/_Anchors/Research_Data/JAE_Legacy_Audit/data/embeddings/Route_B_Legacy/1996/jae_71f932c1257d.npz,True,True,True,True,1,False,,True,17,False,False,True,SECTION_NOT_FOUND,True,3440,False,False,False,"and practices be incorporated into appropriate units and lessons, and that hearing protection equipment be provided by t",True,10620,False,False,False,"Thirty six of the 46 instructors, or 78.3%, were their schools furnish hearing protection, while 46% found to have some "
jae_9b748272eaa1,Route_B_Legacy,1996,10.5032_jae.1996.04046.pdf,/Volumes/Clemons_Data/_Anchors/Research_Data/JAE_Legacy_Audit/data/raw/Route_B_Legacy/1996/10.5032_jae.1996.04046.pdf,/Volumes/Clemons_Data/_Anchors/Research_Data/JAE_Legacy_Audit/data/structured/Route_B_Legacy/1996/10.5032_jae.1996.04046.json,/Volumes/Clemons_Data/_Anchors/Research_Data/JAE_Legacy_Audit/data/embeddings/Route_B_Legacy/1996/jae_9b748272eaa1.npz,True,True,True,True,2,False,,True,17,False,False,True,SECTION_NOT_FOUND,True,17,False,False,True,SECTION_NOT_FOUND,True,20125,False,False,False,from this study revealed that the profile of a typical Indiana 4-H volunteer during 1994 was remarkably similar to profi
jae_2ea353981d6d,Route_B_Legacy,1996,10.5032_jae.1996.04001.pdf,/Volumes/Clemons_Data/_Anchors/Research_Data/JAE_Legacy_Audit/data/raw/Route_B_Legacy/1996/10.5032_jae.1996.04001.pdf,/Volumes/Clemons_Data/_Anchors/Research_Data/JAE_Legacy_Audit/data/structured/Route_B_Legacy/1996/10.5032_jae.1996.04001.json,/Volumes/Clemons_Data/_Anchors/Research_Data/JAE_Legacy_Audit/data/embeddings/Route_B_Legacy/1996/jae_2ea353981d6d.npz,True,True,True,True,2,False,,True,17,False,False,True,SECTION_NOT_FOUND,True,17,False,False,True,SECTION_NOT_FOUND,True,13285,False,False,False,"This section is organized according to the objectives of this paper. In the first part, the types of performance measure"
jae_b134ea7fd451,Route_B_Legacy,1996,10.5032_jae.1996.02040.pdf,/Volumes/Clemons_Data/_Anchors/Research_Data/JAE_Legacy_Audit/data/raw/Route_B_Legacy/1996/10.5032_jae.1996.02040.pdf,/Volumes/Clemons_Data/_Anchors/Research_Data/JAE_Legacy_Audit/data/structured/Route_B_Legacy/1996/10.5032_jae.1996.02040.json,/Volumes/Clemons_Data/_Anchors/Research_Data/JAE_Legacy_Audit/data/embeddings/Route_B_Legacy/1996/jae_b134ea7fd451.npz,True,True,True,True,1,False,,True,17,False,False,True,SECTION_NOT_FOUND,True,2186,False,False,False,A modified Delphi study using a panel of 15 experts was undertaken to identify the The instruments used in the second an,True,13973,False,False,False,"evident in 0 indicating ""no importance"" and 6 indicating a state Extension system that is ""critical importance"". The Del"
jae_b3e4b2eba512,Route_B_Legacy,1996,10.5032_jae.1996.02047.pdf,/Volumes/Clemons_Data/_Anchors/Research_Data/JAE_Legacy_Audit/data/raw/Route_B_Legacy/1996/10.5032_jae.1996.02047.pdf,/Volumes/Clemons_Data/_Anchors/Research_Data/JAE_Legacy_Audit/data/structured/Route_B_Legacy/1996/10.5032_jae.1996.02047.json,/Volumes/Clemons_Data/_Anchors/Research_Data/JAE_Legacy_Audit/data/embeddings/Route_B_Legacy/1996/jae_b3e4b2eba512.npz,True,True,True,True,1,False,,True,17,False,False,True,SECTION_NOT_FOUND,True,2118,False,False,False,"and Procedures year at the beginning of the 1993-1994 school year Journal of Agricultural Education Vol. 37, No. 2, 1996",True,19204,False,False,False,"resources when helping students plan their SAEPs instead of poor results, and allow students to experi- (Experiencing Ag"
jae_918f97c41fa6,Route_B_Legacy,1996,10.5032_jae.1996.01015.pdf,/Volumes/Clemons_Data/_Anchors/Research_Data/JAE_Legacy_Audit/data/raw/Route_B_Legacy/1996/10.5032_jae.1996.01015.pdf,/Volumes/Clemons_Data/_Anchors/Research_Data/JAE_Legacy_Audit/data/structured/Route_B_Legacy/1996/10.5032_jae.1996.01015.json,/Volumes/Clemons_Data/_Anchors/Research_Data/JAE_Legacy_Audit/data/embeddings/Route_B_Legacy/1996/jae_918f97c41fa6.npz,True,True,True,True,1,False,,True,17,False,False,True,SECTION_NOT_FOUND,True,2437,False,False,False,of Purpose and Objectives The purpose of this correlational study was to Instrumentation explain variance in the mathema,True,17127,False,False,False,show a lack of competence in mathematical problem-solving among the preservice agricultural educators in the study. Also
jae_a6d9eef25975,Route_B_Legacy,1996,10.5032_jae.1996.03059.pdf,/Volumes/Clemons_Data/_Anchors/Research_Data/JAE_Legacy_Audit/data/raw/Route_B_Legacy/1996/10.5032_jae.1996.03059.pdf,/Volumes/Clemons_Data/_Anchors/Research_Data/JAE_Legacy_Audit/data/structured/Route_B_Legacy/1996/10.5032_jae.1996.03059.json,/Volumes/Clemons_Data/_Anchors/Research_Data/JAE_Legacy_Audit/data/embeddings/Route_B_Legacy/1996/jae_a6d9eef25975.npz,True,True,True,True,3,False,,True,17,False,False,True,SECTION_NOT_FOUND,True,15,False,False,True,", insignificant",True,20010,False,True,False,demonstrated that the subjects learned from Extension publications and achieved higher-levels of cognition. Cognition wa
jae_5890ade2e6b5,Route_B_Legacy,1996,10.5032_jae.1996.01022.pdf,/Volumes/Clemons_Data/_Anchors/Research_Data/JAE_Legacy_Audit/data/raw/Route_B_Legacy/1996/10.5032_jae.1996.01022.pdf,/Volumes/Clemons_Data/_Anchors/Research_Data/JAE_Legacy_Audit/data/structured/Route_B_Legacy/1996/10.5032_jae.1996.01022.json,/Volumes/Clemons_Data/_Anchors/Research_Data/JAE_Legacy_Audit/data/embeddings/Route_B_Legacy/1996/jae_5890ade2e6b5.npz,True,True,True,True,1,False,,True,17,False,False,True,SECTION_NOT_FOUND,True,6785,False,False,False,"AND TEACHER SCIENCE COURSE WORK Donald M. Johnson, Associate Professor University of Arkansas Abstract Arkansas agricult",True,17014,False,False,False,"of instructions and items, minor wording changes were made. Next, the revised instrument was reviewed for face and conte"
jae_6dc54c59bd27,Route_B_Legacy,1996,10.5032_jae.1996.03009.pdf,/Volumes/Clemons_Data/_Anchors/Research_Data/JAE_Legacy_Audit/data/raw/Route_B_Legacy/1996/10.5032_jae.1996.03009.pdf,/Volumes/Clemons_Data/_Anchors/Research_Data/JAE_Legacy_Audit/data/structured/Route_B_Legacy/1996/10.5032_jae.1996.03009.json,/Volumes/Clemons_Data/_Anchors/Research_Data/JAE_Legacy_Audit/data/embeddings/Route_B_Legacy/1996/jae_6dc54c59bd27.npz,True,True,True,False,0,True,,True,255,False,False,False,"for this study. According agriculture. An ad hoc committee, composed of six to Robbins (1993), expectancy theory posits ",True,3200,False,False,False,of expectation and outcome: securing science credit. The committee met for the first time in to act in a certain way [mo,True,24773,False,False,False,"indicated that: (a) Arkansas agriculture teachers strongly support granting science credit for agriculture, and (b) that"
jae_b6b968ea8952,Route_B_Legacy,1996,10.5032_jae.1996.01031.pdf,/Volumes/Clemons_Data/_Anchors/Research_Data/JAE_Legacy_Audit/data/raw/Route_B_Legacy/1996/10.5032_jae.1996.01031.pdf,/Volumes/Clemons_Data/_Anchors/Research_Data/JAE_Legacy_Audit/data/structured/Route_B_Legacy/1996/10.5032_jae.1996.01031.json,/Volumes/Clemons_Data/_Anchors/Research_Data/JAE_Legacy_Audit/data/embeddings/Route_B_Legacy/1996/jae_b6b968ea8952.npz,True,True,True,False,0,True,,True,5258,False,False,False,for this three-organization model? study is a comprehensive list of 21 primary goals for Demand still exists for local a,True,1902,False,False,False,and statistics. Reliability was assessed using a two-week test-retest procedure and determining percentage of agreement ,True,13879,False,False,False,"and Conclusions Objective 2 two of the questionnaire, it was most common for Journal of Agricultural Education Vol. 37, "
jae_e3b15d47c538,Route_B_Legacy,1996,10.5032_jae.1996.02008.pdf,/Volumes/Clemons_Data/_Anchors/Research_Data/JAE_Legacy_Audit/data/raw/Route_B_Legacy/1996/10.5032_jae.1996.02008.pdf,/Volumes/Clemons_Data/_Anchors/Research_Data/JAE_Legacy_Audit/data/structured/Route_B_Legacy/1996/10.5032_jae.1996.02008.json,/Volumes/Clemons_Data/_Anchors/Research_Data/JAE_Legacy_Audit/data/embeddings/Route_B_Legacy/1996/jae_e3b15d47c538.npz,True,True,True,True,2,False,,True,17,False,False,True,SECTION_NOT_FOUND,True,17,False,False,True,SECTION_NOT_FOUND,True,24490,False,False,False,indicated a significant relationship between teacher attitude toward proficiency awards and teacher attitude toward supe
jae_22d1877e9343,Route_B_Legacy,1996,10.5032_jae.1996.03052.pdf,/Volumes/Clemons_Data/_Anchors/Research_Data/JAE_Legacy_Audit/data/raw/Route_B_Legacy/1996/10.5032_jae.1996.03052.pdf,/Volumes/Clemons_Data/_Anchors/Research_Data/JAE_Legacy_Audit/data/structured/Route_B_Legacy/1996/10.5032_jae.1996.03052.json,/Volumes/Clemons_Data/_Anchors/Research_Data/JAE_Legacy_Audit/data/embeddings/Route_B_Legacy/1996/jae_22d1877e9343.npz,True,True,True,False,0,True,,True,851,False,False,False,The purpose of the study was to identify and using the Borich model by stating that the inservice prioritize the inservi,True,2741,False,False,False,of receiving The beginning agriculture teachers and inservice education? members of the Joint State Staff were asked to ,True,15273,False,False,False,was limited to the and assisting students with SAEP records. populations of the study. Although many studies have provid
jae_f2e36c8708a1,Route_B_Legacy,1996,10.5032_jae.1996.01048.pdf,/Volumes/Clemons_Data/_Anchors/Research_Data/JAE_Legacy_Audit/data/raw/Route_B_Legacy/1996/10.5032_jae.1996.01048.pdf,/Volumes/Clemons_Data/_Anchors/Research_Data/JAE_Legacy_Audit/data/structured/Route_B_Legacy/1996/10.5032_jae.1996.01048.json,/Volumes/Clemons_Data/_Anchors/Research_Data/JAE_Legacy_Audit/data/embeddings/Route_B_Legacy/1996/jae_f2e36c8708a1.npz,True,True,True,True,1,False,,True,17,False,False,True,SECTION_NOT_FOUND,True,5681,False,False,False,". Crunkilton (1988), in his address to With regard to student teachers' use of the the American Association for Agricult",True,10914,False,False,False,beyond the accessible using one of Davis' (1971) descriptors. The alpha samples. level was established a priori at .05. 
jae_8de02e2646ad,Route_B_Legacy,1996,10.5032_jae.1996.01056.pdf,/Volumes/Clemons_Data/_Anchors/Research_Data/JAE_Legacy_Audit/data/raw/Route_B_Legacy/1996/10.5032_jae.1996.01056.pdf,/Volumes/Clemons_Data/_Anchors/Research_Data/JAE_Legacy_Audit/data/structured/Route_B_Legacy/1996/10.5032_jae.1996.01056.json,/Volumes/Clemons_Data/_Anchors/Research_Data/JAE_Legacy_Audit/data/embeddings/Route_B_Legacy/1996/jae_8de02e2646ad.npz,True,True,True,True,2,False,,True,17,False,False,True,SECTION_NOT_FOUND,True,17,False,False,True,SECTION_NOT_FOUND,True,19257,False,False,False,"in this study indicate that teachers in Pennsylvania want to develop a strategic plan for the state. Moreover, the teach"
jae_a92b4dce6ccc,Route_B_Legacy,1996,10.5032_jae.1996.04023.pdf,/Volumes/Clemons_Data/_Anchors/Research_Data/JAE_Legacy_Audit/data/raw/Route_B_Legacy/1996/10.5032_jae.1996.04023.pdf,/Volumes/Clemons_Data/_Anchors/Research_Data/JAE_Legacy_Audit/data/structured/Route_B_Legacy/1996/10.5032_jae.1996.04023.json,/Volumes/Clemons_Data/_Anchors/Research_Data/JAE_Legacy_Audit/data/embeddings/Route_B_Legacy/1996/jae_a92b4dce6ccc.npz,True,True,True,True,2,False,,True,17,False,False,True,SECTION_NOT_FOUND,True,17,False,False,True,SECTION_NOT_FOUND,True,20977,False,False,False,"of this activity are shown in Figure 1 and formula S-->R, or stimuli cause responses, implying Figure 2. The figures ind"
jae_a31f0214e17b,Route_B_Legacy,1997,10.5032_jae.1997.03001.pdf,/Volumes/Clemons_Data/_Anchors/Research_Data/JAE_Legacy_Audit/data/raw/Route_B_Legacy/1997/10.5032_jae.1997.03001.pdf,/Volumes/Clemons_Data/_Anchors/Research_Data/JAE_Legacy_Audit/data/structured/Route_B_Legacy/1997/10.5032_jae.1997.03001.json,/Volumes/Clemons_Data/_Anchors/Research_Data/JAE_Legacy_Audit/data/embeddings/Route_B_Legacy/1997/jae_a31f0214e17b.npz,True,True,True,True,1,False,,True,17,False,False,True,SECTION_NOT_FOUND,True,5650,False,False,False,to assess their value. Collections of instructional materials are an integral part of high school agriculture department,True,11420,False,False,False,in a drastic drop in number of cases. Some critical differences not considered in the matching might have affected the r
jae_6a680660f7e7,Route_B_Legacy,1997,10.5032_jae.1997.03059.pdf,/Volumes/Clemons_Data/_Anchors/Research_Data/JAE_Legacy_Audit/data/raw/Route_B_Legacy/1997/10.5032_jae.1997.03059.pdf,/Volumes/Clemons_Data/_Anchors/Research_Data/JAE_Legacy_Audit/data/structured/Route_B_Legacy/1997/10.5032_jae.1997.03059.json,/Volumes/Clemons_Data/_Anchors/Research_Data/JAE_Legacy_Audit/data/embeddings/Route_B_Legacy/1997/jae_6a680660f7e7.npz,True,True,True,True,3,False,,True,17,False,False,True,SECTION_NOT_FOUND,True,17,False,False,True,SECTION_NOT_FOUND,True,17,False,False,True,SECTION_NOT_FOUND
jae_b5f70c18dc32,Route_B_Legacy,1997,10.5032_jae.1997.01054.pdf,/Volumes/Clemons_Data/_Anchors/Research_Data/JAE_Legacy_Audit/data/raw/Route_B_Legacy/1997/10.5032_jae.1997.01054.pdf,/Volumes/Clemons_Data/_Anchors/Research_Data/JAE_Legacy_Audit/data/structured/Route_B_Legacy/1997/10.5032_jae.1997.01054.json,/Volumes/Clemons_Data/_Anchors/Research_Data/JAE_Legacy_Audit/data/embeddings/Route_B_Legacy/1997/jae_b5f70c18dc32.npz,True,True,True,True,2,False,,True,17,False,False,True,SECTION_NOT_FOUND,True,17,False,False,True,SECTION_NOT_FOUND,True,17635,False,False,False,indicate that teachers were most concerned about obstacles related to scheduling problems and difficulties associated wi
jae_289056d574af,Route_B_Legacy,1997,10.5032_jae.1997.01038.pdf,/Volumes/Clemons_Data/_Anchors/Research_Data/JAE_Legacy_Audit/data/raw/Route_B_Legacy/1997/10.5032_jae.1997.01038.pdf,/Volumes/Clemons_Data/_Anchors/Research_Data/JAE_Legacy_Audit/data/structured/Route_B_Legacy/1997/10.5032_jae.1997.01038.json,/Volumes/Clemons_Data/_Anchors/Research_Data/JAE_Legacy_Audit/data/embeddings/Route_B_Legacy/1997/jae_289056d574af.npz,True,True,True,False,0,True,,True,617,False,False,False,The purpose of this study was to describe the learning preferences of secondary teachers and students of agricultural ed,True,386,False,False,False,of teaching that were most compatible with students’ preferred learning styles. “If students cannot learn in the way the,True,15421,False,False,False,"(Dunn & Dunn, 1979; Claxton & Murell, 1987) have indicated that when teaching methods were governed by student learning "
jae_7471d06fdaca,Route_B_Legacy,1997,10.5032_jae.1997.03051.pdf,/Volumes/Clemons_Data/_Anchors/Research_Data/JAE_Legacy_Audit/data/raw/Route_B_Legacy/1997/10.5032_jae.1997.03051.pdf,/Volumes/Clemons_Data/_Anchors/Research_Data/JAE_Legacy_Audit/data/structured/Route_B_Legacy/1997/10.5032_jae.1997.03051.json,/Volumes/Clemons_Data/_Anchors/Research_Data/JAE_Legacy_Audit/data/embeddings/Route_B_Legacy/1997/jae_7471d06fdaca.npz,True,True,True,False,0,True,,True,487,False,False,False,The purpose of the study was to identify and prioritize the inservice needs of beginning teachers of agriculture in the ,True,2055,False,False,False,in which respondents provided data that could be weighted and ranked in order of priority. Borich (1980) stated that “..,True,16413,False,False,False,"of the Borich needs assessment model, I2 competencies were identified as having a greater need for inservice education. "
jae_a01867d1748a,Route_B_Legacy,1997,10.5032_jae.1997.04042.pdf,/Volumes/Clemons_Data/_Anchors/Research_Data/JAE_Legacy_Audit/data/raw/Route_B_Legacy/1997/10.5032_jae.1997.04042.pdf,/Volumes/Clemons_Data/_Anchors/Research_Data/JAE_Legacy_Audit/data/structured/Route_B_Legacy/1997/10.5032_jae.1997.04042.json,/Volumes/Clemons_Data/_Anchors/Research_Data/JAE_Legacy_Audit/data/embeddings/Route_B_Legacy/1997/jae_a01867d1748a.npz,True,True,True,True,1,False,,True,17,False,False,True,SECTION_NOT_FOUND,True,3522,False,False,False,"were used in a synergistic effort to study leadership (Btyman, Bresnen, and Beadsworth (1988). Borg and Gall (1989) advo",True,17926,False,False,False,were supportive of both the transformational theory of leadership and Kouzes and Posner’s emphasis on the leadership pra
jae_b2ce735940e6,Route_B_Legacy,1997,10.5032_jae.1997.02049.pdf,/Volumes/Clemons_Data/_Anchors/Research_Data/JAE_Legacy_Audit/data/raw/Route_B_Legacy/1997/10.5032_jae.1997.02049.pdf,/Volumes/Clemons_Data/_Anchors/Research_Data/JAE_Legacy_Audit/data/structured/Route_B_Legacy/1997/10.5032_jae.1997.02049.json,/Volumes/Clemons_Data/_Anchors/Research_Data/JAE_Legacy_Audit/data/embeddings/Route_B_Legacy/1997/jae_b2ce735940e6.npz,True,True,True,True,1,False,,True,17,False,False,True,SECTION_NOT_FOUND,True,3574,False,False,False,"A descriptive survey in the form of a mail questionnaire, using a total population sample, consisting of all secondary s",True,19467,False,False,False,"provided a snapshot of SAE in New York state, showed measurements of secondary school teacher attitudes toward various a"
jae_a50c103f5556,Route_B_Legacy,1997,10.5032_jae.1997.03036.pdf,/Volumes/Clemons_Data/_Anchors/Research_Data/JAE_Legacy_Audit/data/raw/Route_B_Legacy/1997/10.5032_jae.1997.03036.pdf,/Volumes/Clemons_Data/_Anchors/Research_Data/JAE_Legacy_Audit/data/structured/Route_B_Legacy/1997/10.5032_jae.1997.03036.json,/Volumes/Clemons_Data/_Anchors/Research_Data/JAE_Legacy_Audit/data/embeddings/Route_B_Legacy/1997/jae_a50c103f5556.npz,True,True,True,False,0,True,,True,843,False,False,False,to the Generalizability Theory approach to assessing the reliability of measurements. It also provides an overview of th,True,6307,False,False,False,"is variance components estimation, usually in random linear models. While GT does provide coefficients that are analogou",True,19794,False,False,False,"from a study, the need to assess reliability of measurements is generally recognized and measures of reliability are rep"
jae_883283b0e591,Route_B_Legacy,1997,10.5032_jae.1997.01046.pdf,/Volumes/Clemons_Data/_Anchors/Research_Data/JAE_Legacy_Audit/data/raw/Route_B_Legacy/1997/10.5032_jae.1997.01046.pdf,/Volumes/Clemons_Data/_Anchors/Research_Data/JAE_Legacy_Audit/data/structured/Route_B_Legacy/1997/10.5032_jae.1997.01046.json,/Volumes/Clemons_Data/_Anchors/Research_Data/JAE_Legacy_Audit/data/embeddings/Route_B_Legacy/1997/jae_883283b0e591.npz,True,True,True,True,1,False,,True,17,False,False,True,SECTION_NOT_FOUND,True,3752,False,False,False,Population and Sample The target population for this study was 390 faculty members in the College of Agricultural Scienc,True,16152,False,False,False,". In a study conducted at Harvard by Perry (1970), the relationship between epistemological development in college stude"
jae_8f6b93631b55,Route_B_Legacy,1997,10.5032_jae.1997.01061.pdf,/Volumes/Clemons_Data/_Anchors/Research_Data/JAE_Legacy_Audit/data/raw/Route_B_Legacy/1997/10.5032_jae.1997.01061.pdf,/Volumes/Clemons_Data/_Anchors/Research_Data/JAE_Legacy_Audit/data/structured/Route_B_Legacy/1997/10.5032_jae.1997.01061.json,/Volumes/Clemons_Data/_Anchors/Research_Data/JAE_Legacy_Audit/data/embeddings/Route_B_Legacy/1997/jae_8f6b93631b55.npz,True,True,True,False,0,True,,True,1190,False,False,False,"to agriculture careers during these years allows for career exploration. For the adolescent, it moves the process of car",True,1035,False,False,False,and Procedures The design of the study was a descriptive survey. The population of the study was the 126 secondary agric,True,8124,False,False,False,"were used to plan, implement and deliver inservice education programs for junior high/middle school agricultural educati"
jae_afc1c9235820,Route_B_Legacy,1997,10.5032_jae.1997.02021.pdf,/Volumes/Clemons_Data/_Anchors/Research_Data/JAE_Legacy_Audit/data/raw/Route_B_Legacy/1997/10.5032_jae.1997.02021.pdf,/Volumes/Clemons_Data/_Anchors/Research_Data/JAE_Legacy_Audit/data/structured/Route_B_Legacy/1997/10.5032_jae.1997.02021.json,/Volumes/Clemons_Data/_Anchors/Research_Data/JAE_Legacy_Audit/data/embeddings/Route_B_Legacy/1997/jae_afc1c9235820.npz,True,True,True,False,0,True,,True,3705,False,False,False,"In theory, assumed relationships among knowledge, attitude, and behavior suggest that as a person becomes more knowledge",True,4885,False,False,False,and Procedures Two pre-experimental designs were used in this investigation involving academically talented minority hig,True,21694,False,False,False,". Undergraduates who pursue food and agricultural sciences (FAS) majors must be proficient in biology, botany, chemistry"
jae_a68bf24cb7ce,Route_B_Legacy,1997,10.5032_jae.1997.04050.pdf,/Volumes/Clemons_Data/_Anchors/Research_Data/JAE_Legacy_Audit/data/raw/Route_B_Legacy/1997/10.5032_jae.1997.04050.pdf,/Volumes/Clemons_Data/_Anchors/Research_Data/JAE_Legacy_Audit/data/structured/Route_B_Legacy/1997/10.5032_jae.1997.04050.json,/Volumes/Clemons_Data/_Anchors/Research_Data/JAE_Legacy_Audit/data/embeddings/Route_B_Legacy/1997/jae_a68bf24cb7ce.npz,True,True,True,True,2,False,,True,17,False,False,True,SECTION_NOT_FOUND,True,17,False,False,True,SECTION_NOT_FOUND,True,15739,False,False,False,on aspects of SAE is needed to “provide the profession a basis on which to make decisions and base future research effor
jae_217ecaa3eedd,Route_B_Legacy,1997,10.5032_jae.1997.04001.pdf,/Volumes/Clemons_Data/_Anchors/Research_Data/JAE_Legacy_Audit/data/raw/Route_B_Legacy/1997/10.5032_jae.1997.04001.pdf,/Volumes/Clemons_Data/_Anchors/Research_Data/JAE_Legacy_Audit/data/structured/Route_B_Legacy/1997/10.5032_jae.1997.04001.json,/Volumes/Clemons_Data/_Anchors/Research_Data/JAE_Legacy_Audit/data/embeddings/Route_B_Legacy/1997/jae_217ecaa3eedd.npz,True,True,True,False,0,True,,True,4413,False,False,False,to Agriscience Prep/Visits Figure 1. Agricultural Educator’s Class Schedule on Block Scheduling TIME 7:50 - 9:15 a.m. 9:,True,2408,False,False,False,and Procedures Instrument A survey instrument was sent to the senior agricultural teacher in every secondary agricultura,True,15756,False,False,False,"and/or Findings Current Status of Block Scheduling in North Carolina As shown in Figure 3, thirty-four (24%) of the scho"
jae_bf3cd592cf80,Route_B_Legacy,1997,10.5032_jae.1997.02038.pdf,/Volumes/Clemons_Data/_Anchors/Research_Data/JAE_Legacy_Audit/data/raw/Route_B_Legacy/1997/10.5032_jae.1997.02038.pdf,/Volumes/Clemons_Data/_Anchors/Research_Data/JAE_Legacy_Audit/data/structured/Route_B_Legacy/1997/10.5032_jae.1997.02038.json,/Volumes/Clemons_Data/_Anchors/Research_Data/JAE_Legacy_Audit/data/embeddings/Route_B_Legacy/1997/jae_bf3cd592cf80.npz,True,True,True,True,2,False,,True,17,False,False,True,SECTION_NOT_FOUND,True,17,False,False,True,SECTION_NOT_FOUND,True,16762,False,False,False,"of other relevant studies (Birkenholz, 1986; Eaddy, 1986; Herring, Marshall, and Briers, 1989; Rossetti, Elliot, Price, "
jae_687b8cc6f3bd,Route_B_Legacy,1997,10.5032_jae.1997.04011.pdf,/Volumes/Clemons_Data/_Anchors/Research_Data/JAE_Legacy_Audit/data/raw/Route_B_Legacy/1997/10.5032_jae.1997.04011.pdf,/Volumes/Clemons_Data/_Anchors/Research_Data/JAE_Legacy_Audit/data/structured/Route_B_Legacy/1997/10.5032_jae.1997.04011.json,/Volumes/Clemons_Data/_Anchors/Research_Data/JAE_Legacy_Audit/data/embeddings/Route_B_Legacy/1997/jae_687b8cc6f3bd.npz,True,True,True,True,1,False,,True,17,False,False,True,SECTION_NOT_FOUND,True,4792,False,False,False,/Procedures The population for this descriptive survey study was defined as secondary agricultural education teachers gr,True,19307,False,False,False,". Like all vocational-technical education teachers, a basic responsibility of the agricultural education teacher is to i"
jae_3588a46a9b5e,Route_B_Legacy,1997,10.5032_jae.1997.03028.pdf,/Volumes/Clemons_Data/_Anchors/Research_Data/JAE_Legacy_Audit/data/raw/Route_B_Legacy/1997/10.5032_jae.1997.03028.pdf,/Volumes/Clemons_Data/_Anchors/Research_Data/JAE_Legacy_Audit/data/structured/Route_B_Legacy/1997/10.5032_jae.1997.03028.json,/Volumes/Clemons_Data/_Anchors/Research_Data/JAE_Legacy_Audit/data/embeddings/Route_B_Legacy/1997/jae_3588a46a9b5e.npz,True,True,True,True,1,False,,True,17,False,False,True,SECTION_NOT_FOUND,True,4108,False,False,False,"and statistics. Participation in regional/national research conferences, e.g., National Agricultural Education Research ",True,16698,False,False,False,among agricultural education graduate students and their mentors and to guide individualized action by graduate students
jae_878137f75d38,Route_B_Legacy,1997,10.5032_jae.1997.03009.pdf,/Volumes/Clemons_Data/_Anchors/Research_Data/JAE_Legacy_Audit/data/raw/Route_B_Legacy/1997/10.5032_jae.1997.03009.pdf,/Volumes/Clemons_Data/_Anchors/Research_Data/JAE_Legacy_Audit/data/structured/Route_B_Legacy/1997/10.5032_jae.1997.03009.json,/Volumes/Clemons_Data/_Anchors/Research_Data/JAE_Legacy_Audit/data/embeddings/Route_B_Legacy/1997/jae_878137f75d38.npz,True,True,True,False,0,True,,True,2028,False,False,False,"In recent years, almost all major science curriculum development projects have promoted hands-on, practical activities a",True,8590,False,False,False,"were equally eflective in reinforcing student subject matter learning. For both replications, students participating in ",True,23862,False,False,False,"were stable across both replications, regardless of the subject matter (Ohm 's Law or incline plane). For both the Ohm '"
jae_04e1e9277f15,Route_B_Legacy,1997,10.5032_jae.1997.02030.pdf,/Volumes/Clemons_Data/_Anchors/Research_Data/JAE_Legacy_Audit/data/raw/Route_B_Legacy/1997/10.5032_jae.1997.02030.pdf,/Volumes/Clemons_Data/_Anchors/Research_Data/JAE_Legacy_Audit/data/structured/Route_B_Legacy/1997/10.5032_jae.1997.02030.json,/Volumes/Clemons_Data/_Anchors/Research_Data/JAE_Legacy_Audit/data/embeddings/Route_B_Legacy/1997/jae_04e1e9277f15.npz,True,True,True,True,1,False,,True,17,False,False,True,SECTION_NOT_FOUND,True,1658,False,False,False,/Procedures Descriptive-survey research methods were used to collect data for the study. The target population was all p,True,10592,False,False,False,"from the sample were generalizable to the population from which it was gathered. However, some respondents indicated the"
jae_dc2ee3cd4fa8,Route_B_Legacy,1997,10.5032_jae.1997.01001.pdf,/Volumes/Clemons_Data/_Anchors/Research_Data/JAE_Legacy_Audit/data/raw/Route_B_Legacy/1997/10.5032_jae.1997.01001.pdf,/Volumes/Clemons_Data/_Anchors/Research_Data/JAE_Legacy_Audit/data/structured/Route_B_Legacy/1997/10.5032_jae.1997.01001.json,/Volumes/Clemons_Data/_Anchors/Research_Data/JAE_Legacy_Audit/data/embeddings/Route_B_Legacy/1997/jae_dc2ee3cd4fa8.npz,True,True,True,True,1,False,,True,17,False,False,True,SECTION_NOT_FOUND,True,7711,False,False,False,", but I ask you to believe that I have honorable motives. The following are a few things I have come to feel strongly ab",True,3515,False,False,False,for all concerned. I think we failed to do this at the height of the trials and tribulations of the Council. As a result
jae_a77a2e2b72ca,Route_B_Legacy,1997,10.5032_jae.1997.02001.pdf,/Volumes/Clemons_Data/_Anchors/Research_Data/JAE_Legacy_Audit/data/raw/Route_B_Legacy/1997/10.5032_jae.1997.02001.pdf,/Volumes/Clemons_Data/_Anchors/Research_Data/JAE_Legacy_Audit/data/structured/Route_B_Legacy/1997/10.5032_jae.1997.02001.json,/Volumes/Clemons_Data/_Anchors/Research_Data/JAE_Legacy_Audit/data/embeddings/Route_B_Legacy/1997/jae_a77a2e2b72ca.npz,True,True,True,True,2,False,,True,17,False,False,True,SECTION_NOT_FOUND,True,17,False,False,True,SECTION_NOT_FOUND,True,19535,False,False,False,"from this study revealed three primary motivations which influence people to volunteer: Youth (issue/cause motive), the "
jae_b3a88aacfecd,Route_B_Legacy,1997,10.5032_jae.1997.04030.pdf,/Volumes/Clemons_Data/_Anchors/Research_Data/JAE_Legacy_Audit/data/raw/Route_B_Legacy/1997/10.5032_jae.1997.04030.pdf,/Volumes/Clemons_Data/_Anchors/Research_Data/JAE_Legacy_Audit/data/structured/Route_B_Legacy/1997/10.5032_jae.1997.04030.json,/Volumes/Clemons_Data/_Anchors/Research_Data/JAE_Legacy_Audit/data/embeddings/Route_B_Legacy/1997/jae_b3a88aacfecd.npz,True,True,True,False,0,True,,True,4696,False,False,False,The motivational theory developed by McClelland (1987) was selected for the theoretical foundation of the study. McClell,True,4242,False,False,False,"The population for this study was all of the approximately 15,000 students in Georgia enrolled in agricultural education",True,18236,False,False,False,The first research question was concerned with determining the motivational needs of students enrolled in secondary agri
jae_81d429613cb2,Route_B_Legacy,1997,10.5032_jae.1997.01029.pdf,/Volumes/Clemons_Data/_Anchors/Research_Data/JAE_Legacy_Audit/data/raw/Route_B_Legacy/1997/10.5032_jae.1997.01029.pdf,/Volumes/Clemons_Data/_Anchors/Research_Data/JAE_Legacy_Audit/data/structured/Route_B_Legacy/1997/10.5032_jae.1997.01029.json,/Volumes/Clemons_Data/_Anchors/Research_Data/JAE_Legacy_Audit/data/embeddings/Route_B_Legacy/1997/jae_81d429613cb2.npz,True,True,True,True,1,False,,True,1406,False,True,False,"Once skill standards are developed, they will need to be properly implemented if they are to be effective in developing ",True,2074,False,False,False,Tvpe of Research This was a descriptive research study . The research was designed to assess the attitudes of Ohio agric,True,15692,False,False,False,The instrument designed for this study was mailed to the sample of Ohio secondary agricultural teachers selected to part
jae_6588e01eea7b,Route_B_Legacy,1997,10.5032_jae.1997.01006.pdf,/Volumes/Clemons_Data/_Anchors/Research_Data/JAE_Legacy_Audit/data/raw/Route_B_Legacy/1997/10.5032_jae.1997.01006.pdf,/Volumes/Clemons_Data/_Anchors/Research_Data/JAE_Legacy_Audit/data/structured/Route_B_Legacy/1997/10.5032_jae.1997.01006.json,/Volumes/Clemons_Data/_Anchors/Research_Data/JAE_Legacy_Audit/data/embeddings/Route_B_Legacy/1997/jae_6588e01eea7b.npz,True,True,True,True,1,False,,True,17,False,False,True,SECTION_NOT_FOUND,True,826,False,False,False,"as described by LeCompte and Goetz (1982), Lincoln and Guba (1985), and Merriam (1988) to achieve dependability (i.e., r",True,18831,False,False,False,into the curriculum will help ensure that students graduate equipped to excel in their careers. Never has the need been 
jae_bd3cf1d79ec8,Route_B_Legacy,1997,10.5032_jae.1997.02015.pdf,/Volumes/Clemons_Data/_Anchors/Research_Data/JAE_Legacy_Audit/data/raw/Route_B_Legacy/1997/10.5032_jae.1997.02015.pdf,/Volumes/Clemons_Data/_Anchors/Research_Data/JAE_Legacy_Audit/data/structured/Route_B_Legacy/1997/10.5032_jae.1997.02015.json,/Volumes/Clemons_Data/_Anchors/Research_Data/JAE_Legacy_Audit/data/embeddings/Route_B_Legacy/1997/jae_bd3cf1d79ec8.npz,True,True,True,False,0,True,,True,716,False,False,False,"of sustainable agriculture into the secondary school agricultural education curriculum, Journal of Agricultural Educatio",True,2461,False,False,False,and Procedures Population and Sample The teacher population of the study included all the secondary school agricultural ,True,16227,False,False,False,of this study support the need to integrate sustainable agriculture into the secondary school agricultural education cur
jae_3c1ef61af10e,Route_B_Legacy,1997,10.5032_jae.1997.04021.pdf,/Volumes/Clemons_Data/_Anchors/Research_Data/JAE_Legacy_Audit/data/raw/Route_B_Legacy/1997/10.5032_jae.1997.04021.pdf,/Volumes/Clemons_Data/_Anchors/Research_Data/JAE_Legacy_Audit/data/structured/Route_B_Legacy/1997/10.5032_jae.1997.04021.json,/Volumes/Clemons_Data/_Anchors/Research_Data/JAE_Legacy_Audit/data/embeddings/Route_B_Legacy/1997/jae_3c1ef61af10e.npz,True,True,True,True,2,False,,True,17,False,False,True,SECTION_NOT_FOUND,True,17,False,False,True,SECTION_NOT_FOUND,True,25112,False,False,False,"were oflered. The emphasis on diversity and pluralism continues to grow in recognition of the demographic, economic, and"
jae_6fba8d4e182d,Route_B_Legacy,1997,10.5032_jae.1997.03018.pdf,/Volumes/Clemons_Data/_Anchors/Research_Data/JAE_Legacy_Audit/data/raw/Route_B_Legacy/1997/10.5032_jae.1997.03018.pdf,/Volumes/Clemons_Data/_Anchors/Research_Data/JAE_Legacy_Audit/data/structured/Route_B_Legacy/1997/10.5032_jae.1997.03018.json,/Volumes/Clemons_Data/_Anchors/Research_Data/JAE_Legacy_Audit/data/embeddings/Route_B_Legacy/1997/jae_6fba8d4e182d.npz,True,True,True,True,1,False,,True,17,False,False,True,SECTION_NOT_FOUND,True,5762,False,False,False,and a correlational design were used in this study. The dependent variable was youth leadership and life skills developm,True,19790,False,False,False,"of their study were: three variables--achievement expectancy, participation in FFA leadership activities, and gender--ex"
jae_e6a136a65e63,Route_B_Legacy,1997,10.5032_jae.1997.01021.pdf,/Volumes/Clemons_Data/_Anchors/Research_Data/JAE_Legacy_Audit/data/raw/Route_B_Legacy/1997/10.5032_jae.1997.01021.pdf,/Volumes/Clemons_Data/_Anchors/Research_Data/JAE_Legacy_Audit/data/structured/Route_B_Legacy/1997/10.5032_jae.1997.01021.json,/Volumes/Clemons_Data/_Anchors/Research_Data/JAE_Legacy_Audit/data/embeddings/Route_B_Legacy/1997/jae_e6a136a65e63.npz,True,True,True,True,2,False,,True,17,False,False,True,SECTION_NOT_FOUND,True,17,False,False,True,SECTION_NOT_FOUND,True,19487,False,False,False,"suggest that students took advantage of the convenience that videotaped instruction affords by controlling when, where a"
jae_70b2ce542b72,Route_B_Legacy,1997,10.5032_jae.1997.02059.pdf,/Volumes/Clemons_Data/_Anchors/Research_Data/JAE_Legacy_Audit/data/raw/Route_B_Legacy/1997/10.5032_jae.1997.02059.pdf,/Volumes/Clemons_Data/_Anchors/Research_Data/JAE_Legacy_Audit/data/structured/Route_B_Legacy/1997/10.5032_jae.1997.02059.json,/Volumes/Clemons_Data/_Anchors/Research_Data/JAE_Legacy_Audit/data/embeddings/Route_B_Legacy/1997/jae_70b2ce542b72.npz,True,True,True,True,1,False,,True,17,False,False,True,SECTION_NOT_FOUND,True,3533,False,False,False,Instrumentation A questionnaire was developed using “A Vocational Agriculture Teacher’s Guide To Planning Summer Program,True,10914,False,False,False,"of topics such as reasons for conflict and “show-and-tell” about science, social science, and math. However, knowledge a"
jae_e17ba0642400,Route_B_Legacy,1997,10.5032_jae.1997.04059.pdf,/Volumes/Clemons_Data/_Anchors/Research_Data/JAE_Legacy_Audit/data/raw/Route_B_Legacy/1997/10.5032_jae.1997.04059.pdf,/Volumes/Clemons_Data/_Anchors/Research_Data/JAE_Legacy_Audit/data/structured/Route_B_Legacy/1997/10.5032_jae.1997.04059.json,/Volumes/Clemons_Data/_Anchors/Research_Data/JAE_Legacy_Audit/data/embeddings/Route_B_Legacy/1997/jae_e17ba0642400.npz,True,True,True,True,2,False,,True,17,False,False,True,SECTION_NOT_FOUND,True,17,False,False,True,SECTION_NOT_FOUND,True,17460,False,False,False,"obtained justify the time required” (Phipps & Osborne, p. 355). Research examines current practices and develops new kno"
jae_890f5b24a1be,Route_B_Legacy,1997,10.5032_jae.1997.03043.pdf,/Volumes/Clemons_Data/_Anchors/Research_Data/JAE_Legacy_Audit/data/raw/Route_B_Legacy/1997/10.5032_jae.1997.03043.pdf,/Volumes/Clemons_Data/_Anchors/Research_Data/JAE_Legacy_Audit/data/structured/Route_B_Legacy/1997/10.5032_jae.1997.03043.json,/Volumes/Clemons_Data/_Anchors/Research_Data/JAE_Legacy_Audit/data/embeddings/Route_B_Legacy/1997/jae_890f5b24a1be.npz,True,True,True,True,1,False,,True,17,False,False,True,SECTION_NOT_FOUND,True,756,False,False,False,on developing skills in evaluating andplacing conformation andperformance classes of horses. A secondary purpose was to ,True,20972,False,False,False,suggest that visual techniques are effective and warrant the development of high quality materials. Experiential educati
jae_1364c373143a,Route_B_Legacy,1997,10.5032_jae.1997.01014.pdf,/Volumes/Clemons_Data/_Anchors/Research_Data/JAE_Legacy_Audit/data/raw/Route_B_Legacy/1997/10.5032_jae.1997.01014.pdf,/Volumes/Clemons_Data/_Anchors/Research_Data/JAE_Legacy_Audit/data/structured/Route_B_Legacy/1997/10.5032_jae.1997.01014.json,/Volumes/Clemons_Data/_Anchors/Research_Data/JAE_Legacy_Audit/data/embeddings/Route_B_Legacy/1997/jae_1364c373143a.npz,True,True,True,True,1,False,,True,17,False,False,True,SECTION_NOT_FOUND,True,3769,False,False,False,"A needs assessment is a systematic way to identify the needs of a target group (McKillip, 1987). Kaufman and English (19",True,14942,False,False,False,of the study would be useful to those who are developing materials and activities for youth with livestock projects. The
jae_3233ff8609ad,Route_B_Legacy,1998,10.5032_jae.1998.02019.pdf,/Volumes/Clemons_Data/_Anchors/Research_Data/JAE_Legacy_Audit/data/raw/Route_B_Legacy/1998/10.5032_jae.1998.02019.pdf,/Volumes/Clemons_Data/_Anchors/Research_Data/JAE_Legacy_Audit/data/structured/Route_B_Legacy/1998/10.5032_jae.1998.02019.json,/Volumes/Clemons_Data/_Anchors/Research_Data/JAE_Legacy_Audit/data/embeddings/Route_B_Legacy/1998/jae_3233ff8609ad.npz,True,True,True,True,1,False,,True,17,False,False,True,SECTION_NOT_FOUND,True,7280,False,False,False,"and Procedures A list of public schools in Mississippi, North Carolina, and Virginia that had agricultural science progr",True,28066,False,False,False,"that only parents exceed agricultural science teachers in influencing students to enroll (Reis & Kahler, 1997). Given th"
jae_989ed868ef21,Route_B_Legacy,1998,10.5032_jae.1998.01037.pdf,/Volumes/Clemons_Data/_Anchors/Research_Data/JAE_Legacy_Audit/data/raw/Route_B_Legacy/1998/10.5032_jae.1998.01037.pdf,/Volumes/Clemons_Data/_Anchors/Research_Data/JAE_Legacy_Audit/data/structured/Route_B_Legacy/1998/10.5032_jae.1998.01037.json,/Volumes/Clemons_Data/_Anchors/Research_Data/JAE_Legacy_Audit/data/embeddings/Route_B_Legacy/1998/jae_989ed868ef21.npz,True,True,True,False,0,True,,True,3704,False,False,False,"Within the last decade, secondary agricultural education programs have experienced significant changes. A large number o",True,2872,False,False,False,This study was conducted using a modified Delphi technique to identify the critical issues likely to face secondary agri,True,661,False,False,False,"The mean response rate for all four surveys was 7 1%. AAAE members responded 78% of the time, NASAE members 8 1% of the "
jae_656005f22411,Route_B_Legacy,1998,10.5032_jae.1998.02011.pdf,/Volumes/Clemons_Data/_Anchors/Research_Data/JAE_Legacy_Audit/data/raw/Route_B_Legacy/1998/10.5032_jae.1998.02011.pdf,/Volumes/Clemons_Data/_Anchors/Research_Data/JAE_Legacy_Audit/data/structured/Route_B_Legacy/1998/10.5032_jae.1998.02011.json,/Volumes/Clemons_Data/_Anchors/Research_Data/JAE_Legacy_Audit/data/embeddings/Route_B_Legacy/1998/jae_656005f22411.npz,True,True,True,True,1,False,,True,4131,False,False,False,"/Theoretical Framework Former United States Secretary of Agriculture John Block was a strong advocate of literacy, parti",True,17,False,False,True,SECTION_NOT_FOUND,True,22273,False,False,False,and/or findings Elementary Agriculture Curriculum Purpose/Objectives The purpose of this study was to document the instr
jae_674f8f06bdbe,Route_B_Legacy,1998,10.5032_jae.1998.03021.pdf,/Volumes/Clemons_Data/_Anchors/Research_Data/JAE_Legacy_Audit/data/raw/Route_B_Legacy/1998/10.5032_jae.1998.03021.pdf,/Volumes/Clemons_Data/_Anchors/Research_Data/JAE_Legacy_Audit/data/structured/Route_B_Legacy/1998/10.5032_jae.1998.03021.json,/Volumes/Clemons_Data/_Anchors/Research_Data/JAE_Legacy_Audit/data/embeddings/Route_B_Legacy/1998/jae_674f8f06bdbe.npz,True,True,True,True,2,False,,True,17,False,False,True,SECTION_NOT_FOUND,True,17,False,False,True,SECTION_NOT_FOUND,True,4351,False,False,False,indicate that a majority of the graduates who were teaching already had certificates and most of the other graduates had
jae_4cdd1dd0cc94,Route_B_Legacy,1998,10.5032_jae.1998.04053.pdf,/Volumes/Clemons_Data/_Anchors/Research_Data/JAE_Legacy_Audit/data/raw/Route_B_Legacy/1998/10.5032_jae.1998.04053.pdf,/Volumes/Clemons_Data/_Anchors/Research_Data/JAE_Legacy_Audit/data/structured/Route_B_Legacy/1998/10.5032_jae.1998.04053.json,/Volumes/Clemons_Data/_Anchors/Research_Data/JAE_Legacy_Audit/data/embeddings/Route_B_Legacy/1998/jae_4cdd1dd0cc94.npz,True,True,True,False,0,True,,True,3265,False,False,False,The Cooperative Extension System (CES) is a non-formal educational system for adults and youth. Extension has been descr,True,270,False,False,False,". 4-H agents were selected by Ohio State University Extension System 's (OSUE) administration, representing agents who w",True,30093,False,False,False,"indicated that 4-H agents performed similar duties and tasks, regardless of their different foci. Agents who worked with"
jae_03595c95ab91,Route_B_Legacy,1998,10.5032_jae.1998.02001.pdf,/Volumes/Clemons_Data/_Anchors/Research_Data/JAE_Legacy_Audit/data/raw/Route_B_Legacy/1998/10.5032_jae.1998.02001.pdf,/Volumes/Clemons_Data/_Anchors/Research_Data/JAE_Legacy_Audit/data/structured/Route_B_Legacy/1998/10.5032_jae.1998.02001.json,/Volumes/Clemons_Data/_Anchors/Research_Data/JAE_Legacy_Audit/data/embeddings/Route_B_Legacy/1998/jae_03595c95ab91.npz,True,True,True,True,1,False,,True,17,False,False,True,SECTION_NOT_FOUND,True,2453,False,False,False,"at the university level, because the graduate students advised deserve knowledgeable assistance, and because of a belief",True,31005,False,False,False,", expressing results, or meeting assumptions. The author most often teaches by story, example, analogy and metaphor. Thu"
jae_efaf53194742,Route_B_Legacy,1998,10.5032_jae.1998.04011.pdf,/Volumes/Clemons_Data/_Anchors/Research_Data/JAE_Legacy_Audit/data/raw/Route_B_Legacy/1998/10.5032_jae.1998.04011.pdf,/Volumes/Clemons_Data/_Anchors/Research_Data/JAE_Legacy_Audit/data/structured/Route_B_Legacy/1998/10.5032_jae.1998.04011.json,/Volumes/Clemons_Data/_Anchors/Research_Data/JAE_Legacy_Audit/data/embeddings/Route_B_Legacy/1998/jae_efaf53194742.npz,True,True,True,False,0,True,,True,4905,False,False,False,"Social marketing involves a new approach to planning, implementing, controlling, and evaluating programs. This philosoph",True,2396,False,False,False,Descriptive correlational research was used in this study. The target population consisted of all Ohio State University ,True,8921,False,False,False,of this study were generalized to the population of Ohio Extension employees and to the sample drawn. Data were analyzed
jae_0fd546137993,Route_B_Legacy,1998,10.5032_jae.1998.01008.pdf,/Volumes/Clemons_Data/_Anchors/Research_Data/JAE_Legacy_Audit/data/raw/Route_B_Legacy/1998/10.5032_jae.1998.01008.pdf,/Volumes/Clemons_Data/_Anchors/Research_Data/JAE_Legacy_Audit/data/structured/Route_B_Legacy/1998/10.5032_jae.1998.01008.json,/Volumes/Clemons_Data/_Anchors/Research_Data/JAE_Legacy_Audit/data/embeddings/Route_B_Legacy/1998/jae_0fd546137993.npz,True,True,True,True,2,False,,True,17,False,False,True,SECTION_NOT_FOUND,True,17,False,False,True,SECTION_NOT_FOUND,True,23013,False,False,False,of the study indicated approximately one-half of the science teachers reported some collaboration with agriculture teach
jae_67058512f270,Route_B_Legacy,1998,10.5032_jae.1998.02061.pdf,/Volumes/Clemons_Data/_Anchors/Research_Data/JAE_Legacy_Audit/data/raw/Route_B_Legacy/1998/10.5032_jae.1998.02061.pdf,/Volumes/Clemons_Data/_Anchors/Research_Data/JAE_Legacy_Audit/data/structured/Route_B_Legacy/1998/10.5032_jae.1998.02061.json,/Volumes/Clemons_Data/_Anchors/Research_Data/JAE_Legacy_Audit/data/embeddings/Route_B_Legacy/1998/jae_67058512f270.npz,True,True,True,False,0,True,,True,5025,False,False,False,and Theoretical Framework The quality of teacher education programs is dependent on the quality of its professoriate - t,True,4447,False,False,False,and Procedures The population for this descriptive correlational study was all teacher educators employed in departments,True,27670,False,False,False,"of the study, teacher educators in agricultural education are married, middle-aged Caucasian males employed at an 1862 l"
jae_c5ab5e56c621,Route_B_Legacy,1998,10.5032_jae.1998.04045.pdf,/Volumes/Clemons_Data/_Anchors/Research_Data/JAE_Legacy_Audit/data/raw/Route_B_Legacy/1998/10.5032_jae.1998.04045.pdf,/Volumes/Clemons_Data/_Anchors/Research_Data/JAE_Legacy_Audit/data/structured/Route_B_Legacy/1998/10.5032_jae.1998.04045.json,/Volumes/Clemons_Data/_Anchors/Research_Data/JAE_Legacy_Audit/data/embeddings/Route_B_Legacy/1998/jae_c5ab5e56c621.npz,True,True,True,True,1,False,,True,17,False,False,True,SECTION_NOT_FOUND,True,4629,False,False,False,"This was a correlational research study with six independent variables, one dependent variable, and four moderator varia",True,17480,False,False,False,", such as raising the organization’s efficiency, productivity, and quality of service. Generally, results are closely re"
jae_df6efa88083e,Route_B_Legacy,1998,10.5032_jae.1998.01017.pdf,/Volumes/Clemons_Data/_Anchors/Research_Data/JAE_Legacy_Audit/data/raw/Route_B_Legacy/1998/10.5032_jae.1998.01017.pdf,/Volumes/Clemons_Data/_Anchors/Research_Data/JAE_Legacy_Audit/data/structured/Route_B_Legacy/1998/10.5032_jae.1998.01017.json,/Volumes/Clemons_Data/_Anchors/Research_Data/JAE_Legacy_Audit/data/embeddings/Route_B_Legacy/1998/jae_df6efa88083e.npz,True,True,True,False,0,True,,True,1621,False,False,False,"and Theoretical Framework With rapid a d v a n c e m e n t s i n telecommunications technology in recent years, a great ",True,7502,False,False,False,"of delivery, or the channel, used in distance education. Much attention has been directed to the technology itself The c",True,26360,False,False,False,"indicatd that teaching faculty lack both competence in using these electronic technologies, and confidence in their abil"
jae_37973c96519d,Route_B_Legacy,1998,10.5032_jae.1998.03001.pdf,/Volumes/Clemons_Data/_Anchors/Research_Data/JAE_Legacy_Audit/data/raw/Route_B_Legacy/1998/10.5032_jae.1998.03001.pdf,/Volumes/Clemons_Data/_Anchors/Research_Data/JAE_Legacy_Audit/data/structured/Route_B_Legacy/1998/10.5032_jae.1998.03001.json,/Volumes/Clemons_Data/_Anchors/Research_Data/JAE_Legacy_Audit/data/embeddings/Route_B_Legacy/1998/jae_37973c96519d.npz,True,True,True,True,1,False,,True,22236,False,False,False,Demographic changes in the U.S. population are accelerating at a rapid pace. Banks (1991) asserted that the growth rate ,True,17,False,False,True,SECTION_NOT_FOUND,True,24323,False,False,False,"revealed that students, in general, prefer aJieId independent style of learning. 7he style of learning, however, varied "
jae_9b959579a83f,Route_B_Legacy,1998,10.5032_jae.1998.04076.pdf,/Volumes/Clemons_Data/_Anchors/Research_Data/JAE_Legacy_Audit/data/raw/Route_B_Legacy/1998/10.5032_jae.1998.04076.pdf,/Volumes/Clemons_Data/_Anchors/Research_Data/JAE_Legacy_Audit/data/structured/Route_B_Legacy/1998/10.5032_jae.1998.04076.json,/Volumes/Clemons_Data/_Anchors/Research_Data/JAE_Legacy_Audit/data/embeddings/Route_B_Legacy/1998/jae_9b959579a83f.npz,True,True,True,True,2,False,,True,5262,False,False,False,"/Theoretical Framework Educational initiatives (A Nation at Risk, 1983; The Unfinished Agenda, 1984; An Imperiled Genera",True,4315,False,True,False,. The educational reform movement has led to rapid changes in education and agricultural education. One result of the ch,True,24338,False,True,False,of this study support the need to integrate science into agricultural education programs. Introduction/Theoretical Frame
jae_a56a5eaf40ba,Route_B_Legacy,1998,10.5032_jae.1998.03031.pdf,/Volumes/Clemons_Data/_Anchors/Research_Data/JAE_Legacy_Audit/data/raw/Route_B_Legacy/1998/10.5032_jae.1998.03031.pdf,/Volumes/Clemons_Data/_Anchors/Research_Data/JAE_Legacy_Audit/data/structured/Route_B_Legacy/1998/10.5032_jae.1998.03031.json,/Volumes/Clemons_Data/_Anchors/Research_Data/JAE_Legacy_Audit/data/embeddings/Route_B_Legacy/1998/jae_a56a5eaf40ba.npz,True,True,True,False,0,True,,True,9465,False,False,False,The arrival of the 1990s found the cognitive revolution moving forward at full speed. No longer were psychologists adher,True,552,False,False,False,"of teaching agriculture: Learning as Problem solving (Newcomb, McCracken, & Warmbrod, 1986-selected chapters); and, The ",True,22414,False,False,False,are consistent with those of Pickford (1988) who reported that professors conducted 94% of their discourse at the knowle
jae_7b22755a72e5,Route_B_Legacy,1998,10.5032_jae.1998.02039.pdf,/Volumes/Clemons_Data/_Anchors/Research_Data/JAE_Legacy_Audit/data/raw/Route_B_Legacy/1998/10.5032_jae.1998.02039.pdf,/Volumes/Clemons_Data/_Anchors/Research_Data/JAE_Legacy_Audit/data/structured/Route_B_Legacy/1998/10.5032_jae.1998.02039.json,/Volumes/Clemons_Data/_Anchors/Research_Data/JAE_Legacy_Audit/data/embeddings/Route_B_Legacy/1998/jae_7b22755a72e5.npz,True,True,True,True,2,False,,True,17,False,False,True,SECTION_NOT_FOUND,True,17,False,False,True,SECTION_NOT_FOUND,True,23825,False,False,False,"and those of other researchers, Scanlon, Yoder, and Hoover (1989a) completed a study for the National FFA Organization t"
jae_670658486a21,Route_B_Legacy,1998,10.5032_jae.1998.02030.pdf,/Volumes/Clemons_Data/_Anchors/Research_Data/JAE_Legacy_Audit/data/raw/Route_B_Legacy/1998/10.5032_jae.1998.02030.pdf,/Volumes/Clemons_Data/_Anchors/Research_Data/JAE_Legacy_Audit/data/structured/Route_B_Legacy/1998/10.5032_jae.1998.02030.json,/Volumes/Clemons_Data/_Anchors/Research_Data/JAE_Legacy_Audit/data/embeddings/Route_B_Legacy/1998/jae_670658486a21.npz,True,True,True,True,1,False,,True,6632,False,False,False,"Historically, agricultural education provided an expanded educational experience .Successful agriculture programs have b",True,2505,False,False,False,and Procedures of the Study The population consisted of 750 students enrolled in grades 7 through 12 in a rural school d,True,21536,False,True,False,supported prior research which suggested that family interactions are keys to vocational identity development (Steinberg
jae_2f5bfd303a02,Route_B_Legacy,1998,10.5032_jae.1998.03011.pdf,/Volumes/Clemons_Data/_Anchors/Research_Data/JAE_Legacy_Audit/data/raw/Route_B_Legacy/1998/10.5032_jae.1998.03011.pdf,/Volumes/Clemons_Data/_Anchors/Research_Data/JAE_Legacy_Audit/data/structured/Route_B_Legacy/1998/10.5032_jae.1998.03011.json,/Volumes/Clemons_Data/_Anchors/Research_Data/JAE_Legacy_Audit/data/embeddings/Route_B_Legacy/1998/jae_2f5bfd303a02.npz,True,True,True,False,0,True,,True,4871,False,False,False,and literature produced a noticeable void of studies that had investigated the agriculture Molnar et al. (1987) reported,True,899,False,False,False,"and Procedures As part of a larger study, data were collected using descriptive survey methodology. The primary advantag",True,22151,False,False,False,occur in the Northeastern region? Purpose and Objectives The purpose was to establish baseline data for all Northeastern
jae_f2232f7e30ed,Route_B_Legacy,1998,10.5032_jae.1998.03057.pdf,/Volumes/Clemons_Data/_Anchors/Research_Data/JAE_Legacy_Audit/data/raw/Route_B_Legacy/1998/10.5032_jae.1998.03057.pdf,/Volumes/Clemons_Data/_Anchors/Research_Data/JAE_Legacy_Audit/data/structured/Route_B_Legacy/1998/10.5032_jae.1998.03057.json,/Volumes/Clemons_Data/_Anchors/Research_Data/JAE_Legacy_Audit/data/embeddings/Route_B_Legacy/1998/jae_f2232f7e30ed.npz,True,True,True,False,0,True,,True,891,False,False,False,"Leadership theorists (Gardner, 1990; Kouzes & Posner, 1990; Bolt, 1996) believe we are approaching the twenty-first cent",True,1428,False,False,False,"used to train and educate executives produce managers, not leaders, and have been out-paced by dramatic changes in the w",True,13678,False,False,False,"and even disagreement with the texts, the instructor and one another (pg. 76).” Beyond establishing this environment, mo"
jae_a5e9b19aa518,Route_B_Legacy,1998,10.5032_jae.1998.04037.pdf,/Volumes/Clemons_Data/_Anchors/Research_Data/JAE_Legacy_Audit/data/raw/Route_B_Legacy/1998/10.5032_jae.1998.04037.pdf,/Volumes/Clemons_Data/_Anchors/Research_Data/JAE_Legacy_Audit/data/structured/Route_B_Legacy/1998/10.5032_jae.1998.04037.json,/Volumes/Clemons_Data/_Anchors/Research_Data/JAE_Legacy_Audit/data/embeddings/Route_B_Legacy/1998/jae_a5e9b19aa518.npz,True,True,True,False,0,True,,True,7911,False,False,False,Distance education in various forms has become increasingly effective in providing access to educational opportunities. ,True,220,False,False,False,"other than those identified on the questionnaire, were more likely to view the videotapes as they were received, and wer",True,15522,False,False,False,in advising students of how best to approach the learning task in videotaped courses. Introduction Distance education in
jae_78239c4d8722,Route_B_Legacy,1998,10.5032_jae.1998.04018.pdf,/Volumes/Clemons_Data/_Anchors/Research_Data/JAE_Legacy_Audit/data/raw/Route_B_Legacy/1998/10.5032_jae.1998.04018.pdf,/Volumes/Clemons_Data/_Anchors/Research_Data/JAE_Legacy_Audit/data/structured/Route_B_Legacy/1998/10.5032_jae.1998.04018.json,/Volumes/Clemons_Data/_Anchors/Research_Data/JAE_Legacy_Audit/data/embeddings/Route_B_Legacy/1998/jae_78239c4d8722.npz,True,True,True,False,0,True,,True,5317,False,False,False,"learning science concepts and principles (Brooks and Brooks, 1993; Fensham, 1992). Agricultural Agricultural education p",True,5131,False,False,False,[laboratory instruction vs. other methods] as measured by standard paperand-pencil tests in science achievement.” On the,True,24760,False,False,False,were stable across both subject matter areas. The main effect of method of reinforcement produced no significant differe
jae_b6ffd6d80722,Route_B_Legacy,1998,10.5032_jae.1998.01048.pdf,/Volumes/Clemons_Data/_Anchors/Research_Data/JAE_Legacy_Audit/data/raw/Route_B_Legacy/1998/10.5032_jae.1998.01048.pdf,/Volumes/Clemons_Data/_Anchors/Research_Data/JAE_Legacy_Audit/data/structured/Route_B_Legacy/1998/10.5032_jae.1998.01048.json,/Volumes/Clemons_Data/_Anchors/Research_Data/JAE_Legacy_Audit/data/embeddings/Route_B_Legacy/1998/jae_b6ffd6d80722.npz,True,True,True,False,0,True,,True,749,False,False,False,Adequate numbers of well-trained extension personnel are the basic resource for a successful extension system. Without a,True,598,False,False,False,"for teaching adult fanners, their own educa tional needs, and obstacles hampering them in developing and delivering educ",True,15277,False,False,False,"s. Most extension agents said that they needed training in identifying and organizing training content, various teaching"
jae_a34270c815c8,Route_B_Legacy,1998,10.5032_jae.1998.01028.pdf,/Volumes/Clemons_Data/_Anchors/Research_Data/JAE_Legacy_Audit/data/raw/Route_B_Legacy/1998/10.5032_jae.1998.01028.pdf,/Volumes/Clemons_Data/_Anchors/Research_Data/JAE_Legacy_Audit/data/structured/Route_B_Legacy/1998/10.5032_jae.1998.01028.json,/Volumes/Clemons_Data/_Anchors/Research_Data/JAE_Legacy_Audit/data/embeddings/Route_B_Legacy/1998/jae_a34270c815c8.npz,True,True,True,True,1,False,,True,2537,False,False,False,and Theoretical Framework We live in a time of change. Gelatt (1993) said “Change itself has changed: It has become so r,True,10202,False,True,False,". Panelists achieved consensus on 13 obstacles, which clustered around: 1) time constraints; 2) lack of a formalized fac",True,11504,False,False,False,Improving Instruction Panelists suggested 21 ways in which these technologies will improve instruction (see Table 1). Th
jae_13c5cd72d32b,Route_B_Legacy,1998,10.5032_jae.1998.04028.pdf,/Volumes/Clemons_Data/_Anchors/Research_Data/JAE_Legacy_Audit/data/raw/Route_B_Legacy/1998/10.5032_jae.1998.04028.pdf,/Volumes/Clemons_Data/_Anchors/Research_Data/JAE_Legacy_Audit/data/structured/Route_B_Legacy/1998/10.5032_jae.1998.04028.json,/Volumes/Clemons_Data/_Anchors/Research_Data/JAE_Legacy_Audit/data/embeddings/Route_B_Legacy/1998/jae_13c5cd72d32b.npz,True,True,True,False,0,True,,True,3517,False,False,False,". They argued that participant knowledge, observation, or other information about an issue could predict intention to pa",True,3998,False,False,False,"Population This study was conducted in Sanilac County, Michigan. The population for this study included all Sanilac Coun",True,24023,False,False,False,"showed that principals held very positive perceptions with regard to teaching science through agricultural examples, whi"
jae_307f8af29279,Route_B_Legacy,1998,10.5032_jae.1998.01063.pdf,/Volumes/Clemons_Data/_Anchors/Research_Data/JAE_Legacy_Audit/data/raw/Route_B_Legacy/1998/10.5032_jae.1998.01063.pdf,/Volumes/Clemons_Data/_Anchors/Research_Data/JAE_Legacy_Audit/data/structured/Route_B_Legacy/1998/10.5032_jae.1998.01063.json,/Volumes/Clemons_Data/_Anchors/Research_Data/JAE_Legacy_Audit/data/embeddings/Route_B_Legacy/1998/jae_307f8af29279.npz,True,True,True,False,0,True,,True,3150,False,False,False,"The environmental movement has important implications for agricultural education, and agricultural educators nationwide ",True,2581,False,False,False,"do producers prefer for information about sustainability, and have their preferences changed? What factors affect their ",True,13668,False,False,False,cannot be generalized to all young producers. The researcher-generated questionnaire was based on a literature review of
jae_5672b13465b5,Route_B_Legacy,1998,10.5032_jae.1998.03051.pdf,/Volumes/Clemons_Data/_Anchors/Research_Data/JAE_Legacy_Audit/data/raw/Route_B_Legacy/1998/10.5032_jae.1998.03051.pdf,/Volumes/Clemons_Data/_Anchors/Research_Data/JAE_Legacy_Audit/data/structured/Route_B_Legacy/1998/10.5032_jae.1998.03051.json,/Volumes/Clemons_Data/_Anchors/Research_Data/JAE_Legacy_Audit/data/embeddings/Route_B_Legacy/1998/jae_5672b13465b5.npz,True,True,True,True,2,False,,True,17,False,False,True,SECTION_NOT_FOUND,True,17,False,False,True,SECTION_NOT_FOUND,True,12911,False,False,False,are divided into two major parts that parallel the objectives of the study. Findings Challenge of Agricultural Sustainab
jae_6fbc35e2cb93,Route_B_Legacy,1998,10.5032_jae.1998.02050.pdf,/Volumes/Clemons_Data/_Anchors/Research_Data/JAE_Legacy_Audit/data/raw/Route_B_Legacy/1998/10.5032_jae.1998.02050.pdf,/Volumes/Clemons_Data/_Anchors/Research_Data/JAE_Legacy_Audit/data/structured/Route_B_Legacy/1998/10.5032_jae.1998.02050.json,/Volumes/Clemons_Data/_Anchors/Research_Data/JAE_Legacy_Audit/data/embeddings/Route_B_Legacy/1998/jae_6fbc35e2cb93.npz,True,True,True,False,0,True,,True,5507,False,False,False,/Theoretical Framework integrating academic and vocational education. The pursuit to integrate science into agricultural,True,2200,False,False,False,"/Procedures The target population of this study consisted of all state, regional, and national winners of the National F",True,13470,False,False,False,"/Findings The findings presented are based on responses of 13 1 state, regional, and national recipients of the National"
jae_3a499712deb5,Route_B_Legacy,1998,10.5032_jae.1998.01073.pdf,/Volumes/Clemons_Data/_Anchors/Research_Data/JAE_Legacy_Audit/data/raw/Route_B_Legacy/1998/10.5032_jae.1998.01073.pdf,/Volumes/Clemons_Data/_Anchors/Research_Data/JAE_Legacy_Audit/data/structured/Route_B_Legacy/1998/10.5032_jae.1998.01073.json,/Volumes/Clemons_Data/_Anchors/Research_Data/JAE_Legacy_Audit/data/embeddings/Route_B_Legacy/1998/jae_3a499712deb5.npz,True,True,True,True,1,False,,True,17,False,False,True,SECTION_NOT_FOUND,True,3892,False,False,False,"developed at The Rand Corporation in the late 1940’s designed to elicit expert opinion in a systematic manner (Sackman, ",True,10747,False,False,False,and Findings The intent of this study was to examine how investigators have used the delphi technique in research in agr
jae_7457600fcec0,Route_B_Legacy,1998,10.5032_jae.1998.04001.pdf,/Volumes/Clemons_Data/_Anchors/Research_Data/JAE_Legacy_Audit/data/raw/Route_B_Legacy/1998/10.5032_jae.1998.04001.pdf,/Volumes/Clemons_Data/_Anchors/Research_Data/JAE_Legacy_Audit/data/structured/Route_B_Legacy/1998/10.5032_jae.1998.04001.json,/Volumes/Clemons_Data/_Anchors/Research_Data/JAE_Legacy_Audit/data/embeddings/Route_B_Legacy/1998/jae_7457600fcec0.npz,True,True,True,False,0,True,,True,885,False,False,False,"/Theoretical Framework As we approach the dawn of the 2 1 st century, it is important to consider the status of our nati",True,10200,False,False,False,"used in the production of their food (National Research Council, 1988; Raven, 1994). This problem can be identified as a",True,27349,False,False,False,indicated that teachers ’ curricula included significant instruction utilizing agriculture as the contextfor teaching as
jae_d77dfb23e3f2,Route_B_Legacy,1998,10.5032_jae.1998.04065.pdf,/Volumes/Clemons_Data/_Anchors/Research_Data/JAE_Legacy_Audit/data/raw/Route_B_Legacy/1998/10.5032_jae.1998.04065.pdf,/Volumes/Clemons_Data/_Anchors/Research_Data/JAE_Legacy_Audit/data/structured/Route_B_Legacy/1998/10.5032_jae.1998.04065.json,/Volumes/Clemons_Data/_Anchors/Research_Data/JAE_Legacy_Audit/data/embeddings/Route_B_Legacy/1998/jae_d77dfb23e3f2.npz,True,True,True,False,0,True,,True,5089,False,False,False,The use of educational technologies such as computers and telecommunications offers great potential for improving the de,True,4865,False,False,False,of instruction were traditional instruction without a laboratory and World Wide Web instruction with a laboratory. Two a,True,21390,False,False,False,", however, when studying student attitudes toward the computer as an instructional tool. Some researchers have found tha"
jae_01be5fdd8fca,Route_B_Legacy,1998,10.5032_jae.1998.01001.pdf,/Volumes/Clemons_Data/_Anchors/Research_Data/JAE_Legacy_Audit/data/raw/Route_B_Legacy/1998/10.5032_jae.1998.01001.pdf,/Volumes/Clemons_Data/_Anchors/Research_Data/JAE_Legacy_Audit/data/structured/Route_B_Legacy/1998/10.5032_jae.1998.01001.json,/Volumes/Clemons_Data/_Anchors/Research_Data/JAE_Legacy_Audit/data/embeddings/Route_B_Legacy/1998/jae_01be5fdd8fca.npz,True,True,True,True,3,False,,True,17,False,False,True,SECTION_NOT_FOUND,True,17,False,False,True,SECTION_NOT_FOUND,True,17,False,False,True,SECTION_NOT_FOUND
jae_8159edb7746b,Route_B_Legacy,1998,10.5032_jae.1998.03041.pdf,/Volumes/Clemons_Data/_Anchors/Research_Data/JAE_Legacy_Audit/data/raw/Route_B_Legacy/1998/10.5032_jae.1998.03041.pdf,/Volumes/Clemons_Data/_Anchors/Research_Data/JAE_Legacy_Audit/data/structured/Route_B_Legacy/1998/10.5032_jae.1998.03041.json,/Volumes/Clemons_Data/_Anchors/Research_Data/JAE_Legacy_Audit/data/embeddings/Route_B_Legacy/1998/jae_8159edb7746b.npz,True,True,True,False,0,True,,True,3517,False,False,False,AND THEORETICAL FRAMEWORK The 4-H organization is one of the oldest and largest experiential education programs for yout,True,5472,False,False,False,AND PROCEDURES A descriptive survey design was used to gather information to describe the current situation and to deter,True,13880,False,False,False,Demographic Variables The majority of respondents and their spouses were Caucasian/ American parents who had been reared
jae_5980e09f44fb,Route_B_Legacy,1998,10.5032_jae.1998.01055.pdf,/Volumes/Clemons_Data/_Anchors/Research_Data/JAE_Legacy_Audit/data/raw/Route_B_Legacy/1998/10.5032_jae.1998.01055.pdf,/Volumes/Clemons_Data/_Anchors/Research_Data/JAE_Legacy_Audit/data/structured/Route_B_Legacy/1998/10.5032_jae.1998.01055.json,/Volumes/Clemons_Data/_Anchors/Research_Data/JAE_Legacy_Audit/data/embeddings/Route_B_Legacy/1998/jae_5980e09f44fb.npz,True,True,True,False,0,True,,True,17229,False,False,False,As more and more women entered the workplace and assumed positions of leadership in traditionally male industries such a,True,63,False,False,False,influence long term growth and development in leadership. These,True,20261,False,False,False,it was recommended that an all-female class be made available for women in collegiate agricultural leadership developmen
jae_ccf900f3e1f8,Route_B_Legacy,1999,10.5032_jae.1999.04067.pdf,/Volumes/Clemons_Data/_Anchors/Research_Data/JAE_Legacy_Audit/data/raw/Route_B_Legacy/1999/10.5032_jae.1999.04067.pdf,/Volumes/Clemons_Data/_Anchors/Research_Data/JAE_Legacy_Audit/data/structured/Route_B_Legacy/1999/10.5032_jae.1999.04067.json,/Volumes/Clemons_Data/_Anchors/Research_Data/JAE_Legacy_Audit/data/embeddings/Route_B_Legacy/1999/jae_ccf900f3e1f8.npz,True,True,True,False,0,True,,True,6510,False,False,False,/theoretical Framework Roznowski and Hulin (1995) wrote that the most important information to have regarding an employe,True,3939,False,False,False,"And Procedures Research Design The studies (Newcomb, Betts, & Cano, 1987; Cano & Miller, 1992; Castillo, Cano, & Conklin",True,23409,False,False,False,"of Mertler (1992) and Heller et al. (1992), the ultimate effect for agriculture teachers becomes critically important, g"
jae_7948fbff0093,Route_B_Legacy,1999,10.5032_jae.1999.01057.pdf,/Volumes/Clemons_Data/_Anchors/Research_Data/JAE_Legacy_Audit/data/raw/Route_B_Legacy/1999/10.5032_jae.1999.01057.pdf,/Volumes/Clemons_Data/_Anchors/Research_Data/JAE_Legacy_Audit/data/structured/Route_B_Legacy/1999/10.5032_jae.1999.01057.json,/Volumes/Clemons_Data/_Anchors/Research_Data/JAE_Legacy_Audit/data/embeddings/Route_B_Legacy/1999/jae_7948fbff0093.npz,True,True,True,False,0,True,,True,5884,False,False,False,"Academic rigor is a popular topic of discussion among the stakeholders in education. Despite its popularity, there is a ",True,1536,False,False,False,"at a site far removed from the campus. For this study, faculty were not instructed to focus their thoughts about offcamp",True,21748,False,False,False,"among the stakeholders in education. Despite its popularity, there is a paucity of research and scholarship on the topic"
jae_b173696f6bfa,Route_B_Legacy,1999,10.5032_jae.1999.03050.pdf,/Volumes/Clemons_Data/_Anchors/Research_Data/JAE_Legacy_Audit/data/raw/Route_B_Legacy/1999/10.5032_jae.1999.03050.pdf,/Volumes/Clemons_Data/_Anchors/Research_Data/JAE_Legacy_Audit/data/structured/Route_B_Legacy/1999/10.5032_jae.1999.03050.json,/Volumes/Clemons_Data/_Anchors/Research_Data/JAE_Legacy_Audit/data/embeddings/Route_B_Legacy/1999/jae_b173696f6bfa.npz,True,True,True,True,1,False,,True,4982,False,False,False,"Shale and Garrison (1990) reported that In a recent national survey, researchers found that the public increasingly expe",True,7251,False,False,False,", distinguished by a lack of random assignment of subjects and nonequivalent groups. The sample was purposefully drawn f",True,19437,False,True,False,"as Ho,, Ho,, and Ho,. Borg & Gall’s (1989) recommendations for controlling observer “effects and errors” (p. 496) were f"
jae_ad4c5bd313bc,Route_B_Legacy,1999,10.5032_jae.1999.03040.pdf,/Volumes/Clemons_Data/_Anchors/Research_Data/JAE_Legacy_Audit/data/raw/Route_B_Legacy/1999/10.5032_jae.1999.03040.pdf,/Volumes/Clemons_Data/_Anchors/Research_Data/JAE_Legacy_Audit/data/structured/Route_B_Legacy/1999/10.5032_jae.1999.03040.json,/Volumes/Clemons_Data/_Anchors/Research_Data/JAE_Legacy_Audit/data/embeddings/Route_B_Legacy/1999/jae_ad4c5bd313bc.npz,True,True,True,False,0,True,,True,4735,False,False,False,"and Theoretical Base There is a general consensus among all educators that resources are precious. Witkin (1984, p. x) s",True,3540,False,False,False,"and Procedures In 1997, the Department of Agricultural Education at Texas A&M University, in cooperation with the Texas ",True,14599,False,False,False,"/findings of Phase I. In Phase II, teachers were asked to “rate” the level of importance for the selected competencies: "
jae_364e219ab568,Route_B_Legacy,1999,10.5032_jae.1999.04001.pdf,/Volumes/Clemons_Data/_Anchors/Research_Data/JAE_Legacy_Audit/data/raw/Route_B_Legacy/1999/10.5032_jae.1999.04001.pdf,/Volumes/Clemons_Data/_Anchors/Research_Data/JAE_Legacy_Audit/data/structured/Route_B_Legacy/1999/10.5032_jae.1999.04001.json,/Volumes/Clemons_Data/_Anchors/Research_Data/JAE_Legacy_Audit/data/embeddings/Route_B_Legacy/1999/jae_364e219ab568.npz,True,True,True,True,2,False,,True,17,False,False,True,SECTION_NOT_FOUND,True,17,False,False,True,SECTION_NOT_FOUND,True,7014,False,False,False,These data provide preliminary information suggesting that the instrument developed by Seevers et al. (1998) is a good c
jae_2ff906233611,Route_B_Legacy,1999,10.5032_jae.1999.01023.pdf,/Volumes/Clemons_Data/_Anchors/Research_Data/JAE_Legacy_Audit/data/raw/Route_B_Legacy/1999/10.5032_jae.1999.01023.pdf,/Volumes/Clemons_Data/_Anchors/Research_Data/JAE_Legacy_Audit/data/structured/Route_B_Legacy/1999/10.5032_jae.1999.01023.json,/Volumes/Clemons_Data/_Anchors/Research_Data/JAE_Legacy_Audit/data/embeddings/Route_B_Legacy/1999/jae_2ff906233611.npz,True,True,True,False,0,True,,True,6992,False,False,False,"4-H clubs can be found in urban, suburban, and rural or country areas (This is 4-H, 1967). Members participate in club a",True,728,False,False,False,was utilized in this study. The primary advantage in using this methodology was the accumulation of large amounts of dat,True,10030,False,False,False,should not be generalized to all West Virginia 4-H club leaders. Data were collected via two questionnaires that were ma
jae_49249a1584e6,Route_B_Legacy,1999,10.5032_jae.1999.02001.pdf,/Volumes/Clemons_Data/_Anchors/Research_Data/JAE_Legacy_Audit/data/raw/Route_B_Legacy/1999/10.5032_jae.1999.02001.pdf,/Volumes/Clemons_Data/_Anchors/Research_Data/JAE_Legacy_Audit/data/structured/Route_B_Legacy/1999/10.5032_jae.1999.02001.json,/Volumes/Clemons_Data/_Anchors/Research_Data/JAE_Legacy_Audit/data/embeddings/Route_B_Legacy/1999/jae_49249a1584e6.npz,True,True,True,True,2,False,,True,17,False,False,True,SECTION_NOT_FOUND,True,17,False,False,True,SECTION_NOT_FOUND,True,27087,False,False,False,"indicated that a majority of freshmen students were male, white, had agricultural experience, completed high school agri"
jae_7195765de6d9,Route_B_Legacy,1999,10.5032_jae.1999.03021.pdf,/Volumes/Clemons_Data/_Anchors/Research_Data/JAE_Legacy_Audit/data/raw/Route_B_Legacy/1999/10.5032_jae.1999.03021.pdf,/Volumes/Clemons_Data/_Anchors/Research_Data/JAE_Legacy_Audit/data/structured/Route_B_Legacy/1999/10.5032_jae.1999.03021.json,/Volumes/Clemons_Data/_Anchors/Research_Data/JAE_Legacy_Audit/data/embeddings/Route_B_Legacy/1999/jae_7195765de6d9.npz,True,True,True,False,0,True,,True,6476,False,False,False,/Theoretical Framework How do Agricultural Science and Technology teachers decide what to teach? What impact do the find,True,368,False,False,False,/Procedures consisted of current Oregon Agricultural Science The target population for this study and Technology (AST) t,True,18133,False,False,False,of the study indicated that almost one fourth of Oregon 's AST teachers have a teaching credential with a science endors
jae_230cb20e4dc4,Route_B_Legacy,1999,10.5032_jae.1999.01049.pdf,/Volumes/Clemons_Data/_Anchors/Research_Data/JAE_Legacy_Audit/data/raw/Route_B_Legacy/1999/10.5032_jae.1999.01049.pdf,/Volumes/Clemons_Data/_Anchors/Research_Data/JAE_Legacy_Audit/data/structured/Route_B_Legacy/1999/10.5032_jae.1999.01049.json,/Volumes/Clemons_Data/_Anchors/Research_Data/JAE_Legacy_Audit/data/embeddings/Route_B_Legacy/1999/jae_230cb20e4dc4.npz,True,True,True,False,0,True,,True,5752,False,False,False,"Traditionally, the quality of academic institutions has been judged from indicators such as entrance standards, famous g",True,2286,False,False,False,"at a site far removed from the campus. For this study, faculty were not instructed to focus their thoughts about offcamp",True,12270,False,False,False,on the eleven closed-ended questions. Significant differences were found on three of the five course characteristic comp
jae_53e978a1ff31,Route_B_Legacy,1999,10.5032_jae.1999.02028.pdf,/Volumes/Clemons_Data/_Anchors/Research_Data/JAE_Legacy_Audit/data/raw/Route_B_Legacy/1999/10.5032_jae.1999.02028.pdf,/Volumes/Clemons_Data/_Anchors/Research_Data/JAE_Legacy_Audit/data/structured/Route_B_Legacy/1999/10.5032_jae.1999.02028.json,/Volumes/Clemons_Data/_Anchors/Research_Data/JAE_Legacy_Audit/data/embeddings/Route_B_Legacy/1999/jae_53e978a1ff31.npz,True,True,True,False,0,True,,True,6097,False,False,False,Computers are an integral and pervasive feature of modern society. According to the United States Department of Educatio,True,807,False,False,False,"This census study was conducted using a descriptive-correlational design (Ary, Jacobs, & Razavieh, 1990). The population",True,22262,False,False,False,"were found in agricultural employer studies conducted for the University of Arkansas (Graham, 1997) and the University o"
jae_84b95aef2e57,Route_B_Legacy,1999,10.5032_jae.1999.01001.pdf,/Volumes/Clemons_Data/_Anchors/Research_Data/JAE_Legacy_Audit/data/raw/Route_B_Legacy/1999/10.5032_jae.1999.01001.pdf,/Volumes/Clemons_Data/_Anchors/Research_Data/JAE_Legacy_Audit/data/structured/Route_B_Legacy/1999/10.5032_jae.1999.01001.json,/Volumes/Clemons_Data/_Anchors/Research_Data/JAE_Legacy_Audit/data/embeddings/Route_B_Legacy/1999/jae_84b95aef2e57.npz,True,True,True,True,2,False,,True,17,False,False,True,SECTION_NOT_FOUND,True,17,False,False,True,SECTION_NOT_FOUND,True,39043,False,False,False,today will have us view Agricultural Education in a deeper and more realistic manner as we draw to the close of this cen
jae_1baef1c39a37,Route_B_Legacy,1999,10.5032_jae.1999.03061.pdf,/Volumes/Clemons_Data/_Anchors/Research_Data/JAE_Legacy_Audit/data/raw/Route_B_Legacy/1999/10.5032_jae.1999.03061.pdf,/Volumes/Clemons_Data/_Anchors/Research_Data/JAE_Legacy_Audit/data/structured/Route_B_Legacy/1999/10.5032_jae.1999.03061.json,/Volumes/Clemons_Data/_Anchors/Research_Data/JAE_Legacy_Audit/data/embeddings/Route_B_Legacy/1999/jae_1baef1c39a37.npz,True,True,True,False,0,True,,True,3004,False,False,False,"Extension has a long tradition of working with volunteers to achieve its goals (Patton, 1984). The use of volunteers is ",True,3515,False,False,False,Culp (1997) noted that learning how to increase volunteer participation and improve motivational techniques would enable,True,11717,False,False,False,Objective One: Selected demographics of survey participants are listed below. The age of participants in this study rang
jae_147c897e9d70,Route_B_Legacy,1999,10.5032_jae.1999.03030.pdf,/Volumes/Clemons_Data/_Anchors/Research_Data/JAE_Legacy_Audit/data/raw/Route_B_Legacy/1999/10.5032_jae.1999.03030.pdf,/Volumes/Clemons_Data/_Anchors/Research_Data/JAE_Legacy_Audit/data/structured/Route_B_Legacy/1999/10.5032_jae.1999.03030.json,/Volumes/Clemons_Data/_Anchors/Research_Data/JAE_Legacy_Audit/data/embeddings/Route_B_Legacy/1999/jae_147c897e9d70.npz,True,True,True,False,0,True,,True,4379,False,False,False,Distance education has long been based on the premise of delivering education to people who do not have access to or who,True,532,False,False,False,of delivering this education. These advances have created a challenge for most universities and educators to again reeva,True,24062,False,False,False,"showed that perceptions were significantly higher when faculty were familiar with the MS. in Agronomy Degree Program, ha"
jae_a4192429a0b2,Route_B_Legacy,1999,10.5032_jae.1999.03001.pdf,/Volumes/Clemons_Data/_Anchors/Research_Data/JAE_Legacy_Audit/data/raw/Route_B_Legacy/1999/10.5032_jae.1999.03001.pdf,/Volumes/Clemons_Data/_Anchors/Research_Data/JAE_Legacy_Audit/data/structured/Route_B_Legacy/1999/10.5032_jae.1999.03001.json,/Volumes/Clemons_Data/_Anchors/Research_Data/JAE_Legacy_Audit/data/embeddings/Route_B_Legacy/1999/jae_a4192429a0b2.npz,True,True,True,False,0,True,,True,7179,False,False,False,"Several factors relate to the way that individuals adopt (or do not adopt) an innovation (Rogers, 1971; 1983; 1995; Russ",True,7649,False,False,False,study indicate that if teachers believe that offering aquaculture as part of their curriculum will result in benefits to,True,29388,False,False,False,of this multiple methods study indicate that if teachers believe that offering aquaculture as part of their curriculum w
jae_e2781b950c31,Route_B_Legacy,1999,10.5032_jae.1999.02019.pdf,/Volumes/Clemons_Data/_Anchors/Research_Data/JAE_Legacy_Audit/data/raw/Route_B_Legacy/1999/10.5032_jae.1999.02019.pdf,/Volumes/Clemons_Data/_Anchors/Research_Data/JAE_Legacy_Audit/data/structured/Route_B_Legacy/1999/10.5032_jae.1999.02019.json,/Volumes/Clemons_Data/_Anchors/Research_Data/JAE_Legacy_Audit/data/embeddings/Route_B_Legacy/1999/jae_e2781b950c31.npz,True,True,True,False,0,True,,True,7711,False,False,False,The most important information to have regarding an employee in an organization is a validated measure of his or her lev,True,4053,False,False,False,Purpose and Obiectives The purpose of this study was to investigate specific factors associated with job satisfaction an,True,17408,False,False,False,"of previous research in education (Heller, Clay, & Perkins, 1993; Padilla- Vellez, 1993), the ultimate effect for agricu"
jae_88314abec6d9,Route_B_Legacy,1999,10.5032_jae.1999.03011.pdf,/Volumes/Clemons_Data/_Anchors/Research_Data/JAE_Legacy_Audit/data/raw/Route_B_Legacy/1999/10.5032_jae.1999.03011.pdf,/Volumes/Clemons_Data/_Anchors/Research_Data/JAE_Legacy_Audit/data/structured/Route_B_Legacy/1999/10.5032_jae.1999.03011.json,/Volumes/Clemons_Data/_Anchors/Research_Data/JAE_Legacy_Audit/data/embeddings/Route_B_Legacy/1999/jae_88314abec6d9.npz,True,True,True,True,2,False,,True,17,False,False,True,SECTION_NOT_FOUND,True,17,False,False,True,SECTION_NOT_FOUND,True,8421,False,False,False,An analysis of the learning styles of students enrolled in the introductory animal science course indicated that a major
jae_5bd22515842f,Route_B_Legacy,1999,10.5032_jae.1999.04047.pdf,/Volumes/Clemons_Data/_Anchors/Research_Data/JAE_Legacy_Audit/data/raw/Route_B_Legacy/1999/10.5032_jae.1999.04047.pdf,/Volumes/Clemons_Data/_Anchors/Research_Data/JAE_Legacy_Audit/data/structured/Route_B_Legacy/1999/10.5032_jae.1999.04047.json,/Volumes/Clemons_Data/_Anchors/Research_Data/JAE_Legacy_Audit/data/embeddings/Route_B_Legacy/1999/jae_5bd22515842f.npz,True,True,True,False,0,True,,True,3942,False,False,False,Public opinion appears to have resulted in a renewed interest in the quality of teaching in America’s college classrooms,True,2840,False,False,False,". However, they had high levels of interest in learning more about these skills. Their self-perceived levels of skills w",True,24227,False,False,False,"methods. However, they had high levels of interest in learning more about these skills. Their self-perceived levels of s"
jae_21e30df4b2d6,Route_B_Legacy,1999,10.5032_jae.1999.04020.pdf,/Volumes/Clemons_Data/_Anchors/Research_Data/JAE_Legacy_Audit/data/raw/Route_B_Legacy/1999/10.5032_jae.1999.04020.pdf,/Volumes/Clemons_Data/_Anchors/Research_Data/JAE_Legacy_Audit/data/structured/Route_B_Legacy/1999/10.5032_jae.1999.04020.json,/Volumes/Clemons_Data/_Anchors/Research_Data/JAE_Legacy_Audit/data/embeddings/Route_B_Legacy/1999/jae_21e30df4b2d6.npz,True,True,True,False,0,True,,True,4865,False,False,False,The human population is expected to increase by 1 billion people (the equivalent of an additional China) each decade wel,True,4405,False,False,False,"most useful to deliver sustainable agriculture information as perceived by Extension agents in Khorasan Province, Iran. ",True,9355,False,False,False,Extension agents preferred visits to other countries with advanced sustainable agriculture programs. Visits to research 
jae_a1d12810e7f6,Route_B_Legacy,1999,10.5032_jae.1999.04038.pdf,/Volumes/Clemons_Data/_Anchors/Research_Data/JAE_Legacy_Audit/data/raw/Route_B_Legacy/1999/10.5032_jae.1999.04038.pdf,/Volumes/Clemons_Data/_Anchors/Research_Data/JAE_Legacy_Audit/data/structured/Route_B_Legacy/1999/10.5032_jae.1999.04038.json,/Volumes/Clemons_Data/_Anchors/Research_Data/JAE_Legacy_Audit/data/embeddings/Route_B_Legacy/1999/jae_a1d12810e7f6.npz,True,True,True,False,0,True,,True,2538,False,False,False,"Individuals are believed to be active organisms rather than passive tools. Deci and Ryan (1985, p. 8) stated that human ",True,4109,False,False,False,". Introduction Individuals are believed to be active organisms rather than passive tools. Deci and Ryan (1985, p. 8) sta",True,23224,False,False,False,"show that farmers in this study preferred to learn by hands-on activities and through trial and error, whether individua"
jae_cb88906eb1c4,Route_B_Legacy,1999,10.5032_jae.1999.01038.pdf,/Volumes/Clemons_Data/_Anchors/Research_Data/JAE_Legacy_Audit/data/raw/Route_B_Legacy/1999/10.5032_jae.1999.01038.pdf,/Volumes/Clemons_Data/_Anchors/Research_Data/JAE_Legacy_Audit/data/structured/Route_B_Legacy/1999/10.5032_jae.1999.01038.json,/Volumes/Clemons_Data/_Anchors/Research_Data/JAE_Legacy_Audit/data/embeddings/Route_B_Legacy/1999/jae_cb88906eb1c4.npz,True,True,True,False,0,True,,True,4567,False,False,False,and Theoretical Framework Entry into the profession of teaching high school agriculture can be difficult at best. Nesbit,True,2689,False,False,False,and Procedures The study was conducted using a three round Delphi technique to identify problems and challenges associat,True,21153,False,False,False,of other studies that investigated the problems faced by first year agriculture teachers. Purpose and Objectives The pur
jae_be32c34f76e4,Route_B_Legacy,1999,10.5032_jae.1999.02038.pdf,/Volumes/Clemons_Data/_Anchors/Research_Data/JAE_Legacy_Audit/data/raw/Route_B_Legacy/1999/10.5032_jae.1999.02038.pdf,/Volumes/Clemons_Data/_Anchors/Research_Data/JAE_Legacy_Audit/data/structured/Route_B_Legacy/1999/10.5032_jae.1999.02038.json,/Volumes/Clemons_Data/_Anchors/Research_Data/JAE_Legacy_Audit/data/embeddings/Route_B_Legacy/1999/jae_be32c34f76e4.npz,True,True,True,True,1,False,,True,1494,False,False,False,"Extension Agents devote considerable time, effort and resources to coordinating county volunteer recognition activities.",True,2929,False,False,False,of recognizing volunteers and their contributions to the program are frequently overlooked in place of more formal metho,True,11976,False,True,False,The typical demographic profile of tenured 4-H volunteers who attended the state 4-H Volunteer Recognition Banquet was a
jae_1cfd03f1420b,Route_B_Legacy,1999,10.5032_jae.1999.04028.pdf,/Volumes/Clemons_Data/_Anchors/Research_Data/JAE_Legacy_Audit/data/raw/Route_B_Legacy/1999/10.5032_jae.1999.04028.pdf,/Volumes/Clemons_Data/_Anchors/Research_Data/JAE_Legacy_Audit/data/structured/Route_B_Legacy/1999/10.5032_jae.1999.04028.json,/Volumes/Clemons_Data/_Anchors/Research_Data/JAE_Legacy_Audit/data/embeddings/Route_B_Legacy/1999/jae_1cfd03f1420b.npz,True,True,True,False,0,True,,True,4883,False,False,False,The accurate evaluation of instructional programs and activities is an area of concern to a broad spectrum of educators ,True,4143,False,False,False,was the pre-post measure superior or even equivalent to the then-post approach in reflecting behavioral indices of chang,True,25126,False,False,False,"from this study together with other studies cited suggest that when employing self-report measures, the then/post approa"
jae_768e17651876,Route_B_Legacy,1999,10.5032_jae.1999.02046.pdf,/Volumes/Clemons_Data/_Anchors/Research_Data/JAE_Legacy_Audit/data/raw/Route_B_Legacy/1999/10.5032_jae.1999.02046.pdf,/Volumes/Clemons_Data/_Anchors/Research_Data/JAE_Legacy_Audit/data/structured/Route_B_Legacy/1999/10.5032_jae.1999.02046.json,/Volumes/Clemons_Data/_Anchors/Research_Data/JAE_Legacy_Audit/data/embeddings/Route_B_Legacy/1999/jae_768e17651876.npz,True,True,True,True,2,False,,True,17,False,False,True,SECTION_NOT_FOUND,True,17,False,False,True,SECTION_NOT_FOUND,True,3965,False,False,False,"showed that research in this area is primarily a mixture of descriptive, survey, and experimental research. Most laborat"
jae_4b1c6da94fe1,Route_B_Legacy,1999,10.5032_jae.1999.04010.pdf,/Volumes/Clemons_Data/_Anchors/Research_Data/JAE_Legacy_Audit/data/raw/Route_B_Legacy/1999/10.5032_jae.1999.04010.pdf,/Volumes/Clemons_Data/_Anchors/Research_Data/JAE_Legacy_Audit/data/structured/Route_B_Legacy/1999/10.5032_jae.1999.04010.json,/Volumes/Clemons_Data/_Anchors/Research_Data/JAE_Legacy_Audit/data/embeddings/Route_B_Legacy/1999/jae_4b1c6da94fe1.npz,True,True,True,True,1,False,,True,776,False,False,False,"Only a small fraction oftoday’s population, approximately 2% is involved in production agriculture (Utah, Department of ",True,4533,False,False,False,". For food production and export to keep pace with global growth, universities must continue to recruit and educate stud",True,26214,False,True,False,"indicated thatgenerally all students, with or without agricultural experience, had a more positive view of agriculture a"
jae_3375770655c1,Route_B_Legacy,1999,10.5032_jae.1999.01014.pdf,/Volumes/Clemons_Data/_Anchors/Research_Data/JAE_Legacy_Audit/data/raw/Route_B_Legacy/1999/10.5032_jae.1999.01014.pdf,/Volumes/Clemons_Data/_Anchors/Research_Data/JAE_Legacy_Audit/data/structured/Route_B_Legacy/1999/10.5032_jae.1999.01014.json,/Volumes/Clemons_Data/_Anchors/Research_Data/JAE_Legacy_Audit/data/embeddings/Route_B_Legacy/1999/jae_3375770655c1.npz,True,True,True,False,0,True,,True,5061,False,False,False,"Aquaculture can be considered as the aquatic complement to agriculture. Specifically, it is the husbandry of fish and/or",True,384,False,False,False,". Also, Conroy and Peasley reported that although aquaculture programs can be costly, less-expensive alternatives have b",True,20095,False,False,False,. Respondents answered four open-ended questions that assessed the: 1) number of secondary programs offering a unit of a
jae_de14186be376,Route_B_Legacy,1999,10.5032_jae.1999.01074.pdf,/Volumes/Clemons_Data/_Anchors/Research_Data/JAE_Legacy_Audit/data/raw/Route_B_Legacy/1999/10.5032_jae.1999.01074.pdf,/Volumes/Clemons_Data/_Anchors/Research_Data/JAE_Legacy_Audit/data/structured/Route_B_Legacy/1999/10.5032_jae.1999.01074.json,/Volumes/Clemons_Data/_Anchors/Research_Data/JAE_Legacy_Audit/data/embeddings/Route_B_Legacy/1999/jae_de14186be376.npz,True,True,True,False,0,True,,True,2552,False,False,False,"/Theoretical Framework From the early 20th century to the present, heavy emphasis has been placed on the moral aspects o",True,4491,False,False,False,of teaching values in the classroom. While the studies agreed that value education should be part of the formal curricul,True,16039,False,False,False,Characteristics of Respondents The mean years of teaching experience for the Journal of Agricultural Education responden
jae_35fa2ba52b7a,Route_B_Legacy,1999,10.5032_jae.1999.01066.pdf,/Volumes/Clemons_Data/_Anchors/Research_Data/JAE_Legacy_Audit/data/raw/Route_B_Legacy/1999/10.5032_jae.1999.01066.pdf,/Volumes/Clemons_Data/_Anchors/Research_Data/JAE_Legacy_Audit/data/structured/Route_B_Legacy/1999/10.5032_jae.1999.01066.json,/Volumes/Clemons_Data/_Anchors/Research_Data/JAE_Legacy_Audit/data/embeddings/Route_B_Legacy/1999/jae_35fa2ba52b7a.npz,True,True,True,True,3,False,,True,17,False,False,True,SECTION_NOT_FOUND,True,17,False,False,True,SECTION_NOT_FOUND,True,19856,False,True,False,led to the following conclusions: (1) cooperative learning teams formed to achieve heterogeneity of learning styles do n
jae_2e818822d826,Route_B_Legacy,1999,10.5032_jae.1999.04057.pdf,/Volumes/Clemons_Data/_Anchors/Research_Data/JAE_Legacy_Audit/data/raw/Route_B_Legacy/1999/10.5032_jae.1999.04057.pdf,/Volumes/Clemons_Data/_Anchors/Research_Data/JAE_Legacy_Audit/data/structured/Route_B_Legacy/1999/10.5032_jae.1999.04057.json,/Volumes/Clemons_Data/_Anchors/Research_Data/JAE_Legacy_Audit/data/embeddings/Route_B_Legacy/1999/jae_2e818822d826.npz,True,True,True,True,2,False,,True,17,False,False,True,SECTION_NOT_FOUND,True,17,False,False,True,SECTION_NOT_FOUND,True,26482,False,False,False,"indicated that counselors heldpositive perceptions in all areas, with the mostpositive attitudes reported in agricultura"
jae_eba9b5212ea9,Route_B_Legacy,1999,10.5032_jae.1999.01030.pdf,/Volumes/Clemons_Data/_Anchors/Research_Data/JAE_Legacy_Audit/data/raw/Route_B_Legacy/1999/10.5032_jae.1999.01030.pdf,/Volumes/Clemons_Data/_Anchors/Research_Data/JAE_Legacy_Audit/data/structured/Route_B_Legacy/1999/10.5032_jae.1999.01030.json,/Volumes/Clemons_Data/_Anchors/Research_Data/JAE_Legacy_Audit/data/embeddings/Route_B_Legacy/1999/jae_eba9b5212ea9.npz,True,True,True,True,1,False,,True,17906,False,False,False,"There is evidence to suggest that students differ greatly in how they learn (Dunn & Dunn, 1979; Bargar, Bargar, & Cano, ",True,17,False,False,True,SECTION_NOT_FOUND,True,20538,False,False,False,of the study indicated that the 1994 enteringfreshmen tended to lean towards the field-independent learning style. The s
jae_ea35b5cd2bf4,Route_B_Legacy,1999,10.5032_jae.1999.02055.pdf,/Volumes/Clemons_Data/_Anchors/Research_Data/JAE_Legacy_Audit/data/raw/Route_B_Legacy/1999/10.5032_jae.1999.02055.pdf,/Volumes/Clemons_Data/_Anchors/Research_Data/JAE_Legacy_Audit/data/structured/Route_B_Legacy/1999/10.5032_jae.1999.02055.json,/Volumes/Clemons_Data/_Anchors/Research_Data/JAE_Legacy_Audit/data/embeddings/Route_B_Legacy/1999/jae_ea35b5cd2bf4.npz,True,True,True,False,0,True,,True,3527,False,False,False,"/Theoretical Framework “Lonnie Maxwell, who taught science and agriculture, was a Smith-Hughes man; and his salary was a",True,1325,False,False,False,Historical research methods were utilized to accomplish the objectives of the study. Both primary and secondary sources ,True,19540,False,False,False,"In 1952 Hawkins, Prosser, and Wright (as cited in Straquadine, Barrick, Case, & Miller, 199 1) explained that some natio"
jae_8f9d05936623,Route_A_Modern,2000,10.5032_jae.2000.02036.pdf,/Volumes/Clemons_Data/_Anchors/Research_Data/JAE_Legacy_Audit/data/raw/Route_A_Modern/2000/10.5032_jae.2000.02036.pdf,/Volumes/Clemons_Data/_Anchors/Research_Data/JAE_Legacy_Audit/data/structured/Route_A_Modern/2000/10.5032_jae.2000.02036.json,/Volumes/Clemons_Data/_Anchors/Research_Data/JAE_Legacy_Audit/data/embeddings/Route_A_Modern/2000/jae_8f9d05936623.npz,True,True,True,False,0,True,,True,5535,False,False,False,The concept of integrating science into agricultural education programs has been supported from various sources for over,True,5928,False,False,False,"(Reichardt and Rallis, 1994). Specifically, the research combined a series of personal interviews with the treatment gro",True,26211,False,False,False,support the claim that the integration of science into the agriculture curricula is a more effective way to teach scienc
jae_02900bb016da,Route_A_Modern,2001,10.5032_jae.2001.01061.pdf,/Volumes/Clemons_Data/_Anchors/Research_Data/JAE_Legacy_Audit/data/raw/Route_A_Modern/2001/10.5032_jae.2001.01061.pdf,/Volumes/Clemons_Data/_Anchors/Research_Data/JAE_Legacy_Audit/data/structured/Route_A_Modern/2001/10.5032_jae.2001.01061.json,/Volumes/Clemons_Data/_Anchors/Research_Data/JAE_Legacy_Audit/data/embeddings/Route_A_Modern/2001/jae_02900bb016da.npz,True,True,True,False,0,True,,True,12329,False,False,False,Never has education been more important than in today’s demanding world. Today one not only has to have a good education,True,1706,False,False,False,The target population for this study was defined as all students enrolled in public high schools in the state of Louisia,True,31927,False,False,False,of the study indicated that agriscience students earned higher scores than non-agriscience students on the science porti
jae_24071d17a253,Route_A_Modern,2003,10.5032_jae.2003.03047.pdf,/Volumes/Clemons_Data/_Anchors/Research_Data/JAE_Legacy_Audit/data/raw/Route_A_Modern/2003/10.5032_jae.2003.03047.pdf,/Volumes/Clemons_Data/_Anchors/Research_Data/JAE_Legacy_Audit/data/structured/Route_A_Modern/2003/10.5032_jae.2003.03047.json,/Volumes/Clemons_Data/_Anchors/Research_Data/JAE_Legacy_Audit/data/embeddings/Route_A_Modern/2003/jae_24071d17a253.npz,True,True,True,False,0,True,,True,1793,False,False,False,"/Theoretical Framework Throughout their teaching career, teachers often experience frustrations and concerns related to ",True,3074,False,False,False,"and evaluating pupil learning, 6) pupil learning of the material, and 7) improving oneself as a teacher. Fuller, Parsons",True,16919,False,False,False,also indicated that student teachers may have valued the Internet as a communication tool for a range of purposes. Overa
jae_9c9e8bc4ee6d,Route_A_Modern,2004,2004_A-HISTORY-OF-LEADERSHIP-DEVELOPMENT-THROUGH-PARLIAMENTARY-PROCEDURE-INSTRUCTION-AND-AND-EVENTS-IN-AGRICULTURAL-EDUCATION-AND-FFA.pdf,/Volumes/Clemons_Data/_Anchors/Research_Data/JAE_Legacy_Audit/data/raw/Route_A_Modern/2004_A-HISTORY-OF-LEADERSHIP-DEVELOPMENT-THROUGH-PARLIAMENTARY-PROCEDURE-INSTRUCTION-AND-AND-EVENTS-IN-AGRICULTURAL-EDUCATION-AND-FFA.pdf,/Volumes/Clemons_Data/_Anchors/Research_Data/JAE_Legacy_Audit/data/structured/Route_A_Modern/2004_A-HISTORY-OF-LEADERSHIP-DEVELOPMENT-THROUGH-PARLIAMENTARY-PROCEDURE-INSTRUCTION-AND-AND-EVENTS-IN-AGRICULTURAL-EDUCATION-AND-FFA.json,/Volumes/Clemons_Data/_Anchors/Research_Data/JAE_Legacy_Audit/data/embeddings/Route_A_Modern/jae_9c9e8bc4ee6d.npz,True,True,True,False,0,True,,True,1957,False,False,False,The use of parliamentary procedure in agricultural education and the Future Farmers of America goes back to the very beg,True,1577,False,False,False,"and Procedures Historical research methods were used to accomplish the objectives of the study (Ary, Jacobs, & Razavieh,",True,25978,False,False,False,were established following the criteria established by Lincoln and Guba (1985). Multiple sources such as meeting minutes
jae_8947231abb8a,Route_A_Modern,2004,2004_A-QUALITATIVE-CASE-STUDY-ANALYSIS-OF-THE-SMALL-FARMERS-OUTREACH-TRAINING-AND-TECHNICAL-ASSISTANCE-2501-PROGRAM-FROM-1994-2001-IMPLICATIONS-FOR-AFRICAN-AMERICAN-FARMERS.pdf,/Volumes/Clemons_Data/_Anchors/Research_Data/JAE_Legacy_Audit/data/raw/Route_A_Modern/2004_A-QUALITATIVE-CASE-STUDY-ANALYSIS-OF-THE-SMALL-FARMERS-OUTREACH-TRAINING-AND-TECHNICAL-ASSISTANCE-2501-PROGRAM-FROM-1994-2001-IMPLICATIONS-FOR-AFRICAN-AMERICAN-FARMERS.pdf,/Volumes/Clemons_Data/_Anchors/Research_Data/JAE_Legacy_Audit/data/structured/Route_A_Modern/2004_A-QUALITATIVE-CASE-STUDY-ANALYSIS-OF-THE-SMALL-FARMERS-OUTREACH-TRAINING-AND-TECHNICAL-ASSISTANCE-2501-PROGRAM-FROM-1994-2001-IMPLICATIONS-FOR-AFRICAN-AMERICAN-FARMERS.json,/Volumes/Clemons_Data/_Anchors/Research_Data/JAE_Legacy_Audit/data/embeddings/Route_A_Modern/jae_8947231abb8a.npz,True,True,True,False,0,True,,True,7406,False,False,False,/Theoretical Framework The rich history of African Americans outlines a legacy that is rooted deep within the agrarian c,True,3130,False,False,False,The data for this study were collected using the qualitative case study methodological approach. This avenue of inquiry ,True,23588,False,False,False,What did the 2501 Projects do and how well did they do it? A review of the findings indicated that the six small farm pr
jae_a132fd29008d,Route_A_Modern,2004,2004_A-TRI-STATE-NEEDS-ASSESSMENT-OF-EMOTIONAL-INTELLIGENCE-IN-AGRICULTURAL-EDUCATION.pdf,/Volumes/Clemons_Data/_Anchors/Research_Data/JAE_Legacy_Audit/data/raw/Route_A_Modern/2004_A-TRI-STATE-NEEDS-ASSESSMENT-OF-EMOTIONAL-INTELLIGENCE-IN-AGRICULTURAL-EDUCATION.pdf,/Volumes/Clemons_Data/_Anchors/Research_Data/JAE_Legacy_Audit/data/structured/Route_A_Modern/2004_A-TRI-STATE-NEEDS-ASSESSMENT-OF-EMOTIONAL-INTELLIGENCE-IN-AGRICULTURAL-EDUCATION.json,/Volumes/Clemons_Data/_Anchors/Research_Data/JAE_Legacy_Audit/data/embeddings/Route_A_Modern/jae_a132fd29008d.npz,True,True,True,False,0,True,,True,6842,False,False,False,/Theoretical Framework The explosive growth in the body of knowledge about how the brain works has captured the interest,True,5525,False,False,False,Population/ Study Design The target population of this study was all secondary agricultural educators teaching in public,True,16282,False,False,False,"in emotional intelligence support the concept of confluent education, which holds that effective learning develops in th"
jae_4d9438071c6c,Route_A_Modern,2004,2004_ACCOUNTABILITY-NOT-A-DESTINATION-BUT-A-NEVER-ENDING-JOURNEY.pdf,/Volumes/Clemons_Data/_Anchors/Research_Data/JAE_Legacy_Audit/data/raw/Route_A_Modern/2004_ACCOUNTABILITY-NOT-A-DESTINATION-BUT-A-NEVER-ENDING-JOURNEY.pdf,/Volumes/Clemons_Data/_Anchors/Research_Data/JAE_Legacy_Audit/data/structured/Route_A_Modern/2004_ACCOUNTABILITY-NOT-A-DESTINATION-BUT-A-NEVER-ENDING-JOURNEY.json,/Volumes/Clemons_Data/_Anchors/Research_Data/JAE_Legacy_Audit/data/embeddings/Route_A_Modern/jae_4d9438071c6c.npz,True,True,True,False,0,True,,True,3784,False,False,False,"When I was asked to present the 2003 AAAE Distinguished Lecture, I began to reflect back on previous lectures and our co",True,1091,False,False,False,", respectful, or others. Figure 1. Characteristics of effective teacher, self, and duplicated characteristics There are ",True,26157,False,False,False,"in the form of student achievement. It’s not about covering the subject matter, it is about student learning. I have a T"
jae_76d3c61a9ae9,Route_A_Modern,2004,2004_AGRICULTURE-TEACHER-EDUCATION-PROGRAMS-A-SYNTHESIS-OF-THE-LITERATURE.pdf,/Volumes/Clemons_Data/_Anchors/Research_Data/JAE_Legacy_Audit/data/raw/Route_A_Modern/2004_AGRICULTURE-TEACHER-EDUCATION-PROGRAMS-A-SYNTHESIS-OF-THE-LITERATURE.pdf,/Volumes/Clemons_Data/_Anchors/Research_Data/JAE_Legacy_Audit/data/structured/Route_A_Modern/2004_AGRICULTURE-TEACHER-EDUCATION-PROGRAMS-A-SYNTHESIS-OF-THE-LITERATURE.json,/Volumes/Clemons_Data/_Anchors/Research_Data/JAE_Legacy_Audit/data/embeddings/Route_A_Modern/jae_76d3c61a9ae9.npz,True,True,True,True,2,False,,True,17,False,False,True,SECTION_NOT_FOUND,True,17,False,False,True,SECTION_NOT_FOUND,True,1146,False,False,False,presented in this article provide a comprehensive review of research related to agriculture teacher education programs p
jae_0230ba1dfb26,Route_A_Modern,2004,2004_AN-ASSESSMENT-OF-FOOD-AND-FIBER-SYSTEMS-KNOWLEDGE-IN-SELECTED-OKLAHOMA-HIGH-SCHOOLS.pdf,/Volumes/Clemons_Data/_Anchors/Research_Data/JAE_Legacy_Audit/data/raw/Route_A_Modern/2004_AN-ASSESSMENT-OF-FOOD-AND-FIBER-SYSTEMS-KNOWLEDGE-IN-SELECTED-OKLAHOMA-HIGH-SCHOOLS.pdf,/Volumes/Clemons_Data/_Anchors/Research_Data/JAE_Legacy_Audit/data/structured/Route_A_Modern/2004_AN-ASSESSMENT-OF-FOOD-AND-FIBER-SYSTEMS-KNOWLEDGE-IN-SELECTED-OKLAHOMA-HIGH-SCHOOLS.json,/Volumes/Clemons_Data/_Anchors/Research_Data/JAE_Legacy_Audit/data/embeddings/Route_A_Modern/jae_0230ba1dfb26.npz,True,True,True,False,0,True,,True,3545,False,False,False,In a democratic society whose people must elect officials to enact policy which will guide the many aspects of their liv,True,11166,False,False,False,for Infusing Ag Knowledge into Existing Curriculum Definition of Ag Literacy Learning Standards Based Assessment Pense &,True,12571,False,False,False,were less likely to occur. Analysis of Data The answer sheets were scanned and entered into an SPSS® 8.0 version data fi
jae_530b5421fa47,Route_A_Modern,2004,2004_AN-EXPLORATION-OF-THE-OUTCOMES-OF-UTILIZING-ILL-STRUCTURED-PROBLEMS-IN-PRE-SERVICE-TEACHER-PREPARATION.pdf,/Volumes/Clemons_Data/_Anchors/Research_Data/JAE_Legacy_Audit/data/raw/Route_A_Modern/2004_AN-EXPLORATION-OF-THE-OUTCOMES-OF-UTILIZING-ILL-STRUCTURED-PROBLEMS-IN-PRE-SERVICE-TEACHER-PREPARATION.pdf,/Volumes/Clemons_Data/_Anchors/Research_Data/JAE_Legacy_Audit/data/structured/Route_A_Modern/2004_AN-EXPLORATION-OF-THE-OUTCOMES-OF-UTILIZING-ILL-STRUCTURED-PROBLEMS-IN-PRE-SERVICE-TEACHER-PREPARATION.json,/Volumes/Clemons_Data/_Anchors/Research_Data/JAE_Legacy_Audit/data/embeddings/Route_A_Modern/jae_530b5421fa47.npz,True,True,True,False,0,True,,True,1246,False,False,False,"and Theoretical Framework Beginning teachers face many illstructured, complex problems. Among their many needs, novice t",True,3862,False,False,False,"is the existence of a clearly defined problem (Hedges, 1996; Newcomb, McCracken, & Warmbrod, 1993; Stewart, 1950; Suther",True,23858,False,False,False,of such research could serve as a mechanism to help developing teachers solve ill-structured and complex problems relate
jae_ff4468e7e1b9,Route_A_Modern,2004,2004_AN-INVESTIGATION-INTO-THE-PERCEIVED-FARM-MANAGEMENT-AND-MARKETING-EDUCATIONAL-NEEDS-OF-FARM-OPERATORS-IN-JORDAN.pdf,/Volumes/Clemons_Data/_Anchors/Research_Data/JAE_Legacy_Audit/data/raw/Route_A_Modern/2004_AN-INVESTIGATION-INTO-THE-PERCEIVED-FARM-MANAGEMENT-AND-MARKETING-EDUCATIONAL-NEEDS-OF-FARM-OPERATORS-IN-JORDAN.pdf,/Volumes/Clemons_Data/_Anchors/Research_Data/JAE_Legacy_Audit/data/structured/Route_A_Modern/2004_AN-INVESTIGATION-INTO-THE-PERCEIVED-FARM-MANAGEMENT-AND-MARKETING-EDUCATIONAL-NEEDS-OF-FARM-OPERATORS-IN-JORDAN.json,/Volumes/Clemons_Data/_Anchors/Research_Data/JAE_Legacy_Audit/data/embeddings/Route_A_Modern/jae_ff4468e7e1b9.npz,True,True,True,False,0,True,,True,2604,False,False,False,Farmers need management and marketing skills to survive in a highly competitive business environment. High risk and the ,True,3227,False,False,False,of extension. The effectiveness of state extension can be enhanced if the services of other professionals such as commer,True,21319,False,False,False,"is minimal. A structured questionnaire was prepared, pre-tested in different sites of the study area, and modified accor"
jae_9c69eafbc90a,Route_A_Modern,2004,2004_CHARACTERISTICS-OF-EFFECTIVE-AGRICULTURE-TEACHERS.pdf,/Volumes/Clemons_Data/_Anchors/Research_Data/JAE_Legacy_Audit/data/raw/Route_A_Modern/2004_CHARACTERISTICS-OF-EFFECTIVE-AGRICULTURE-TEACHERS.pdf,/Volumes/Clemons_Data/_Anchors/Research_Data/JAE_Legacy_Audit/data/structured/Route_A_Modern/2004_CHARACTERISTICS-OF-EFFECTIVE-AGRICULTURE-TEACHERS.json,/Volumes/Clemons_Data/_Anchors/Research_Data/JAE_Legacy_Audit/data/embeddings/Route_A_Modern/jae_9c69eafbc90a.npz,True,True,True,False,0,True,,True,1080,False,False,False,/Theoretical Framework Today’s secondary educational environment is much different than it was decades ago. Requirements,True,3450,False,False,False,to maximize student performance. One approach used by schools to aid in increasing student performance is to hire and re,True,24578,False,False,False,"; minimize waste time, allowing few distractions and interruptions; establish and follow simple, consistent rules; monit"
jae_e822c81c597f,Route_A_Modern,2004,2004_COMPUTER-EXPERIENCES-SELF-EFFICACY-AND-KNOWLEDGE-OF-UNDERGRADUATE-STUDENTS-ENTERING-A-LAND-GRANT-COLLEGE-OF-AGRICULTURE-BY-YEAR-AND-GENDER.pdf,/Volumes/Clemons_Data/_Anchors/Research_Data/JAE_Legacy_Audit/data/raw/Route_A_Modern/2004_COMPUTER-EXPERIENCES-SELF-EFFICACY-AND-KNOWLEDGE-OF-UNDERGRADUATE-STUDENTS-ENTERING-A-LAND-GRANT-COLLEGE-OF-AGRICULTURE-BY-YEAR-AND-GENDER.pdf,/Volumes/Clemons_Data/_Anchors/Research_Data/JAE_Legacy_Audit/data/structured/Route_A_Modern/2004_COMPUTER-EXPERIENCES-SELF-EFFICACY-AND-KNOWLEDGE-OF-UNDERGRADUATE-STUDENTS-ENTERING-A-LAND-GRANT-COLLEGE-OF-AGRICULTURE-BY-YEAR-AND-GENDER.json,/Volumes/Clemons_Data/_Anchors/Research_Data/JAE_Legacy_Audit/data/embeddings/Route_A_Modern/jae_e822c81c597f.npz,True,True,True,False,0,True,,True,10123,False,False,False,The empirical rationale for this study was grounded in three areas of research: (a) the computer experiences and skills ,True,3538,False,False,False,This was a descriptive study. The subjects consisted of students enrolled in college-wide agriculture student orientatio,True,28571,False,False,False,"support Tyack and Cuban (1995) and Cuban (2001) in that, among upperdivision students in a land-grant college of agricul"
jae_653289e19c31,Route_A_Modern,2004,2004_CRITICAL-WATER-RELATED-CURRICULUM-NEEDS-AS-PERCEIVED-BY-AGRICULTURAL-SCIENCE-TEACHERS-IN-PROGRAMS-LOCATED-WITHIN-THE-BOUNDARIES-OF-THE-OGALLALA-AQUIFER.pdf,/Volumes/Clemons_Data/_Anchors/Research_Data/JAE_Legacy_Audit/data/raw/Route_A_Modern/2004_CRITICAL-WATER-RELATED-CURRICULUM-NEEDS-AS-PERCEIVED-BY-AGRICULTURAL-SCIENCE-TEACHERS-IN-PROGRAMS-LOCATED-WITHIN-THE-BOUNDARIES-OF-THE-OGALLALA-AQUIFER.pdf,/Volumes/Clemons_Data/_Anchors/Research_Data/JAE_Legacy_Audit/data/structured/Route_A_Modern/2004_CRITICAL-WATER-RELATED-CURRICULUM-NEEDS-AS-PERCEIVED-BY-AGRICULTURAL-SCIENCE-TEACHERS-IN-PROGRAMS-LOCATED-WITHIN-THE-BOUNDARIES-OF-THE-OGALLALA-AQUIFER.json,/Volumes/Clemons_Data/_Anchors/Research_Data/JAE_Legacy_Audit/data/embeddings/Route_A_Modern/jae_653289e19c31.npz,True,True,True,False,0,True,,True,12235,False,False,False,"The Ogallala Aquifer The Ogallala Aquifer was named in 1898 after Ogallala, Nebraska, a town which is located above the ",True,5355,False,False,False,"and Procedures Population A map of the Ogallala Aquifer (Gutentag, Heimes, Krothe, Luckey, & Weeks, 2001) was used to de",True,24920,False,False,False,of the future situation is that the aquifer can continue to be a source of substantial amounts of water for several deca
jae_4b87ef2cdcc8,Route_A_Modern,2004,2004_CULTIVATING-CULTURAL-COMPETENCE-IN-AGRICULTURAL-EDUCATION-THROUGH-COMMUNITY-BASED-SERVICE-LEARNING.pdf,/Volumes/Clemons_Data/_Anchors/Research_Data/JAE_Legacy_Audit/data/raw/Route_A_Modern/2004_CULTIVATING-CULTURAL-COMPETENCE-IN-AGRICULTURAL-EDUCATION-THROUGH-COMMUNITY-BASED-SERVICE-LEARNING.pdf,/Volumes/Clemons_Data/_Anchors/Research_Data/JAE_Legacy_Audit/data/structured/Route_A_Modern/2004_CULTIVATING-CULTURAL-COMPETENCE-IN-AGRICULTURAL-EDUCATION-THROUGH-COMMUNITY-BASED-SERVICE-LEARNING.json,/Volumes/Clemons_Data/_Anchors/Research_Data/JAE_Legacy_Audit/data/embeddings/Route_A_Modern/jae_4b87ef2cdcc8.npz,True,True,True,True,1,False,,True,6612,False,False,False,"On December 28, 2000, the Census Bureau released the first results of the census completed a few months earlier, announc",True,17,False,False,True,SECTION_NOT_FOUND,True,28732,False,False,False,"of the census completed a few months earlier, announcing, “never have we been so diverse; never have we been so many; ne"
jae_c7a6ad9a038c,Route_A_Modern,2004,2004_DEVELOPING-TRANSPARENT-AND-DIALOGIC-SYSTEMS-FOR-FACULTY-PERFORMANCE-ASSESSMENT-AND-EVALUATION-IN-A-COLLEGE-OF-AGRICULTURAL-CONSUMER-AND-ENVIRONMENTAL-SCIENCES.pdf,/Volumes/Clemons_Data/_Anchors/Research_Data/JAE_Legacy_Audit/data/raw/Route_A_Modern/2004_DEVELOPING-TRANSPARENT-AND-DIALOGIC-SYSTEMS-FOR-FACULTY-PERFORMANCE-ASSESSMENT-AND-EVALUATION-IN-A-COLLEGE-OF-AGRICULTURAL-CONSUMER-AND-ENVIRONMENTAL-SCIENCES.pdf,/Volumes/Clemons_Data/_Anchors/Research_Data/JAE_Legacy_Audit/data/structured/Route_A_Modern/2004_DEVELOPING-TRANSPARENT-AND-DIALOGIC-SYSTEMS-FOR-FACULTY-PERFORMANCE-ASSESSMENT-AND-EVALUATION-IN-A-COLLEGE-OF-AGRICULTURAL-CONSUMER-AND-ENVIRONMENTAL-SCIENCES.json,/Volumes/Clemons_Data/_Anchors/Research_Data/JAE_Legacy_Audit/data/embeddings/Route_A_Modern/jae_c7a6ad9a038c.npz,True,True,True,True,2,False,,True,17,False,False,True,SECTION_NOT_FOUND,True,17,False,False,True,SECTION_NOT_FOUND,True,726,False,False,False,should be reported. The faculty indicate clear preferences for each of these processes. The interviews and survey are in
jae_1292819330c8,Route_A_Modern,2004,2004_EDUCATIONAL-INTERESTS-OF-SECONDARY-AGRICULTURAL-EDUCATION-TEACHERS-IN-GEORGIA-IMPLICATIONS-FOR-THE-DELIVERY-OF-EDUCATIONAL-PROGRAMMING-AT-A-DISTANCE.pdf,/Volumes/Clemons_Data/_Anchors/Research_Data/JAE_Legacy_Audit/data/raw/Route_A_Modern/2004_EDUCATIONAL-INTERESTS-OF-SECONDARY-AGRICULTURAL-EDUCATION-TEACHERS-IN-GEORGIA-IMPLICATIONS-FOR-THE-DELIVERY-OF-EDUCATIONAL-PROGRAMMING-AT-A-DISTANCE.pdf,/Volumes/Clemons_Data/_Anchors/Research_Data/JAE_Legacy_Audit/data/structured/Route_A_Modern/2004_EDUCATIONAL-INTERESTS-OF-SECONDARY-AGRICULTURAL-EDUCATION-TEACHERS-IN-GEORGIA-IMPLICATIONS-FOR-THE-DELIVERY-OF-EDUCATIONAL-PROGRAMMING-AT-A-DISTANCE.json,/Volumes/Clemons_Data/_Anchors/Research_Data/JAE_Legacy_Audit/data/embeddings/Route_A_Modern/jae_1292819330c8.npz,True,True,True,False,0,True,,True,7806,False,False,False,"and Conceptual Framework Based on findings from a national Delphi panel, Murphy and Terry (1998) concluded, “Electronic ",True,2067,False,False,False,and Procedures This was a descriptive-correlational study to describe the interests of agricultural education teachers i,True,23420,False,False,False,"from a national Delphi panel, Murphy and Terry (1998) concluded, “Electronic communication, information, and imaging tec"
jae_8914285880bb,Route_A_Modern,2004,2004_EFFECTS-OF-THINKING-ALOUD-PAIR-PROBLEM-SOLVING-ON-THE-TROUBLESHOOTING-PERFORMANCE-OF-UNDERGRADUATE-AGRICULTURE-STUDENTS-IN-A-POWER-TECHNOLOGY-COURSE.pdf,/Volumes/Clemons_Data/_Anchors/Research_Data/JAE_Legacy_Audit/data/raw/Route_A_Modern/2004_EFFECTS-OF-THINKING-ALOUD-PAIR-PROBLEM-SOLVING-ON-THE-TROUBLESHOOTING-PERFORMANCE-OF-UNDERGRADUATE-AGRICULTURE-STUDENTS-IN-A-POWER-TECHNOLOGY-COURSE.pdf,/Volumes/Clemons_Data/_Anchors/Research_Data/JAE_Legacy_Audit/data/structured/Route_A_Modern/2004_EFFECTS-OF-THINKING-ALOUD-PAIR-PROBLEM-SOLVING-ON-THE-TROUBLESHOOTING-PERFORMANCE-OF-UNDERGRADUATE-AGRICULTURE-STUDENTS-IN-A-POWER-TECHNOLOGY-COURSE.json,/Volumes/Clemons_Data/_Anchors/Research_Data/JAE_Legacy_Audit/data/embeddings/Route_A_Modern/jae_8914285880bb.npz,True,True,True,False,0,True,,True,14168,False,False,False,"/Theoretical Framework All students, including those enrolled in colleges of agriculture, will encounter problems of inc",True,4419,False,False,False,"This study utilized a post-test only control group design (Campbell & Stanley, 1966), with a counter-balanced internal r",True,28292,False,False,False,were stable across two troubleshooting tasks. Students who participated in TAPPS groups were assigned a listening partne
jae_fd99c4589b69,Route_A_Modern,2004,2004_ENGAGING-STUDENTS-IN-THE-AGRICULTURAL-EDUCATION-MODEL-FACTORS-AFFECTING-STUDENT-PARTICIPATION-IN-THE-NATIONAL-FFA-ORGANIZATION.pdf,/Volumes/Clemons_Data/_Anchors/Research_Data/JAE_Legacy_Audit/data/raw/Route_A_Modern/2004_ENGAGING-STUDENTS-IN-THE-AGRICULTURAL-EDUCATION-MODEL-FACTORS-AFFECTING-STUDENT-PARTICIPATION-IN-THE-NATIONAL-FFA-ORGANIZATION.pdf,/Volumes/Clemons_Data/_Anchors/Research_Data/JAE_Legacy_Audit/data/structured/Route_A_Modern/2004_ENGAGING-STUDENTS-IN-THE-AGRICULTURAL-EDUCATION-MODEL-FACTORS-AFFECTING-STUDENT-PARTICIPATION-IN-THE-NATIONAL-FFA-ORGANIZATION.json,/Volumes/Clemons_Data/_Anchors/Research_Data/JAE_Legacy_Audit/data/embeddings/Route_A_Modern/jae_fd99c4589b69.npz,True,True,True,False,0,True,,True,8018,False,False,False,"and Theoretical Framework The agricultural education program has three integral, intra-curricular components: classroom/",True,5380,False,False,False,"This was a descriptive, comparative study; therefore, self-administered mailed questionnaires were utilized to obtain da",True,31319,False,False,False,. Almost one-third of the FFA members reported that they had not received any award in FFA. Two-fifths had never partici
jae_9cce19b59726,Route_A_Modern,2004,2004_FACTORS-EXPLAINING-JOB-SATISFACTION-AMONG-FACULTY.pdf,/Volumes/Clemons_Data/_Anchors/Research_Data/JAE_Legacy_Audit/data/raw/Route_A_Modern/2004_FACTORS-EXPLAINING-JOB-SATISFACTION-AMONG-FACULTY.pdf,/Volumes/Clemons_Data/_Anchors/Research_Data/JAE_Legacy_Audit/data/structured/Route_A_Modern/2004_FACTORS-EXPLAINING-JOB-SATISFACTION-AMONG-FACULTY.json,/Volumes/Clemons_Data/_Anchors/Research_Data/JAE_Legacy_Audit/data/embeddings/Route_A_Modern/jae_9cce19b59726.npz,True,True,True,True,2,False,,True,17,False,False,True,SECTION_NOT_FOUND,True,17,False,False,True,SECTION_NOT_FOUND,True,27723,False,False,False,"will be fruitful for both the organization and the employee” (p. 576). Lastly, Rosnowski and Hulin (1992), submitted tha"
jae_296d4e8025d4,Route_A_Modern,2004,2004_FACTORS-RELATED-TO-THE-INTENT-OF-PROFESSIONALS-IN-AGRICULTURAL-AND-EXTENSION-EDUCATION-TO-ENROLL-IN-AN-ON-LINE-MASTER-S-DEGREE-PROGRAM.pdf,/Volumes/Clemons_Data/_Anchors/Research_Data/JAE_Legacy_Audit/data/raw/Route_A_Modern/2004_FACTORS-RELATED-TO-THE-INTENT-OF-PROFESSIONALS-IN-AGRICULTURAL-AND-EXTENSION-EDUCATION-TO-ENROLL-IN-AN-ON-LINE-MASTER-S-DEGREE-PROGRAM.pdf,/Volumes/Clemons_Data/_Anchors/Research_Data/JAE_Legacy_Audit/data/structured/Route_A_Modern/2004_FACTORS-RELATED-TO-THE-INTENT-OF-PROFESSIONALS-IN-AGRICULTURAL-AND-EXTENSION-EDUCATION-TO-ENROLL-IN-AN-ON-LINE-MASTER-S-DEGREE-PROGRAM.json,/Volumes/Clemons_Data/_Anchors/Research_Data/JAE_Legacy_Audit/data/embeddings/Route_A_Modern/jae_296d4e8025d4.npz,True,True,True,True,2,False,,True,17,False,False,True,SECTION_NOT_FOUND,True,17,False,False,True,SECTION_NOT_FOUND,True,23366,False,False,False,. Theoretical Framework/ Literature Review Potential students for an online master’s degree program are essentially cons
jae_076c02b5e1f7,Route_A_Modern,2004,2004_FEMALE-LEADERSHIP-IN-RURAL-FLORIDA-FFA-CHAPTERS.pdf,/Volumes/Clemons_Data/_Anchors/Research_Data/JAE_Legacy_Audit/data/raw/Route_A_Modern/2004_FEMALE-LEADERSHIP-IN-RURAL-FLORIDA-FFA-CHAPTERS.pdf,/Volumes/Clemons_Data/_Anchors/Research_Data/JAE_Legacy_Audit/data/structured/Route_A_Modern/2004_FEMALE-LEADERSHIP-IN-RURAL-FLORIDA-FFA-CHAPTERS.json,/Volumes/Clemons_Data/_Anchors/Research_Data/JAE_Legacy_Audit/data/embeddings/Route_A_Modern/jae_076c02b5e1f7.npz,True,True,True,False,0,True,,True,9157,False,False,False,More females than ever before are taking on the role of “leader” in agricultural education. National FFA membership curr,True,4293,False,False,False,and Procedures The researchers employed qualitative and quantitative methods to understand and explain the leadership pr,True,33542,False,False,False,"suggested that females were more active in career development events, officer positions, and other leadership developmen"
jae_dc297381693f,Route_A_Modern,2004,2004_GLOBAL-PERSPECTIVES-AND-ATTITUDES-TOWARD-CULTURAL-DIVERSITY-AMONG-SUMMER-AGRICULTURE-STUDENTS-AT-THE-OHIO-STATE-UNIVERSITY.pdf,/Volumes/Clemons_Data/_Anchors/Research_Data/JAE_Legacy_Audit/data/raw/Route_A_Modern/2004_GLOBAL-PERSPECTIVES-AND-ATTITUDES-TOWARD-CULTURAL-DIVERSITY-AMONG-SUMMER-AGRICULTURE-STUDENTS-AT-THE-OHIO-STATE-UNIVERSITY.pdf,/Volumes/Clemons_Data/_Anchors/Research_Data/JAE_Legacy_Audit/data/structured/Route_A_Modern/2004_GLOBAL-PERSPECTIVES-AND-ATTITUDES-TOWARD-CULTURAL-DIVERSITY-AMONG-SUMMER-AGRICULTURE-STUDENTS-AT-THE-OHIO-STATE-UNIVERSITY.json,/Volumes/Clemons_Data/_Anchors/Research_Data/JAE_Legacy_Audit/data/embeddings/Route_A_Modern/jae_dc297381693f.npz,True,True,True,True,1,False,,True,8014,False,False,False,"In recent years, the issues of globalization and cultural diversity have gained increasing attention in higher education",True,1683,False,False,False,The design of this study focused on survey research. The target population was all undergraduate agriculture students wh,True,32546,False,True,False,"indicated that, in general, students tended to have a moderate global perspective and a positive attitude toward cultura"
jae_ae418afb3476,Route_A_Modern,2004,2004_IDENTIFYING-SOURCES-OF-MOTIVATION-OF-ADULT-RURAL-WORKERS.pdf,/Volumes/Clemons_Data/_Anchors/Research_Data/JAE_Legacy_Audit/data/raw/Route_A_Modern/2004_IDENTIFYING-SOURCES-OF-MOTIVATION-OF-ADULT-RURAL-WORKERS.pdf,/Volumes/Clemons_Data/_Anchors/Research_Data/JAE_Legacy_Audit/data/structured/Route_A_Modern/2004_IDENTIFYING-SOURCES-OF-MOTIVATION-OF-ADULT-RURAL-WORKERS.json,/Volumes/Clemons_Data/_Anchors/Research_Data/JAE_Legacy_Audit/data/embeddings/Route_A_Modern/jae_ae418afb3476.npz,True,True,True,False,0,True,,True,16456,False,False,False,"Leader and follower motivation has important implications for selection, promotion, design, implementation and evaluatio",True,1643,False,False,False,"and Procedures Population and Sample Because the MSI had never been tested with agricultural workers, this population wa",True,27990,False,False,False,demonstrate a high proportion of self-concept internal work motivation among rural workers. The other four sources were 
jae_759675ce359e,Route_A_Modern,2004,2004_INQUIRY-BASED-INSTRUCTION-IN-SECONDARY-AGRICULTURAL-EDUCATION-PROBLEM-SOLVING-AN-OLD-FRIEND-REVISITED.pdf,/Volumes/Clemons_Data/_Anchors/Research_Data/JAE_Legacy_Audit/data/raw/Route_A_Modern/2004_INQUIRY-BASED-INSTRUCTION-IN-SECONDARY-AGRICULTURAL-EDUCATION-PROBLEM-SOLVING-AN-OLD-FRIEND-REVISITED.pdf,/Volumes/Clemons_Data/_Anchors/Research_Data/JAE_Legacy_Audit/data/structured/Route_A_Modern/2004_INQUIRY-BASED-INSTRUCTION-IN-SECONDARY-AGRICULTURAL-EDUCATION-PROBLEM-SOLVING-AN-OLD-FRIEND-REVISITED.json,/Volumes/Clemons_Data/_Anchors/Research_Data/JAE_Legacy_Audit/data/embeddings/Route_A_Modern/jae_759675ce359e.npz,True,True,True,False,0,True,,True,1572,False,False,False,and Conceptual Framework It is widely accepted that students’ learning contexts should be coupled with multiple opportun,True,7947,False,False,False,", one particular approach has surfaced as a “method of choice” for science educators: inquiry-based learning. A careful ",True,768,False,False,False,", conclusions, implications, and recommendations made by theorists and practitioners in science and agricultural educati"
jae_19d03749b0db,Route_A_Modern,2004,2004_INSERVICE-NEEDS-OF-TRADITIONALLY-AND-ALTERNATIVELY-CERTIFIED-AGRICULTURE-TEACHERS.pdf,/Volumes/Clemons_Data/_Anchors/Research_Data/JAE_Legacy_Audit/data/raw/Route_A_Modern/2004_INSERVICE-NEEDS-OF-TRADITIONALLY-AND-ALTERNATIVELY-CERTIFIED-AGRICULTURE-TEACHERS.pdf,/Volumes/Clemons_Data/_Anchors/Research_Data/JAE_Legacy_Audit/data/structured/Route_A_Modern/2004_INSERVICE-NEEDS-OF-TRADITIONALLY-AND-ALTERNATIVELY-CERTIFIED-AGRICULTURE-TEACHERS.json,/Volumes/Clemons_Data/_Anchors/Research_Data/JAE_Legacy_Audit/data/embeddings/Route_A_Modern/jae_19d03749b0db.npz,True,True,True,False,0,True,,True,2391,False,False,False,"/Theoretical Framework Good teachers are born, not made. This seems to be the premise under which many state departments",True,6702,False,False,False,"used to determine topics for pertinent inservice training (Birkenholz & Harbstreit, 1987; Claycomb & Petty, 1983; Layfie",True,26653,False,False,False,"of this study, traditionally certified teachers have greater self-perceived inservice needs in the FFA and SAE supervisi"
jae_5f388371c047,Route_A_Modern,2004,2004_JOB-SATISFACTION-AND-RETENTION-OF-SECONDARY-AGRICULTURE-TEACHERS.pdf,/Volumes/Clemons_Data/_Anchors/Research_Data/JAE_Legacy_Audit/data/raw/Route_A_Modern/2004_JOB-SATISFACTION-AND-RETENTION-OF-SECONDARY-AGRICULTURE-TEACHERS.pdf,/Volumes/Clemons_Data/_Anchors/Research_Data/JAE_Legacy_Audit/data/structured/Route_A_Modern/2004_JOB-SATISFACTION-AND-RETENTION-OF-SECONDARY-AGRICULTURE-TEACHERS.json,/Volumes/Clemons_Data/_Anchors/Research_Data/JAE_Legacy_Audit/data/embeddings/Route_A_Modern/jae_5f388371c047.npz,True,True,True,False,0,True,,True,6435,False,False,False,"/Theoretical Framework The nation is facing “the worst teacher shortage ever” (NEA, n.d.) and the agricultural education",True,4199,False,False,False,/Procedures All agriculture teachers in the Missouri served as the population frame for this study. The accessible and p,True,27914,False,False,False,implied that teachers leaving the profession were relatively satisfied but were leaving the profession for opportunities
jae_c5b4a7787297,Route_A_Modern,2004,2004_KENTUCKY-4-H-AGENTS-PERCEPTIONS-OF-THEIR-LEVELS-OF-COMPETENCY-AND-FREQUENCY-OF-USE-OF-VOLUNTEER-ADMINISTRATION-FUNCTION.pdf,/Volumes/Clemons_Data/_Anchors/Research_Data/JAE_Legacy_Audit/data/raw/Route_A_Modern/2004_KENTUCKY-4-H-AGENTS-PERCEPTIONS-OF-THEIR-LEVELS-OF-COMPETENCY-AND-FREQUENCY-OF-USE-OF-VOLUNTEER-ADMINISTRATION-FUNCTION.pdf,/Volumes/Clemons_Data/_Anchors/Research_Data/JAE_Legacy_Audit/data/structured/Route_A_Modern/2004_KENTUCKY-4-H-AGENTS-PERCEPTIONS-OF-THEIR-LEVELS-OF-COMPETENCY-AND-FREQUENCY-OF-USE-OF-VOLUNTEER-ADMINISTRATION-FUNCTION.json,/Volumes/Clemons_Data/_Anchors/Research_Data/JAE_Legacy_Audit/data/embeddings/Route_A_Modern/jae_c5b4a7787297.npz,True,True,True,True,3,False,,True,17,False,False,True,SECTION_NOT_FOUND,True,17,False,False,True,SECTION_NOT_FOUND,True,33078,False,True,False,"indicate that 4-H Agents’ perceived level of competency to be greatest for the Mobilize category, followed by Educate, G"
jae_2dc295cc5e57,Route_A_Modern,2004,2004_KNOWLEDGE-AND-PERCEPTIONS-OF-VIRGINIA-SECONDARY-AGRICULTURE-EDUCATORS-TOWARD-THE-AGRICULTURAL-TECHNOLOGY-PROGRAM-AT-VIRGINIA-TECH.pdf,/Volumes/Clemons_Data/_Anchors/Research_Data/JAE_Legacy_Audit/data/raw/Route_A_Modern/2004_KNOWLEDGE-AND-PERCEPTIONS-OF-VIRGINIA-SECONDARY-AGRICULTURE-EDUCATORS-TOWARD-THE-AGRICULTURAL-TECHNOLOGY-PROGRAM-AT-VIRGINIA-TECH.pdf,/Volumes/Clemons_Data/_Anchors/Research_Data/JAE_Legacy_Audit/data/structured/Route_A_Modern/2004_KNOWLEDGE-AND-PERCEPTIONS-OF-VIRGINIA-SECONDARY-AGRICULTURE-EDUCATORS-TOWARD-THE-AGRICULTURAL-TECHNOLOGY-PROGRAM-AT-VIRGINIA-TECH.json,/Volumes/Clemons_Data/_Anchors/Research_Data/JAE_Legacy_Audit/data/embeddings/Route_A_Modern/jae_2dc295cc5e57.npz,True,True,True,False,0,True,,True,3228,False,False,False,/Theoretical Framework One may argue that the secondary agriculture educator can be the strongest advocate for universit,True,5986,False,False,False,". One method of meeting the needs of the state is the inclusion of twoyear programs (Kantrovich, 2000). If the needs of ",True,20708,False,False,False,indicate that secondary agriculture educators felt strongly that the AT Program curriculum would contribute to a student
jae_f3010a6951e2,Route_A_Modern,2004,2004_LEADERSHIP-SKILLS-AND-COMPETENCIES-FOR-EXTENSION-DIRECTORS-AND-ADMINISTRATORS.pdf,/Volumes/Clemons_Data/_Anchors/Research_Data/JAE_Legacy_Audit/data/raw/Route_A_Modern/2004_LEADERSHIP-SKILLS-AND-COMPETENCIES-FOR-EXTENSION-DIRECTORS-AND-ADMINISTRATORS.pdf,/Volumes/Clemons_Data/_Anchors/Research_Data/JAE_Legacy_Audit/data/structured/Route_A_Modern/2004_LEADERSHIP-SKILLS-AND-COMPETENCIES-FOR-EXTENSION-DIRECTORS-AND-ADMINISTRATORS.json,/Volumes/Clemons_Data/_Anchors/Research_Data/JAE_Legacy_Audit/data/embeddings/Route_A_Modern/jae_f3010a6951e2.npz,True,True,True,True,3,False,,True,17,False,False,True,SECTION_NOT_FOUND,True,17,False,False,True,SECTION_NOT_FOUND,True,17,False,False,True,SECTION_NOT_FOUND
jae_6ddd7c2a0bf1,Route_A_Modern,2004,2004_LOUISIANA-MASS-MEDIA-PERCEPTIONS-OF-THE-LSU-AGCENTER-COMMUNICATIONS-EFFORT.pdf,/Volumes/Clemons_Data/_Anchors/Research_Data/JAE_Legacy_Audit/data/raw/Route_A_Modern/2004_LOUISIANA-MASS-MEDIA-PERCEPTIONS-OF-THE-LSU-AGCENTER-COMMUNICATIONS-EFFORT.pdf,/Volumes/Clemons_Data/_Anchors/Research_Data/JAE_Legacy_Audit/data/structured/Route_A_Modern/2004_LOUISIANA-MASS-MEDIA-PERCEPTIONS-OF-THE-LSU-AGCENTER-COMMUNICATIONS-EFFORT.json,/Volumes/Clemons_Data/_Anchors/Research_Data/JAE_Legacy_Audit/data/embeddings/Route_A_Modern/jae_6ddd7c2a0bf1.npz,True,True,True,False,0,True,,True,11646,False,False,False,"Educating the public through the use of the mass media is not a new concept, but how effective is it? Many news organiza",True,2255,False,False,False,"The target population consisted of the leaders of working news outlets in Louisiana, which receive LSU AgCenter news ser",True,33181,False,False,False,the LSU AgCenter Communications effort has been effective in terms of usage of the news materials delivered to each medi
jae_c565b1ca0b25,Route_A_Modern,2004,2004_PERCEPTIONS-OF-SCIENCE-TEACHERS-REGARDING-THE-INTEGRATION-OF-SCIENCE-INTO-THE-AGRICULTURAL-EDUCATION-CURRICULUM.pdf,/Volumes/Clemons_Data/_Anchors/Research_Data/JAE_Legacy_Audit/data/raw/Route_A_Modern/2004_PERCEPTIONS-OF-SCIENCE-TEACHERS-REGARDING-THE-INTEGRATION-OF-SCIENCE-INTO-THE-AGRICULTURAL-EDUCATION-CURRICULUM.pdf,/Volumes/Clemons_Data/_Anchors/Research_Data/JAE_Legacy_Audit/data/structured/Route_A_Modern/2004_PERCEPTIONS-OF-SCIENCE-TEACHERS-REGARDING-THE-INTEGRATION-OF-SCIENCE-INTO-THE-AGRICULTURAL-EDUCATION-CURRICULUM.json,/Volumes/Clemons_Data/_Anchors/Research_Data/JAE_Legacy_Audit/data/embeddings/Route_A_Modern/jae_c565b1ca0b25.npz,True,True,True,False,0,True,,True,5725,False,False,False,/Conceptual Framework The merging of agriculture and science in the public secondary schools of America is not just a tr,True,1058,False,False,False,/Procedures The target population for this study consisted of Oregon science teachers (N=360) in schools that had second,True,29397,False,False,False,indicated that science teachers have responded positively to the call to integrate science into the agricultural educati
jae_6253ac7a3770,Route_A_Modern,2004,2004_PERSEVERANCE-OF-AGRICULTURAL-EDUCATORS-BY-ACADEMIC-ATTAINMENT.pdf,/Volumes/Clemons_Data/_Anchors/Research_Data/JAE_Legacy_Audit/data/raw/Route_A_Modern/2004_PERSEVERANCE-OF-AGRICULTURAL-EDUCATORS-BY-ACADEMIC-ATTAINMENT.pdf,/Volumes/Clemons_Data/_Anchors/Research_Data/JAE_Legacy_Audit/data/structured/Route_A_Modern/2004_PERSEVERANCE-OF-AGRICULTURAL-EDUCATORS-BY-ACADEMIC-ATTAINMENT.json,/Volumes/Clemons_Data/_Anchors/Research_Data/JAE_Legacy_Audit/data/embeddings/Route_A_Modern/jae_6253ac7a3770.npz,True,True,True,False,0,True,,True,7632,False,False,False,Have you ever wondered what the difference is between those who complete a degree in higher education and those who do n,True,3910,False,False,False,The research design used for this study was descriptive and correlational in nature. Data for this study were collected ,True,25934,False,False,False,"of these works, Tinto asserted that a student’s academic and social integrations at an institution are key contributors "
jae_26df4174adcb,Route_A_Modern,2004,2004_PRACTICES-IN-STUDENT-EVALUATION-OF-DISTANCE-EDUCATION-COURSES-AMONG-LAND-GRANT-INSTITUTIONS.pdf,/Volumes/Clemons_Data/_Anchors/Research_Data/JAE_Legacy_Audit/data/raw/Route_A_Modern/2004_PRACTICES-IN-STUDENT-EVALUATION-OF-DISTANCE-EDUCATION-COURSES-AMONG-LAND-GRANT-INSTITUTIONS.pdf,/Volumes/Clemons_Data/_Anchors/Research_Data/JAE_Legacy_Audit/data/structured/Route_A_Modern/2004_PRACTICES-IN-STUDENT-EVALUATION-OF-DISTANCE-EDUCATION-COURSES-AMONG-LAND-GRANT-INSTITUTIONS.json,/Volumes/Clemons_Data/_Anchors/Research_Data/JAE_Legacy_Audit/data/embeddings/Route_A_Modern/jae_26df4174adcb.npz,True,True,True,True,2,False,,True,8012,False,False,False,Today’s educational environment is outcome-driven. One can easily look at any level of education from kindergarten to hi,True,6193,False,True,False,". In distance education, the student course experience is additionally impacted by delivery methods employed, as well as",True,25087,False,True,False,from the educational programs they fund and partially driven by the desire to improve these programs. Evaluation can tak
jae_156ac35e8b30,Route_A_Modern,2004,2004_RELATIONSHIPS-BETWEEN-SELECTED-DEMOGRAPHIC-CHARACTERISTICS-AND-THE-QUALITY-OF-LIFE-OF-ADOLESCENTS-IN-A-RURAL-WEST-TEXAS-COMMUNITY.pdf,/Volumes/Clemons_Data/_Anchors/Research_Data/JAE_Legacy_Audit/data/raw/Route_A_Modern/2004_RELATIONSHIPS-BETWEEN-SELECTED-DEMOGRAPHIC-CHARACTERISTICS-AND-THE-QUALITY-OF-LIFE-OF-ADOLESCENTS-IN-A-RURAL-WEST-TEXAS-COMMUNITY.pdf,/Volumes/Clemons_Data/_Anchors/Research_Data/JAE_Legacy_Audit/data/structured/Route_A_Modern/2004_RELATIONSHIPS-BETWEEN-SELECTED-DEMOGRAPHIC-CHARACTERISTICS-AND-THE-QUALITY-OF-LIFE-OF-ADOLESCENTS-IN-A-RURAL-WEST-TEXAS-COMMUNITY.json,/Volumes/Clemons_Data/_Anchors/Research_Data/JAE_Legacy_Audit/data/embeddings/Route_A_Modern/jae_156ac35e8b30.npz,True,True,True,False,0,True,,True,11801,False,False,False,Rural communities are becoming increasingly smaller in population and fewer in number. The 2000 U.S. Census revealed the,True,633,False,False,False,/Procedures Data for this descriptive/correlational study were collected Spring 2002. The target population for this stu,True,35725,False,False,False,"showed as family socioeconomic status increased, overall quality of life, control, and opportunities also increased. The"
jae_5669dcc35d15,Route_A_Modern,2004,2004_SOLUTIONS-TO-RECRUITMENT-ISSUES-OF-HIGH-SCHOOL-AGRICULTURAL-EDUCATION-PROGRAMS.pdf,/Volumes/Clemons_Data/_Anchors/Research_Data/JAE_Legacy_Audit/data/raw/Route_A_Modern/2004_SOLUTIONS-TO-RECRUITMENT-ISSUES-OF-HIGH-SCHOOL-AGRICULTURAL-EDUCATION-PROGRAMS.pdf,/Volumes/Clemons_Data/_Anchors/Research_Data/JAE_Legacy_Audit/data/structured/Route_A_Modern/2004_SOLUTIONS-TO-RECRUITMENT-ISSUES-OF-HIGH-SCHOOL-AGRICULTURAL-EDUCATION-PROGRAMS.json,/Volumes/Clemons_Data/_Anchors/Research_Data/JAE_Legacy_Audit/data/embeddings/Route_A_Modern/jae_5669dcc35d15.npz,True,True,True,False,0,True,,True,6235,False,False,False,Quality students are the lifeblood of a secondary school agricultural education program. Whether a program adheres to a ,True,1282,False,False,False,/Procedures This qualitative effort used a focus group approach to meet the objectives of the study. Interview questions,True,22209,False,False,False,"would Journal of Agricultural Education Volume 45, Number 4, pp. 12-21 DOI: 10.5032/jae.2004.04012 Myers, Breja, & Dyer "
jae_020cebd5784f,Route_A_Modern,2004,2004_SUPERVISORY-PRACTICES-USED-BY-TEACHER-EDUCATORS-IN-AGRICULTURE-A-COMPARISON-OF-DOCTORAL-RESEARCH-EXTENSIVE-AND-RESEARCH-NON-EXTENSIVE-INSTITUTIONS.pdf,/Volumes/Clemons_Data/_Anchors/Research_Data/JAE_Legacy_Audit/data/raw/Route_A_Modern/2004_SUPERVISORY-PRACTICES-USED-BY-TEACHER-EDUCATORS-IN-AGRICULTURE-A-COMPARISON-OF-DOCTORAL-RESEARCH-EXTENSIVE-AND-RESEARCH-NON-EXTENSIVE-INSTITUTIONS.pdf,/Volumes/Clemons_Data/_Anchors/Research_Data/JAE_Legacy_Audit/data/structured/Route_A_Modern/2004_SUPERVISORY-PRACTICES-USED-BY-TEACHER-EDUCATORS-IN-AGRICULTURE-A-COMPARISON-OF-DOCTORAL-RESEARCH-EXTENSIVE-AND-RESEARCH-NON-EXTENSIVE-INSTITUTIONS.json,/Volumes/Clemons_Data/_Anchors/Research_Data/JAE_Legacy_Audit/data/embeddings/Route_A_Modern/jae_020cebd5784f.npz,True,True,True,True,2,False,,True,17,False,False,True,SECTION_NOT_FOUND,True,17,False,False,True,SECTION_NOT_FOUND,True,6768,False,False,False,of this census study provide benchmark data on supervisory practices followed by teacher educators in doctoral/research 
jae_1eed26f9dd31,Route_A_Modern,2004,2004_THE-INFLUENCE-OF-FOUNDATIONAL-AND-EXPRESSED-VALUES-ON-PERSONAL-BEHAVIORS-OF-TEACHERS.pdf,/Volumes/Clemons_Data/_Anchors/Research_Data/JAE_Legacy_Audit/data/raw/Route_A_Modern/2004_THE-INFLUENCE-OF-FOUNDATIONAL-AND-EXPRESSED-VALUES-ON-PERSONAL-BEHAVIORS-OF-TEACHERS.pdf,/Volumes/Clemons_Data/_Anchors/Research_Data/JAE_Legacy_Audit/data/structured/Route_A_Modern/2004_THE-INFLUENCE-OF-FOUNDATIONAL-AND-EXPRESSED-VALUES-ON-PERSONAL-BEHAVIORS-OF-TEACHERS.json,/Volumes/Clemons_Data/_Anchors/Research_Data/JAE_Legacy_Audit/data/embeddings/Route_A_Modern/jae_1eed26f9dd31.npz,True,True,True,True,3,False,,True,17,False,False,True,SECTION_NOT_FOUND,True,17,False,False,True,SECTION_NOT_FOUND,True,10665,False,True,False,of factor analysis were two derived variables (Foundational Values and Expressed Values) accounting for almost 50% of th
jae_d8e27eb9ab83,Route_A_Modern,2002,2002_A-COMPARISON-OF-STUDENT-TEACHERS-PERCEPTIONS-OF-IMPORTANT-ELEMENTS-OF-THE-STUDENT-TEACHING-EXPERIENCE-BEFORE-AND-AFTER-AN-11-WEEK-FIELD-EXPERIENCE.pdf,/Volumes/Clemons_Data/_Anchors/Research_Data/JAE_Legacy_Audit/data/raw/Route_A_Modern/2002_A-COMPARISON-OF-STUDENT-TEACHERS-PERCEPTIONS-OF-IMPORTANT-ELEMENTS-OF-THE-STUDENT-TEACHING-EXPERIENCE-BEFORE-AND-AFTER-AN-11-WEEK-FIELD-EXPERIENCE.pdf,/Volumes/Clemons_Data/_Anchors/Research_Data/JAE_Legacy_Audit/data/structured/Route_A_Modern/2002_A-COMPARISON-OF-STUDENT-TEACHERS-PERCEPTIONS-OF-IMPORTANT-ELEMENTS-OF-THE-STUDENT-TEACHING-EXPERIENCE-BEFORE-AND-AFTER-AN-11-WEEK-FIELD-EXPERIENCE.json,/Volumes/Clemons_Data/_Anchors/Research_Data/JAE_Legacy_Audit/data/embeddings/Route_A_Modern/jae_d8e27eb9ab83.npz,True,True,True,False,0,True,,True,6559,False,False,False,/Theoretical Base Researchers have argued that the student teaching “experience” plays a significant role in the formati,True,1284,False,False,False,and Procedures This was a descriptive study to determine selected characteristics of student teachers and their cooperat,True,16985,False,False,False,", the 34 important elements were included in a questionnaire sent to cooperating teachers following the workshop. The in"
jae_16edcb67a559,Route_A_Modern,2002,2002_A-COMPARISON-OF-THE-INSERVICE-EDUCATION-NEEDS-OF-TWO-COHORTS-OF-BEGINNING-MINNESOTA-AGRICULTURAL-EDUCATION-TEACHERS.pdf,/Volumes/Clemons_Data/_Anchors/Research_Data/JAE_Legacy_Audit/data/raw/Route_A_Modern/2002_A-COMPARISON-OF-THE-INSERVICE-EDUCATION-NEEDS-OF-TWO-COHORTS-OF-BEGINNING-MINNESOTA-AGRICULTURAL-EDUCATION-TEACHERS.pdf,/Volumes/Clemons_Data/_Anchors/Research_Data/JAE_Legacy_Audit/data/structured/Route_A_Modern/2002_A-COMPARISON-OF-THE-INSERVICE-EDUCATION-NEEDS-OF-TWO-COHORTS-OF-BEGINNING-MINNESOTA-AGRICULTURAL-EDUCATION-TEACHERS.json,/Volumes/Clemons_Data/_Anchors/Research_Data/JAE_Legacy_Audit/data/embeddings/Route_A_Modern/jae_16edcb67a559.npz,True,True,True,False,0,True,,True,3650,False,False,False,"Access to appropriate and timely inservice education activities is critical to the initial success, effectiveness, conti",True,80,False,False,False,were also high ranking problematic experiences of beginning teachers. Additional,True,33878,False,False,False,revealed the beginning teachers from both cohorts viewed the listed competencies as important for their survival and suc
jae_997daa4cacca,Route_A_Modern,2002,2002_A-COMPARISON-OF-TRADITIONAL-AND-WORLD-WIDE-WEB-METHODOLOGIES-COMPUTER-ANXIETY-AND-HIGHER-ORDER-THINKING-SKILLS-IN-THE-IN-SERVICE-TRAINING-OF-MISSISSIPPI-4-H-EXTENSION-AGENTS.pdf,/Volumes/Clemons_Data/_Anchors/Research_Data/JAE_Legacy_Audit/data/raw/Route_A_Modern/2002_A-COMPARISON-OF-TRADITIONAL-AND-WORLD-WIDE-WEB-METHODOLOGIES-COMPUTER-ANXIETY-AND-HIGHER-ORDER-THINKING-SKILLS-IN-THE-IN-SERVICE-TRAINING-OF-MISSISSIPPI-4-H-EXTENSION-AGENTS.pdf,/Volumes/Clemons_Data/_Anchors/Research_Data/JAE_Legacy_Audit/data/structured/Route_A_Modern/2002_A-COMPARISON-OF-TRADITIONAL-AND-WORLD-WIDE-WEB-METHODOLOGIES-COMPUTER-ANXIETY-AND-HIGHER-ORDER-THINKING-SKILLS-IN-THE-IN-SERVICE-TRAINING-OF-MISSISSIPPI-4-H-EXTENSION-AGENTS.json,/Volumes/Clemons_Data/_Anchors/Research_Data/JAE_Legacy_Audit/data/embeddings/Route_A_Modern/jae_997daa4cacca.npz,True,True,True,False,0,True,,True,6404,False,False,False,Keeping Extension agents up-to-date with the latest information necessary to effectively promote change in their respect,True,15826,False,False,False,"(traditional or Web based), the agents’ level of computer anxiety, or the interaction of these two variables. However, a",True,15942,False,False,False,". This group could see and hold examples of horse-related equipment, get one-on-one help with mathematical questions and"
jae_5baf5ed9d473,Route_A_Modern,2002,2002_A-FOLLOW-UP-STUDY-OF-AGRICULTURAL-EDUCATION-PROGRAM-GRADUATES-ON-TEACHING-COMPETENCIES.pdf,/Volumes/Clemons_Data/_Anchors/Research_Data/JAE_Legacy_Audit/data/raw/Route_A_Modern/2002_A-FOLLOW-UP-STUDY-OF-AGRICULTURAL-EDUCATION-PROGRAM-GRADUATES-ON-TEACHING-COMPETENCIES.pdf,/Volumes/Clemons_Data/_Anchors/Research_Data/JAE_Legacy_Audit/data/structured/Route_A_Modern/2002_A-FOLLOW-UP-STUDY-OF-AGRICULTURAL-EDUCATION-PROGRAM-GRADUATES-ON-TEACHING-COMPETENCIES.json,/Volumes/Clemons_Data/_Anchors/Research_Data/JAE_Legacy_Audit/data/embeddings/Route_A_Modern/jae_5baf5ed9d473.npz,True,True,True,False,0,True,,True,8900,False,False,False,"In the summer of 2001, the Agricultural and Extension Education Department at New Mexico State University conducted a fo",True,5509,False,False,False,and Procedures The research design of the study was descriptive survey research. The target population was New Mexico St,True,31237,False,False,False,will guide program improvement in line with the American Association for Agricultural Education (2001) National Standard
jae_d90c090c33cc,Route_A_Modern,2002,2002_A-QUALITATIVE-STUDY-OF-PROSPECTIVE-ELEMENTARY-TEACHERS-GRASP-OF-AGRICULTURAL-AND-SCIENCE-EDUCATIONAL-BENCHMARKS-FOR-AGRICULTURAL-TECHNOLOGY.pdf,/Volumes/Clemons_Data/_Anchors/Research_Data/JAE_Legacy_Audit/data/raw/Route_A_Modern/2002_A-QUALITATIVE-STUDY-OF-PROSPECTIVE-ELEMENTARY-TEACHERS-GRASP-OF-AGRICULTURAL-AND-SCIENCE-EDUCATIONAL-BENCHMARKS-FOR-AGRICULTURAL-TECHNOLOGY.pdf,/Volumes/Clemons_Data/_Anchors/Research_Data/JAE_Legacy_Audit/data/structured/Route_A_Modern/2002_A-QUALITATIVE-STUDY-OF-PROSPECTIVE-ELEMENTARY-TEACHERS-GRASP-OF-AGRICULTURAL-AND-SCIENCE-EDUCATIONAL-BENCHMARKS-FOR-AGRICULTURAL-TECHNOLOGY.json,/Volumes/Clemons_Data/_Anchors/Research_Data/JAE_Legacy_Audit/data/embeddings/Route_A_Modern/jae_d90c090c33cc.npz,True,True,True,False,0,True,,True,7040,False,False,False,"As the number of people directly involved in agriculture has decreased, the general public’s basic understanding of the ",True,9945,False,False,False,"/Procedures In agricultural education, abundant knowledge and positive perceptions gleaned through survey research are o",True,19478,False,False,False,/Discussion Research Objective One: Background of prospective elementary teachers Objective one focused on prospective e
jae_5c7bb25536b4,Route_A_Modern,2002,2002_A-RECRUITING-CHALLENGE-FOR-EXTENSION-EDUCATION-A-COMPARISON-OF-NONPARTICIPANTS-AND-PARTICIPANTS-IN-HOMEOWNER-LANDSCAPING-PROGRAMS.pdf,/Volumes/Clemons_Data/_Anchors/Research_Data/JAE_Legacy_Audit/data/raw/Route_A_Modern/2002_A-RECRUITING-CHALLENGE-FOR-EXTENSION-EDUCATION-A-COMPARISON-OF-NONPARTICIPANTS-AND-PARTICIPANTS-IN-HOMEOWNER-LANDSCAPING-PROGRAMS.pdf,/Volumes/Clemons_Data/_Anchors/Research_Data/JAE_Legacy_Audit/data/structured/Route_A_Modern/2002_A-RECRUITING-CHALLENGE-FOR-EXTENSION-EDUCATION-A-COMPARISON-OF-NONPARTICIPANTS-AND-PARTICIPANTS-IN-HOMEOWNER-LANDSCAPING-PROGRAMS.json,/Volumes/Clemons_Data/_Anchors/Research_Data/JAE_Legacy_Audit/data/embeddings/Route_A_Modern/jae_5c7bb25536b4.npz,True,True,True,False,0,True,,True,13661,False,False,False,"Nitrate pollution of water is a significant public health threat (Follet, 1989). One potentially large source of nitrate",True,8712,False,False,False,"and Procedures Based on the theoretical framework, the researchers developed a questionnaire to evaluate which factors i",True,35669,False,False,False,suggest that improved recruiting can expand CES’ outreach efforts. Introduction Nitrate pollution of water is a signific
jae_61735bd479a8,Route_A_Modern,2002,2002_ACTIVE-LEARNING-THE-IMPACT-ON-STUDENTS-PARTICIPATING-IN-AN-EXTENDED-FIELD-TRIP-TO-PUERTO-RICO.pdf,/Volumes/Clemons_Data/_Anchors/Research_Data/JAE_Legacy_Audit/data/raw/Route_A_Modern/2002_ACTIVE-LEARNING-THE-IMPACT-ON-STUDENTS-PARTICIPATING-IN-AN-EXTENDED-FIELD-TRIP-TO-PUERTO-RICO.pdf,/Volumes/Clemons_Data/_Anchors/Research_Data/JAE_Legacy_Audit/data/structured/Route_A_Modern/2002_ACTIVE-LEARNING-THE-IMPACT-ON-STUDENTS-PARTICIPATING-IN-AN-EXTENDED-FIELD-TRIP-TO-PUERTO-RICO.json,/Volumes/Clemons_Data/_Anchors/Research_Data/JAE_Legacy_Audit/data/embeddings/Route_A_Modern/jae_61735bd479a8.npz,True,True,True,False,0,True,,True,1833,False,False,False,"Learning by doing is not a new innovation in education, however, emphasis on active learning is becoming recognized as a",True,1101,False,False,False,"of learning, but they provide opportunities for putting that knowledge into practice. The purpose behind field trips and",True,26121,False,False,False,". Students are active with a higher level of personal risk Role playing, presentations, unstructured, dramatization, deb"
jae_5fcce4c9867f,Route_A_Modern,2002,2002_ADULT-EDUCATION-PHILOSOPHIES-PRACTICED-BY-AGRICULTURAL-EDUCATION-TEACHERS-IN-PENNSYLVANIA-VIRGINIA-AND-WEST-VIRGINIA.pdf,/Volumes/Clemons_Data/_Anchors/Research_Data/JAE_Legacy_Audit/data/raw/Route_A_Modern/2002_ADULT-EDUCATION-PHILOSOPHIES-PRACTICED-BY-AGRICULTURAL-EDUCATION-TEACHERS-IN-PENNSYLVANIA-VIRGINIA-AND-WEST-VIRGINIA.pdf,/Volumes/Clemons_Data/_Anchors/Research_Data/JAE_Legacy_Audit/data/structured/Route_A_Modern/2002_ADULT-EDUCATION-PHILOSOPHIES-PRACTICED-BY-AGRICULTURAL-EDUCATION-TEACHERS-IN-PENNSYLVANIA-VIRGINIA-AND-WEST-VIRGINIA.json,/Volumes/Clemons_Data/_Anchors/Research_Data/JAE_Legacy_Audit/data/embeddings/Route_A_Modern/jae_5fcce4c9867f.npz,True,True,True,True,1,False,,True,5486,False,False,False,"Over the past 125 years, agricultural educators have been pioneers in the development of adult education. This effort wa",True,1866,False,False,False,", development of instructional objectives, and interaction with the learners is influenced by the educators’ beliefs. Th",True,32019,False,True,False,"to real world agricultural problems, the Hatch Act increased the need for adult education in agriculture. The Smith-Leve"
jae_31b125dd422c,Route_A_Modern,2002,2002_ADVANCING-AGRICULTURAL-EDUCATION-WITHIN-THE-CONTEXT-OF-AN-INCREASINGLY-DIVERSE-SOCIETY.pdf,/Volumes/Clemons_Data/_Anchors/Research_Data/JAE_Legacy_Audit/data/raw/Route_A_Modern/2002_ADVANCING-AGRICULTURAL-EDUCATION-WITHIN-THE-CONTEXT-OF-AN-INCREASINGLY-DIVERSE-SOCIETY.pdf,/Volumes/Clemons_Data/_Anchors/Research_Data/JAE_Legacy_Audit/data/structured/Route_A_Modern/2002_ADVANCING-AGRICULTURAL-EDUCATION-WITHIN-THE-CONTEXT-OF-AN-INCREASINGLY-DIVERSE-SOCIETY.json,/Volumes/Clemons_Data/_Anchors/Research_Data/JAE_Legacy_Audit/data/embeddings/Route_A_Modern/jae_31b125dd422c.npz,True,True,True,True,1,False,,True,17,False,False,True,SECTION_NOT_FOUND,True,4009,False,False,False,"to provide some answers. To collect data for his thesis, which was part of a longitudinal study I am completing, Kenneth",True,12851,False,False,False,"not about my intent, but how I had handled the situation. We agreed to disagree because I would not compromise my princi"
jae_316d982fe669,Route_A_Modern,2002,2002_AGRICULTURAL-EDUCATION-AT-A-DISTANCE-LET-S-HEAR-FROM-THE-STUDENTS.pdf,/Volumes/Clemons_Data/_Anchors/Research_Data/JAE_Legacy_Audit/data/raw/Route_A_Modern/2002_AGRICULTURAL-EDUCATION-AT-A-DISTANCE-LET-S-HEAR-FROM-THE-STUDENTS.pdf,/Volumes/Clemons_Data/_Anchors/Research_Data/JAE_Legacy_Audit/data/structured/Route_A_Modern/2002_AGRICULTURAL-EDUCATION-AT-A-DISTANCE-LET-S-HEAR-FROM-THE-STUDENTS.json,/Volumes/Clemons_Data/_Anchors/Research_Data/JAE_Legacy_Audit/data/embeddings/Route_A_Modern/jae_316d982fe669.npz,True,True,True,False,0,True,,True,7841,False,False,False,"As distance education becomes more accepted as a legitimate form of education, colleges and universities have attempted ",True,11950,False,False,False,", it was found that all 18 students were satisfied with the program for various reasons. The convenience of the program ",True,16810,False,False,False,and conclusions. No reports were returned to the researcher from students for clarification of facts. One student emaile
jae_8d82dc46d3fa,Route_A_Modern,2002,2002_AGRICULTURAL-EDUCATION-COMPETENCIES-AND-PROGRESS-TOWARD-A-DOCTORAL-DEGREE.pdf,/Volumes/Clemons_Data/_Anchors/Research_Data/JAE_Legacy_Audit/data/raw/Route_A_Modern/2002_AGRICULTURAL-EDUCATION-COMPETENCIES-AND-PROGRESS-TOWARD-A-DOCTORAL-DEGREE.pdf,/Volumes/Clemons_Data/_Anchors/Research_Data/JAE_Legacy_Audit/data/structured/Route_A_Modern/2002_AGRICULTURAL-EDUCATION-COMPETENCIES-AND-PROGRESS-TOWARD-A-DOCTORAL-DEGREE.json,/Volumes/Clemons_Data/_Anchors/Research_Data/JAE_Legacy_Audit/data/embeddings/Route_A_Modern/jae_8d82dc46d3fa.npz,True,True,True,False,0,True,,True,2582,False,False,False,"A successful agricultural education doctoral student and graduate will draw on a variety of academic fields, knowledge b",True,7657,False,False,False,"and techniques, and program development. Fewer studies have focused on the compilation of knowledge, skills, and abiliti",True,30197,False,False,False,"showed that as doctoral students progressed toward a degree, their Foundations Knowledge, Applications Knowledge, Intern"
jae_2b08cbddbe24,Route_A_Modern,2002,2002_AN-ANALYSIS-OF-THE-PERCEIVED-BENEFITS-AND-AFFORDANCES-OF-COURSE-WEBSITES-BY-ON-CAMPUS-AGRICULTURAL-STUDENTS-AND-FACULTY-MEMBERS.pdf,/Volumes/Clemons_Data/_Anchors/Research_Data/JAE_Legacy_Audit/data/raw/Route_A_Modern/2002_AN-ANALYSIS-OF-THE-PERCEIVED-BENEFITS-AND-AFFORDANCES-OF-COURSE-WEBSITES-BY-ON-CAMPUS-AGRICULTURAL-STUDENTS-AND-FACULTY-MEMBERS.pdf,/Volumes/Clemons_Data/_Anchors/Research_Data/JAE_Legacy_Audit/data/structured/Route_A_Modern/2002_AN-ANALYSIS-OF-THE-PERCEIVED-BENEFITS-AND-AFFORDANCES-OF-COURSE-WEBSITES-BY-ON-CAMPUS-AGRICULTURAL-STUDENTS-AND-FACULTY-MEMBERS.json,/Volumes/Clemons_Data/_Anchors/Research_Data/JAE_Legacy_Audit/data/embeddings/Route_A_Modern/jae_2b08cbddbe24.npz,True,True,True,False,0,True,,True,9602,False,False,False,"In a recent report to the Congress of the United States, a national blue-ribbon panel, the Web-based Education Commissio",True,776,False,False,False,were employed to examine the benefits and useful components or affordances of on-campus course websites. A census of tea,True,29672,False,False,False,"of this study suggest that the most useful components of course websites, as perceived by both faculty and students, are"
jae_6d243d714e24,Route_A_Modern,2002,2002_AN-INTERACTIVE-COMMUNICATION-NETWORK-S-POTENTIAL-AS-A-COMMUNICATION-AND-STUDENT-TEACHER-SUPERVISION-TOOL-IN-AGRICULTURAL-EDUCATION.pdf,/Volumes/Clemons_Data/_Anchors/Research_Data/JAE_Legacy_Audit/data/raw/Route_A_Modern/2002_AN-INTERACTIVE-COMMUNICATION-NETWORK-S-POTENTIAL-AS-A-COMMUNICATION-AND-STUDENT-TEACHER-SUPERVISION-TOOL-IN-AGRICULTURAL-EDUCATION.pdf,/Volumes/Clemons_Data/_Anchors/Research_Data/JAE_Legacy_Audit/data/structured/Route_A_Modern/2002_AN-INTERACTIVE-COMMUNICATION-NETWORK-S-POTENTIAL-AS-A-COMMUNICATION-AND-STUDENT-TEACHER-SUPERVISION-TOOL-IN-AGRICULTURAL-EDUCATION.json,/Volumes/Clemons_Data/_Anchors/Research_Data/JAE_Legacy_Audit/data/embeddings/Route_A_Modern/jae_6d243d714e24.npz,True,True,True,False,0,True,,True,20841,False,False,False,Many authorities in the field of education feel strongly that student teaching is the most important part of any teacher,True,858,False,False,False,"used by secondary level agricultural educators may not be suited to the ICN classroom environment, that ICN-facilitated ",True,30457,False,False,False,indicated that the Iowa Communications Network (ICN) was an effective tool for communication and instructional supervisi
jae_eb38b0164a92,Route_A_Modern,2002,2002_ASPIRATIONS-OF-RURAL-YOUTH.pdf,/Volumes/Clemons_Data/_Anchors/Research_Data/JAE_Legacy_Audit/data/raw/Route_A_Modern/2002_ASPIRATIONS-OF-RURAL-YOUTH.pdf,/Volumes/Clemons_Data/_Anchors/Research_Data/JAE_Legacy_Audit/data/structured/Route_A_Modern/2002_ASPIRATIONS-OF-RURAL-YOUTH.json,/Volumes/Clemons_Data/_Anchors/Research_Data/JAE_Legacy_Audit/data/embeddings/Route_A_Modern/jae_eb38b0164a92.npz,True,True,True,True,1,False,,True,9082,False,False,False,"Agriculture and rural America have changed. Changes in productivity, tech- nologies, transportation, communication, and ",True,2048,False,False,False,The population for this study included high school seniors enrolled in public and private schools in a geographical area,True,15331,False,True,False,Demographic Characteristics Sixty percent of the participating students lived in a house or apartment in town (classifie
jae_7980e0bf9383,Route_A_Modern,2002,2002_CAN-SELECTED-LEARNING-STRATEGIES-INFLUENCE-THE-SUCCESS-OF-ADULT-DISTANCE-LEARNERS-IN-AGRICULTURE-.pdf,/Volumes/Clemons_Data/_Anchors/Research_Data/JAE_Legacy_Audit/data/raw/Route_A_Modern/2002_CAN-SELECTED-LEARNING-STRATEGIES-INFLUENCE-THE-SUCCESS-OF-ADULT-DISTANCE-LEARNERS-IN-AGRICULTURE-.pdf,/Volumes/Clemons_Data/_Anchors/Research_Data/JAE_Legacy_Audit/data/structured/Route_A_Modern/2002_CAN-SELECTED-LEARNING-STRATEGIES-INFLUENCE-THE-SUCCESS-OF-ADULT-DISTANCE-LEARNERS-IN-AGRICULTURE-.json,/Volumes/Clemons_Data/_Anchors/Research_Data/JAE_Legacy_Audit/data/embeddings/Route_A_Modern/jae_7980e0bf9383.npz,True,True,True,False,0,True,,True,15510,False,False,False,"Distance education has been successful at providing access to individuals in various situations, but increasingly educat",True,183,False,False,False,"of course delivery. The choice of design and analysis is a limiting factor in this study. As an example, there could be ",True,10973,False,False,False,of this study apply only to respondents and generalizations to the population or beyond are not recommended. This study 
jae_f764d789d915,Route_A_Modern,2002,2002_COMPETENCY-BASED-BEHAVIORAL-ANCHORS-AS-AUTHENTICATION-TOOLS-TO-DOCUMENT-DISTANCE-EDUCATION-COMPETENCIES.pdf,/Volumes/Clemons_Data/_Anchors/Research_Data/JAE_Legacy_Audit/data/raw/Route_A_Modern/2002_COMPETENCY-BASED-BEHAVIORAL-ANCHORS-AS-AUTHENTICATION-TOOLS-TO-DOCUMENT-DISTANCE-EDUCATION-COMPETENCIES.pdf,/Volumes/Clemons_Data/_Anchors/Research_Data/JAE_Legacy_Audit/data/structured/Route_A_Modern/2002_COMPETENCY-BASED-BEHAVIORAL-ANCHORS-AS-AUTHENTICATION-TOOLS-TO-DOCUMENT-DISTANCE-EDUCATION-COMPETENCIES.json,/Volumes/Clemons_Data/_Anchors/Research_Data/JAE_Legacy_Audit/data/embeddings/Route_A_Modern/jae_f764d789d915.npz,True,True,True,True,1,False,,True,6330,False,False,False,"/Theoretical Framework Some may recall A Nation at Risk (The National Commission on Excellence in Education, 1984) that ",True,19,False,False,True,. The authenticated,True,32008,False,False,False,"were reported in three areas: individual and average growth in core competencies, open-ended verification of growth, and"
jae_13ea7f3574b0,Route_A_Modern,2002,2002_EVALUATION-OF-THE-INCUBATORS-IN-THE-CLASSROOM-PROGRAM-DOES-IT-INCREASE-FOURTH-GRADE-STUDENTS-KNOWLEDGE-OF-AGRICULTURERELATED-SCIENCE-CONCEPTS-.pdf,/Volumes/Clemons_Data/_Anchors/Research_Data/JAE_Legacy_Audit/data/raw/Route_A_Modern/2002_EVALUATION-OF-THE-INCUBATORS-IN-THE-CLASSROOM-PROGRAM-DOES-IT-INCREASE-FOURTH-GRADE-STUDENTS-KNOWLEDGE-OF-AGRICULTURERELATED-SCIENCE-CONCEPTS-.pdf,/Volumes/Clemons_Data/_Anchors/Research_Data/JAE_Legacy_Audit/data/structured/Route_A_Modern/2002_EVALUATION-OF-THE-INCUBATORS-IN-THE-CLASSROOM-PROGRAM-DOES-IT-INCREASE-FOURTH-GRADE-STUDENTS-KNOWLEDGE-OF-AGRICULTURERELATED-SCIENCE-CONCEPTS-.json,/Volumes/Clemons_Data/_Anchors/Research_Data/JAE_Legacy_Audit/data/embeddings/Route_A_Modern/jae_13ea7f3574b0.npz,True,True,True,False,0,True,,True,12821,False,False,False,In the last 50 years the population of the United States has changed such that only 2% of the population now resides on ,True,5963,False,False,False,"A quasi-experimental, non-equivalent groups pretest-posttest research design was used for this study (McMillan & Schumac",True,14801,False,False,False,from the scale reported. Data Collection and Analysis The experimental and control groups received the pretest one-week 
jae_c58b4e2ece00,Route_A_Modern,2002,2002_FACTORS-ASSOCIATED-WITH-RESEARCH-PRODUCTIVITY-OF-AGRICULTURAL-EDUCATION-FACULTY.pdf,/Volumes/Clemons_Data/_Anchors/Research_Data/JAE_Legacy_Audit/data/raw/Route_A_Modern/2002_FACTORS-ASSOCIATED-WITH-RESEARCH-PRODUCTIVITY-OF-AGRICULTURAL-EDUCATION-FACULTY.pdf,/Volumes/Clemons_Data/_Anchors/Research_Data/JAE_Legacy_Audit/data/structured/Route_A_Modern/2002_FACTORS-ASSOCIATED-WITH-RESEARCH-PRODUCTIVITY-OF-AGRICULTURAL-EDUCATION-FACULTY.json,/Volumes/Clemons_Data/_Anchors/Research_Data/JAE_Legacy_Audit/data/embeddings/Route_A_Modern/jae_c58b4e2ece00.npz,True,True,True,False,0,True,,True,1748,False,False,False,"Every profession has a system that is used to evaluate its members. In higher education, past and recent studies have sh",True,2028,False,False,False,"and research needs in agricultural education in recent years, a search of the literature reveals that minimal attention ",True,22198,False,False,False,by Bailey (1992) in which he found a research productivity increase from Liberal Arts II Colleges through Research I Uni
jae_4abfebf72043,Route_A_Modern,2002,2002_FACTORS-INFLUENCING-THE-INTENT-OF-NORTH-CAROLINA-AGRICULTURAL-EDUCATORS-TO-ADOPT-AGRICULTURAL-BIOTECHNOLOGY-CURRICULUM.pdf,/Volumes/Clemons_Data/_Anchors/Research_Data/JAE_Legacy_Audit/data/raw/Route_A_Modern/2002_FACTORS-INFLUENCING-THE-INTENT-OF-NORTH-CAROLINA-AGRICULTURAL-EDUCATORS-TO-ADOPT-AGRICULTURAL-BIOTECHNOLOGY-CURRICULUM.pdf,/Volumes/Clemons_Data/_Anchors/Research_Data/JAE_Legacy_Audit/data/structured/Route_A_Modern/2002_FACTORS-INFLUENCING-THE-INTENT-OF-NORTH-CAROLINA-AGRICULTURAL-EDUCATORS-TO-ADOPT-AGRICULTURAL-BIOTECHNOLOGY-CURRICULUM.json,/Volumes/Clemons_Data/_Anchors/Research_Data/JAE_Legacy_Audit/data/embeddings/Route_A_Modern/jae_4abfebf72043.npz,True,True,True,False,0,True,,True,9924,False,False,False,"In recent years, curriculum integration of science and agriculture has accelerated due to the biological revolution that",True,6931,False,False,False,/Procedures This was a descriptive/correlational study using responses from randomly selected agricultural teachers in N,True,7718,False,False,False,"/Findings Demographics of participants measured by the study were teaching experience, age, gender, and previous trainin"
jae_cf769843e9a1,Route_A_Modern,2002,2002_INSERVICE-NEEDS-AND-PERCEIVED-COMPETENCIES-OF-SOUTH-CAROLINA-AGRICULTURAL-EDUCATORS.pdf,/Volumes/Clemons_Data/_Anchors/Research_Data/JAE_Legacy_Audit/data/raw/Route_A_Modern/2002_INSERVICE-NEEDS-AND-PERCEIVED-COMPETENCIES-OF-SOUTH-CAROLINA-AGRICULTURAL-EDUCATORS.pdf,/Volumes/Clemons_Data/_Anchors/Research_Data/JAE_Legacy_Audit/data/structured/Route_A_Modern/2002_INSERVICE-NEEDS-AND-PERCEIVED-COMPETENCIES-OF-SOUTH-CAROLINA-AGRICULTURAL-EDUCATORS.json,/Volumes/Clemons_Data/_Anchors/Research_Data/JAE_Legacy_Audit/data/embeddings/Route_A_Modern/jae_cf769843e9a1.npz,True,True,True,False,0,True,,True,7669,False,False,False,"and Theoretical Framework Our aging population, its growing diversity, changing career patterns, and advances in science",True,545,False,False,False,and Procedures The population for the study consisted of all (beginning and experienced) agriculture teachers in the sta,True,10878,False,False,False,"of that study were on many levels consistent with the abovementioned study by Garton and Chung (1995). For example, four"
jae_31c62add29c3,Route_A_Modern,2002,2002_INTEGRATING-SCIENCE-IN-AGRICULTURAL-EDUCATION-ATTITUDES-OF-INDIANA-AGRICULTURAL-SCIENCE-AND-BUSINESS-TEACHERS.pdf,/Volumes/Clemons_Data/_Anchors/Research_Data/JAE_Legacy_Audit/data/raw/Route_A_Modern/2002_INTEGRATING-SCIENCE-IN-AGRICULTURAL-EDUCATION-ATTITUDES-OF-INDIANA-AGRICULTURAL-SCIENCE-AND-BUSINESS-TEACHERS.pdf,/Volumes/Clemons_Data/_Anchors/Research_Data/JAE_Legacy_Audit/data/structured/Route_A_Modern/2002_INTEGRATING-SCIENCE-IN-AGRICULTURAL-EDUCATION-ATTITUDES-OF-INDIANA-AGRICULTURAL-SCIENCE-AND-BUSINESS-TEACHERS.json,/Volumes/Clemons_Data/_Anchors/Research_Data/JAE_Legacy_Audit/data/embeddings/Route_A_Modern/jae_31c62add29c3.npz,True,True,True,False,0,True,,True,5523,False,False,False,/Theoretical Framework The notion of integrating more scientific concepts into agricultural education programs has been ,True,300,False,False,False,/Procedures The population for this study consisted of current Indiana ASB teachers (N = 243). Purdue University’s Agric,True,20646,False,False,False,have supported the claim that integration of science into agriculture curricula is a more effective way to teach science
jae_7841ddb92b74,Route_A_Modern,2002,2002_JOB-SATISFACTION-AS-AN-OUTCOME-MEASURE-OF-THE-EFFECTIVENESS-OF-AN-AGRICULTURAL-COMMUNICATIONS-ACADEMIC-PROGRAM.pdf,/Volumes/Clemons_Data/_Anchors/Research_Data/JAE_Legacy_Audit/data/raw/Route_A_Modern/2002_JOB-SATISFACTION-AS-AN-OUTCOME-MEASURE-OF-THE-EFFECTIVENESS-OF-AN-AGRICULTURAL-COMMUNICATIONS-ACADEMIC-PROGRAM.pdf,/Volumes/Clemons_Data/_Anchors/Research_Data/JAE_Legacy_Audit/data/structured/Route_A_Modern/2002_JOB-SATISFACTION-AS-AN-OUTCOME-MEASURE-OF-THE-EFFECTIVENESS-OF-AN-AGRICULTURAL-COMMUNICATIONS-ACADEMIC-PROGRAM.json,/Volumes/Clemons_Data/_Anchors/Research_Data/JAE_Legacy_Audit/data/embeddings/Route_A_Modern/jae_7841ddb92b74.npz,True,True,True,False,0,True,,True,11878,False,False,False,"“Jobs in agricultural communications offer excitement, adventure and the opportunity to keep up-to-the minute on the lat",True,3908,False,False,False,/Procedures The research design for this study was a one-shot case study in which a two-part survey questionnaire was ad,True,28074,False,False,False,of the study indicated that the majority of respondents were generally satisfied with their positions. Respondents’ perc
jae_38a7b7d53cd8,Route_A_Modern,2002,2002_LEADERSHIP-SELF-PERCEPTIONS-OF-WLC-PARTICIPANTS.pdf,/Volumes/Clemons_Data/_Anchors/Research_Data/JAE_Legacy_Audit/data/raw/Route_A_Modern/2002_LEADERSHIP-SELF-PERCEPTIONS-OF-WLC-PARTICIPANTS.pdf,/Volumes/Clemons_Data/_Anchors/Research_Data/JAE_Legacy_Audit/data/structured/Route_A_Modern/2002_LEADERSHIP-SELF-PERCEPTIONS-OF-WLC-PARTICIPANTS.json,/Volumes/Clemons_Data/_Anchors/Research_Data/JAE_Legacy_Audit/data/embeddings/Route_A_Modern/jae_38a7b7d53cd8.npz,True,True,True,True,3,False,,True,26444,False,True,False,The FFA is regarded highly for its youth leadership training. The mission of the FFA is to make a positive difference in,True,17,False,False,True,SECTION_NOT_FOUND,True,16370,False,True,False,. .73 .69 14. I am a good listener. 19. I can give clear directions. 20. I can follow directions. 7. I consider all choi
jae_43804e0138e1,Route_A_Modern,2002,2002_PERCEPTIONS-HELD-BY-LEGISLATORS-TOWARD-THE-LOUISIANA-COOPERATIVE-EXTENSION-SERVICE.pdf,/Volumes/Clemons_Data/_Anchors/Research_Data/JAE_Legacy_Audit/data/raw/Route_A_Modern/2002_PERCEPTIONS-HELD-BY-LEGISLATORS-TOWARD-THE-LOUISIANA-COOPERATIVE-EXTENSION-SERVICE.pdf,/Volumes/Clemons_Data/_Anchors/Research_Data/JAE_Legacy_Audit/data/structured/Route_A_Modern/2002_PERCEPTIONS-HELD-BY-LEGISLATORS-TOWARD-THE-LOUISIANA-COOPERATIVE-EXTENSION-SERVICE.json,/Volumes/Clemons_Data/_Anchors/Research_Data/JAE_Legacy_Audit/data/embeddings/Route_A_Modern/jae_43804e0138e1.npz,True,True,True,True,3,False,,True,17,False,False,True,SECTION_NOT_FOUND,True,17,False,False,True,SECTION_NOT_FOUND,True,17,False,False,True,SECTION_NOT_FOUND
jae_709a5fb06ead,Route_A_Modern,2002,2002_RELATIONSHIPS-AMONG-LEARNING-STRATEGIES-PATTERNS-STYLES-AND-ACHIEVEMENT-IN-WEB-BASED-COURSES.pdf,/Volumes/Clemons_Data/_Anchors/Research_Data/JAE_Legacy_Audit/data/raw/Route_A_Modern/2002_RELATIONSHIPS-AMONG-LEARNING-STRATEGIES-PATTERNS-STYLES-AND-ACHIEVEMENT-IN-WEB-BASED-COURSES.pdf,/Volumes/Clemons_Data/_Anchors/Research_Data/JAE_Legacy_Audit/data/structured/Route_A_Modern/2002_RELATIONSHIPS-AMONG-LEARNING-STRATEGIES-PATTERNS-STYLES-AND-ACHIEVEMENT-IN-WEB-BASED-COURSES.json,/Volumes/Clemons_Data/_Anchors/Research_Data/JAE_Legacy_Audit/data/embeddings/Route_A_Modern/jae_709a5fb06ead.npz,True,True,True,False,0,True,,True,136,False,False,False,and Theoretical Framework Evaluations of new educational technologies have tended to compare learning outcomes of instru,True,112,False,False,False,"with the hope that the new technology “will be the one to revolutionize learning” (Parson, 1998, p. 2). However,",True,26272,False,False,False,"forum, or chat room. Learning strategy was the only significant factor that explained about one-fourth of student achiev"
jae_ee48da9cbcdf,Route_A_Modern,2002,2002_TEACHER-CHARACTERISTICS-EXPLAINING-THE-EXTENT-OF-AGRICULTURAL-AWARENESS-ACTIVITIES-INTEGRATED-INTO-THE-ELEMENTARY.pdf,/Volumes/Clemons_Data/_Anchors/Research_Data/JAE_Legacy_Audit/data/raw/Route_A_Modern/2002_TEACHER-CHARACTERISTICS-EXPLAINING-THE-EXTENT-OF-AGRICULTURAL-AWARENESS-ACTIVITIES-INTEGRATED-INTO-THE-ELEMENTARY.pdf,/Volumes/Clemons_Data/_Anchors/Research_Data/JAE_Legacy_Audit/data/structured/Route_A_Modern/2002_TEACHER-CHARACTERISTICS-EXPLAINING-THE-EXTENT-OF-AGRICULTURAL-AWARENESS-ACTIVITIES-INTEGRATED-INTO-THE-ELEMENTARY.json,/Volumes/Clemons_Data/_Anchors/Research_Data/JAE_Legacy_Audit/data/embeddings/Route_A_Modern/jae_ee48da9cbcdf.npz,True,True,True,True,2,False,,True,17,False,False,True,SECTION_NOT_FOUND,True,17,False,False,True,SECTION_NOT_FOUND,True,17688,False,False,False,"s did not contain agricultural, food, fiber, and natural resources systems content (Trexler et al., 2000). Intervention "
jae_d47d447f595e,Route_A_Modern,2002,2002_TEACHING-BIOLOGY-USING-AGRICULTURE-AS-THE-CONTEXT-PERCEPTIONS-OF-HIGH-SCHOOL-STUDENTS.pdf,/Volumes/Clemons_Data/_Anchors/Research_Data/JAE_Legacy_Audit/data/raw/Route_A_Modern/2002_TEACHING-BIOLOGY-USING-AGRICULTURE-AS-THE-CONTEXT-PERCEPTIONS-OF-HIGH-SCHOOL-STUDENTS.pdf,/Volumes/Clemons_Data/_Anchors/Research_Data/JAE_Legacy_Audit/data/structured/Route_A_Modern/2002_TEACHING-BIOLOGY-USING-AGRICULTURE-AS-THE-CONTEXT-PERCEPTIONS-OF-HIGH-SCHOOL-STUDENTS.json,/Volumes/Clemons_Data/_Anchors/Research_Data/JAE_Legacy_Audit/data/embeddings/Route_A_Modern/jae_d47d447f595e.npz,True,True,True,False,0,True,,True,99,False,False,False,/Theoretical Framework Agricultural Education teachers have been encouraged to work at establishing,True,435,False,False,False,for integrating more scientific principles into their agriculture curriculum. The concept of integrating science into ag,True,30996,False,False,False,have supported the claim that integration of science into agriculture curricula is a more effective way to teach science
jae_d7f97fb558b7,Route_A_Modern,2002,2002_THE-ACADEMIC-PERFORMANCE-AND-RETENTION-OF-COLLEGE-OF-AGRICULTURE-STUDENTS.pdf,/Volumes/Clemons_Data/_Anchors/Research_Data/JAE_Legacy_Audit/data/raw/Route_A_Modern/2002_THE-ACADEMIC-PERFORMANCE-AND-RETENTION-OF-COLLEGE-OF-AGRICULTURE-STUDENTS.pdf,/Volumes/Clemons_Data/_Anchors/Research_Data/JAE_Legacy_Audit/data/structured/Route_A_Modern/2002_THE-ACADEMIC-PERFORMANCE-AND-RETENTION-OF-COLLEGE-OF-AGRICULTURE-STUDENTS.json,/Volumes/Clemons_Data/_Anchors/Research_Data/JAE_Legacy_Audit/data/embeddings/Route_A_Modern/jae_d7f97fb558b7.npz,True,True,True,False,0,True,,True,6218,False,False,False,/Theoretical Framework Universities across the nation have established criteria in the selection of students for admissi,True,2963,False,False,False,/Procedures Population and Sample The target population for this correlational trend study was freshmen entering the Col,True,13808,False,False,False,/Findings The first objective sought to describe the relationship between students’ learning styles and academic perform
jae_c5e4a6f8ac43,Route_A_Modern,2002,2002_WHENCE-WE-CAME-THE-LAND-GRANT-TRADITION-ORIGIN-EVOLUTION-AND-IMPLICATIONS-FOR-THE-21ST-CENTURY.pdf,/Volumes/Clemons_Data/_Anchors/Research_Data/JAE_Legacy_Audit/data/raw/Route_A_Modern/2002_WHENCE-WE-CAME-THE-LAND-GRANT-TRADITION-ORIGIN-EVOLUTION-AND-IMPLICATIONS-FOR-THE-21ST-CENTURY.pdf,/Volumes/Clemons_Data/_Anchors/Research_Data/JAE_Legacy_Audit/data/structured/Route_A_Modern/2002_WHENCE-WE-CAME-THE-LAND-GRANT-TRADITION-ORIGIN-EVOLUTION-AND-IMPLICATIONS-FOR-THE-21ST-CENTURY.json,/Volumes/Clemons_Data/_Anchors/Research_Data/JAE_Legacy_Audit/data/embeddings/Route_A_Modern/jae_c5e4a6f8ac43.npz,True,True,True,False,0,True,,True,4809,False,False,False,The concept of the land-grant university is quickly approaching its sesquicentennial. During the last one and a half cen,True,5990,False,False,False,", including the review of primary and secondary sources, this study described the contexts, circumstances, actors, and l",True,34122,False,False,False,"of what has come to be known as the “Land-Grant Tradition” of teaching, research, and extension. However, in light of th"
jae_5b725f6dee32,Route_A_Modern,2000,2000_A-COMPARISON-OF-STAKEHOLDER-CHOICES-OF-FARM-SAFETY-TRAINING-TOPICS-FOR-UTAH-YOUTH.pdf,/Volumes/Clemons_Data/_Anchors/Research_Data/JAE_Legacy_Audit/data/raw/Route_A_Modern/2000_A-COMPARISON-OF-STAKEHOLDER-CHOICES-OF-FARM-SAFETY-TRAINING-TOPICS-FOR-UTAH-YOUTH.pdf,/Volumes/Clemons_Data/_Anchors/Research_Data/JAE_Legacy_Audit/data/structured/Route_A_Modern/2000_A-COMPARISON-OF-STAKEHOLDER-CHOICES-OF-FARM-SAFETY-TRAINING-TOPICS-FOR-UTAH-YOUTH.json,/Volumes/Clemons_Data/_Anchors/Research_Data/JAE_Legacy_Audit/data/embeddings/Route_A_Modern/jae_5b725f6dee32.npz,True,True,True,True,2,False,,True,17,False,False,True,SECTION_NOT_FOUND,True,17,False,False,True,SECTION_NOT_FOUND,True,17736,False,False,False,from a study of fatal farm-related injuries to children 9 years of age and under in Wisconsin and Illinois from 1979 to 
jae_6885a75651a7,Route_A_Modern,2000,2000_A-DESCRIPTION-OF-THE-NATURE-AND-IMPACT-OF-TEACHING-EVENTS-AND-FORMS-OF-BEGINNING-TEACHER-ASSISTANCE-AS-EXPERIENCED-BY-MINNESOTA-AGRICULTURAL-EDUCATION-TEACHERS.pdf,/Volumes/Clemons_Data/_Anchors/Research_Data/JAE_Legacy_Audit/data/raw/Route_A_Modern/2000_A-DESCRIPTION-OF-THE-NATURE-AND-IMPACT-OF-TEACHING-EVENTS-AND-FORMS-OF-BEGINNING-TEACHER-ASSISTANCE-AS-EXPERIENCED-BY-MINNESOTA-AGRICULTURAL-EDUCATION-TEACHERS.pdf,/Volumes/Clemons_Data/_Anchors/Research_Data/JAE_Legacy_Audit/data/structured/Route_A_Modern/2000_A-DESCRIPTION-OF-THE-NATURE-AND-IMPACT-OF-TEACHING-EVENTS-AND-FORMS-OF-BEGINNING-TEACHER-ASSISTANCE-AS-EXPERIENCED-BY-MINNESOTA-AGRICULTURAL-EDUCATION-TEACHERS.json,/Volumes/Clemons_Data/_Anchors/Research_Data/JAE_Legacy_Audit/data/embeddings/Route_A_Modern/jae_6885a75651a7.npz,True,True,True,False,0,True,,True,10808,False,False,False,The retention of quality teachers with and without the use of effective forms of beginning teacher assistance in the pub,True,2411,False,False,False,and Procedures The questionnaire was distributed and This census study was descriptive in nature. The population consist,True,31955,False,False,False,in a transition from student to first-year teacher that may be traumatic and has been referred to in the literature as “
jae_b9a843498e07,Route_A_Modern,2000,2000_A-LONGITUDINAL-MEASURE-OF-THE-PERCEPTUAL-IMPACT-OF-A-CULTURAL-DIVERSITY-TEACHING-PRACTICUM-ON-THE-INTERPERSONAL-COMPETENCY-OF-STUDENT-TEACHERS.pdf,/Volumes/Clemons_Data/_Anchors/Research_Data/JAE_Legacy_Audit/data/raw/Route_A_Modern/2000_A-LONGITUDINAL-MEASURE-OF-THE-PERCEPTUAL-IMPACT-OF-A-CULTURAL-DIVERSITY-TEACHING-PRACTICUM-ON-THE-INTERPERSONAL-COMPETENCY-OF-STUDENT-TEACHERS.pdf,/Volumes/Clemons_Data/_Anchors/Research_Data/JAE_Legacy_Audit/data/structured/Route_A_Modern/2000_A-LONGITUDINAL-MEASURE-OF-THE-PERCEPTUAL-IMPACT-OF-A-CULTURAL-DIVERSITY-TEACHING-PRACTICUM-ON-THE-INTERPERSONAL-COMPETENCY-OF-STUDENT-TEACHERS.json,/Volumes/Clemons_Data/_Anchors/Research_Data/JAE_Legacy_Audit/data/embeddings/Route_A_Modern/jae_b9a843498e07.npz,True,True,True,True,1,False,,True,14011,False,False,False,/Theoretical Framework The rapid change in the ethnic demographics of the United States has made diversity one of the mo,True,17,False,False,True,SECTION_NOT_FOUND,True,21081,False,False,False,of the study indicated perceptual change of interpersonal competency occurred within subjects in all subscale areas meas
jae_d4c986f165f3,Route_A_Modern,2000,2000_A-QUALITATIVE-STUDY-OF-URBAN-AND-SUBURBAN-ELEMENTARY-STUDENT-UNDERSTANDINGS-OF-PEST-RELATED-SCIENCE-AND-AGRICULTURAL-EDUCATION-BENCHMARKS.pdf,/Volumes/Clemons_Data/_Anchors/Research_Data/JAE_Legacy_Audit/data/raw/Route_A_Modern/2000_A-QUALITATIVE-STUDY-OF-URBAN-AND-SUBURBAN-ELEMENTARY-STUDENT-UNDERSTANDINGS-OF-PEST-RELATED-SCIENCE-AND-AGRICULTURAL-EDUCATION-BENCHMARKS.pdf,/Volumes/Clemons_Data/_Anchors/Research_Data/JAE_Legacy_Audit/data/structured/Route_A_Modern/2000_A-QUALITATIVE-STUDY-OF-URBAN-AND-SUBURBAN-ELEMENTARY-STUDENT-UNDERSTANDINGS-OF-PEST-RELATED-SCIENCE-AND-AGRICULTURAL-EDUCATION-BENCHMARKS.json,/Volumes/Clemons_Data/_Anchors/Research_Data/JAE_Legacy_Audit/data/embeddings/Route_A_Modern/jae_d4c986f165f3.npz,True,True,True,True,1,False,,True,4048,False,False,False,"s for science education and studies on agricultural literacy, clinical interviews were used to surface fifth graders thi",True,7613,False,True,False,", and conclusions about public perceptions of agrichemicals and other agricultural technologies (van Ravenswaay, 1995). ",True,23436,False,False,False,", which is parallel to internal validity in more traditional positivistic inquiry. In phase three, I focused on coding s"
jae_b5d844cd8cbe,Route_A_Modern,2000,2000_A-TELECOMMUNICATIONS-NETWORK-FOR-DISTANCE-LEARNING-IF-IT-S-BUILT-WILL-AGRICULTURE-TEACHERS-USE-IT-.pdf,/Volumes/Clemons_Data/_Anchors/Research_Data/JAE_Legacy_Audit/data/raw/Route_A_Modern/2000_A-TELECOMMUNICATIONS-NETWORK-FOR-DISTANCE-LEARNING-IF-IT-S-BUILT-WILL-AGRICULTURE-TEACHERS-USE-IT-.pdf,/Volumes/Clemons_Data/_Anchors/Research_Data/JAE_Legacy_Audit/data/structured/Route_A_Modern/2000_A-TELECOMMUNICATIONS-NETWORK-FOR-DISTANCE-LEARNING-IF-IT-S-BUILT-WILL-AGRICULTURE-TEACHERS-USE-IT-.json,/Volumes/Clemons_Data/_Anchors/Research_Data/JAE_Legacy_Audit/data/embeddings/Route_A_Modern/jae_b5d844cd8cbe.npz,True,True,True,True,3,False,,True,17,False,False,True,SECTION_NOT_FOUND,True,17,False,False,True,SECTION_NOT_FOUND,True,17,False,False,True,SECTION_NOT_FOUND
jae_6b995d08033e,Route_A_Modern,2000,2000_AGRIBUSINESS-STANDARDS-A-COMPARISON-OF-THE-CHOICES-OF-UTAH-AGRISCIENCE-AND-TECHNOLOGY-TEACHERS-AND-AGRIBUSINESS-REPRESENTATIVES.pdf,/Volumes/Clemons_Data/_Anchors/Research_Data/JAE_Legacy_Audit/data/raw/Route_A_Modern/2000_AGRIBUSINESS-STANDARDS-A-COMPARISON-OF-THE-CHOICES-OF-UTAH-AGRISCIENCE-AND-TECHNOLOGY-TEACHERS-AND-AGRIBUSINESS-REPRESENTATIVES.pdf,/Volumes/Clemons_Data/_Anchors/Research_Data/JAE_Legacy_Audit/data/structured/Route_A_Modern/2000_AGRIBUSINESS-STANDARDS-A-COMPARISON-OF-THE-CHOICES-OF-UTAH-AGRISCIENCE-AND-TECHNOLOGY-TEACHERS-AND-AGRIBUSINESS-REPRESENTATIVES.json,/Volumes/Clemons_Data/_Anchors/Research_Data/JAE_Legacy_Audit/data/embeddings/Route_A_Modern/jae_6b995d08033e.npz,True,True,True,False,0,True,,True,6944,False,False,False,"Before and since passage of the Vocational Education Act of 1963, many secondary and post secondary agricultural educati",True,2865,False,False,False,This was a descriptive study that used a non-equivalent comparison group. Comparison groups attempt to identify analogou,True,16898,False,False,False,"of a majority of earlier studies, Andreasen (1996) found that agricultural business and industry representatives and agr"
jae_a12c9415396b,Route_A_Modern,2000,2000_AGRICULTURAL-AWARENESS-ACTIVITIES-AND-THEIR-INTEGRATION-INTO-THE-CURRICULUM-AS-PERCElVED-BY-ELEMENTARY-TEACHERS.pdf,/Volumes/Clemons_Data/_Anchors/Research_Data/JAE_Legacy_Audit/data/raw/Route_A_Modern/2000_AGRICULTURAL-AWARENESS-ACTIVITIES-AND-THEIR-INTEGRATION-INTO-THE-CURRICULUM-AS-PERCElVED-BY-ELEMENTARY-TEACHERS.pdf,/Volumes/Clemons_Data/_Anchors/Research_Data/JAE_Legacy_Audit/data/structured/Route_A_Modern/2000_AGRICULTURAL-AWARENESS-ACTIVITIES-AND-THEIR-INTEGRATION-INTO-THE-CURRICULUM-AS-PERCElVED-BY-ELEMENTARY-TEACHERS.json,/Volumes/Clemons_Data/_Anchors/Research_Data/JAE_Legacy_Audit/data/embeddings/Route_A_Modern/jae_a12c9415396b.npz,True,True,True,False,0,True,,True,11374,False,False,False,"Agricultural educators have discussed the need for instruction in agriculture in elementary grades for many years (Fox, ",True,5962,False,False,False,"and Procedures be very important for integrating agriculture into the elementary curriculum (Terry, Herring, & Larke, 19",True,32383,False,False,False,of this study support Fishbein & Azjen 's (1975) attitude theory that positive beliefs and attitudes lead to specific in
jae_d73c9406cd27,Route_A_Modern,2000,2000_AGRICULTURE-AND-SCIENCE-INTEGRATION-A-PRE-SERVICE-PRESCRIPTION-FOR-CONTEXTUAL-LEARNING.pdf,/Volumes/Clemons_Data/_Anchors/Research_Data/JAE_Legacy_Audit/data/raw/Route_A_Modern/2000_AGRICULTURE-AND-SCIENCE-INTEGRATION-A-PRE-SERVICE-PRESCRIPTION-FOR-CONTEXTUAL-LEARNING.pdf,/Volumes/Clemons_Data/_Anchors/Research_Data/JAE_Legacy_Audit/data/structured/Route_A_Modern/2000_AGRICULTURE-AND-SCIENCE-INTEGRATION-A-PRE-SERVICE-PRESCRIPTION-FOR-CONTEXTUAL-LEARNING.json,/Volumes/Clemons_Data/_Anchors/Research_Data/JAE_Legacy_Audit/data/embeddings/Route_A_Modern/jae_d73c9406cd27.npz,True,True,True,False,0,True,,True,5535,False,False,False,The concept of integrating science into agricultural education programs has been supported from various sources for over,True,5928,False,False,False,"(Reichardt and Rallis, 1994). Specifically, the research combined a series of personal interviews with the treatment gro",True,26211,False,False,False,support the claim that the integration of science into the agriculture curricula is a more effective way to teach scienc
jae_b8ade8c902dc,Route_A_Modern,2000,2000_AGRICULTURE-STUDENTS-COMPUTER-SKILLS-AND-ELECTRONIC-EXAMS.pdf,/Volumes/Clemons_Data/_Anchors/Research_Data/JAE_Legacy_Audit/data/raw/Route_A_Modern/2000_AGRICULTURE-STUDENTS-COMPUTER-SKILLS-AND-ELECTRONIC-EXAMS.pdf,/Volumes/Clemons_Data/_Anchors/Research_Data/JAE_Legacy_Audit/data/structured/Route_A_Modern/2000_AGRICULTURE-STUDENTS-COMPUTER-SKILLS-AND-ELECTRONIC-EXAMS.json,/Volumes/Clemons_Data/_Anchors/Research_Data/JAE_Legacy_Audit/data/embeddings/Route_A_Modern/jae_b8ade8c902dc.npz,True,True,True,False,0,True,,True,4057,False,False,False,"Computer usage in secondary and post- Anxiety caused by computer malfunctions, destroyed data, lost files, and program e",True,9250,False,False,False,used for testing students’ computer application skills in a traditional versus electronic medium. Extensive literature a,True,23922,False,False,False,", Otomo (1998) found no significant gender differences concerning computer anxiety and test anxiety for 153 community co"
jae_3bdb85ff7f50,Route_A_Modern,2000,2000_AN-EVALUATION-OF-A-DISTANCE-EDUCATION-COURSE-DESIGN-FOR-GENERAL-SOILS.pdf,/Volumes/Clemons_Data/_Anchors/Research_Data/JAE_Legacy_Audit/data/raw/Route_A_Modern/2000_AN-EVALUATION-OF-A-DISTANCE-EDUCATION-COURSE-DESIGN-FOR-GENERAL-SOILS.pdf,/Volumes/Clemons_Data/_Anchors/Research_Data/JAE_Legacy_Audit/data/structured/Route_A_Modern/2000_AN-EVALUATION-OF-A-DISTANCE-EDUCATION-COURSE-DESIGN-FOR-GENERAL-SOILS.json,/Volumes/Clemons_Data/_Anchors/Research_Data/JAE_Legacy_Audit/data/embeddings/Route_A_Modern/jae_3bdb85ff7f50.npz,True,True,True,True,1,False,,True,2768,False,False,False,"and Theoretical Framework Instructional design is not a new concept. It is, however, relatively new to higher education.",True,7575,False,False,False,employed to overcome geographical or chronological distance produce no significant differences in learner achievement. W,True,30359,False,True,False,"support the large body of literature indicating that distance delivery, regardless of media or technology used is not by"
jae_fd361c5d335f,Route_A_Modern,2000,2000_AN-EXAMINATION-OF-INTEGRATION-OF-ACADEMIC-AND-VOCATIONAL-SUBJECT-MATTER-IN-THE-AQUACULTURE-CLASSROOM.pdf,/Volumes/Clemons_Data/_Anchors/Research_Data/JAE_Legacy_Audit/data/raw/Route_A_Modern/2000_AN-EXAMINATION-OF-INTEGRATION-OF-ACADEMIC-AND-VOCATIONAL-SUBJECT-MATTER-IN-THE-AQUACULTURE-CLASSROOM.pdf,/Volumes/Clemons_Data/_Anchors/Research_Data/JAE_Legacy_Audit/data/structured/Route_A_Modern/2000_AN-EXAMINATION-OF-INTEGRATION-OF-ACADEMIC-AND-VOCATIONAL-SUBJECT-MATTER-IN-THE-AQUACULTURE-CLASSROOM.json,/Volumes/Clemons_Data/_Anchors/Research_Data/JAE_Legacy_Audit/data/embeddings/Route_A_Modern/jae_fd361c5d335f.npz,True,True,True,False,0,True,,True,6443,False,False,False,and Theoretical Framework Aquaculture is a developing agricultural education program area with potential to increase opp,True,238,False,False,False,approach to investigate the extent to which secondary agriculture teachers employ aquaculture as a means to teach and re,True,29313,False,False,False,of the study indicated that approximately one-fourth of all secondary agriculture teachers incorporated aquaculture into
jae_aa13dd2facc7,Route_A_Modern,2000,2000_AN-EXAMINATION-OF-SELECTED-PRESERVICE-AGRICULTURAL-TEACHER-EDUCATION-PROGRAMS-IN-THE-UNITED-STATES.pdf,/Volumes/Clemons_Data/_Anchors/Research_Data/JAE_Legacy_Audit/data/raw/Route_A_Modern/2000_AN-EXAMINATION-OF-SELECTED-PRESERVICE-AGRICULTURAL-TEACHER-EDUCATION-PROGRAMS-IN-THE-UNITED-STATES.pdf,/Volumes/Clemons_Data/_Anchors/Research_Data/JAE_Legacy_Audit/data/structured/Route_A_Modern/2000_AN-EXAMINATION-OF-SELECTED-PRESERVICE-AGRICULTURAL-TEACHER-EDUCATION-PROGRAMS-IN-THE-UNITED-STATES.json,/Volumes/Clemons_Data/_Anchors/Research_Data/JAE_Legacy_Audit/data/embeddings/Route_A_Modern/jae_aa13dd2facc7.npz,True,True,True,False,0,True,,True,3571,False,False,False,Agricultural teacher educators have experienced significant pressure over the past 15 years to reform the process by whi,True,11399,False,False,False,and program and curriculum planning are generally available. Separate courses on serving as FFA advisors or in managing ,True,14359,False,False,False,"to the population. This was a study of a purposefully selected set of institutions and, in a strict sense, the findings "
jae_d9997324c0a4,Route_A_Modern,2000,2000_ARE-OFF-CAMPUS-COURSES-AS-ACADEMICALLY-RIGOROUS-AS-ON-CAMPUS-COURSES-.pdf,/Volumes/Clemons_Data/_Anchors/Research_Data/JAE_Legacy_Audit/data/raw/Route_A_Modern/2000_ARE-OFF-CAMPUS-COURSES-AS-ACADEMICALLY-RIGOROUS-AS-ON-CAMPUS-COURSES-.pdf,/Volumes/Clemons_Data/_Anchors/Research_Data/JAE_Legacy_Audit/data/structured/Route_A_Modern/2000_ARE-OFF-CAMPUS-COURSES-AS-ACADEMICALLY-RIGOROUS-AS-ON-CAMPUS-COURSES-.json,/Volumes/Clemons_Data/_Anchors/Research_Data/JAE_Legacy_Audit/data/embeddings/Route_A_Modern/jae_d9997324c0a4.npz,True,True,True,True,1,False,,True,21404,False,False,False,Rigor is often listed as a consideration by evaluators of educational programs. The Distance and Education Training Coun,True,17,False,False,True,SECTION_NOT_FOUND,True,23048,False,False,False,than on-campus students. Off-campus students perceived that on- and off- campus courses are near parity in terms of acad
jae_a0b721b9b71a,Route_A_Modern,2000,2000_ASSESSING-ACADEMIC-CHALLENGES-FOR-THEIR-CONTRIBUTION-TO-COGNITIVE-DEVELOPMENT.pdf,/Volumes/Clemons_Data/_Anchors/Research_Data/JAE_Legacy_Audit/data/raw/Route_A_Modern/2000_ASSESSING-ACADEMIC-CHALLENGES-FOR-THEIR-CONTRIBUTION-TO-COGNITIVE-DEVELOPMENT.pdf,/Volumes/Clemons_Data/_Anchors/Research_Data/JAE_Legacy_Audit/data/structured/Route_A_Modern/2000_ASSESSING-ACADEMIC-CHALLENGES-FOR-THEIR-CONTRIBUTION-TO-COGNITIVE-DEVELOPMENT.json,/Volumes/Clemons_Data/_Anchors/Research_Data/JAE_Legacy_Audit/data/embeddings/Route_A_Modern/jae_a0b721b9b71a.npz,True,True,True,False,0,True,,True,1430,False,False,False,"and Theoretical Framework One of the goals established by The National Education Goals Panel was that, “The proportion o",True,525,False,False,False,"in the development of students ’ cognitive ability, little has been done regarding the types and the cognitive design of",True,24034,False,False,False,of the cognitive analyses varied by course and by type of academic challenge. The observed variation provides examples o
jae_d1be40a867d0,Route_A_Modern,2000,2000_ASSESSING-STUDENT-ATTITUDES-TOWARD-ANIMAL-WELFARE-RESOURCE-USE-AND-FOOD-SAFETY.pdf,/Volumes/Clemons_Data/_Anchors/Research_Data/JAE_Legacy_Audit/data/raw/Route_A_Modern/2000_ASSESSING-STUDENT-ATTITUDES-TOWARD-ANIMAL-WELFARE-RESOURCE-USE-AND-FOOD-SAFETY.pdf,/Volumes/Clemons_Data/_Anchors/Research_Data/JAE_Legacy_Audit/data/structured/Route_A_Modern/2000_ASSESSING-STUDENT-ATTITUDES-TOWARD-ANIMAL-WELFARE-RESOURCE-USE-AND-FOOD-SAFETY.json,/Volumes/Clemons_Data/_Anchors/Research_Data/JAE_Legacy_Audit/data/embeddings/Route_A_Modern/jae_d1be40a867d0.npz,True,True,True,False,0,True,,True,1826,False,False,False,"Many authors (e.g. Coulter, 1985; Mallory & Sommer, 1986; NRC, 1988; Walter & Reisner, 1994; Terry & Lawver, 1995) have ",True,2821,False,False,False,", animal well-being in farm animal systems, environmental impact, utilization efficiency of resources in agriculture, an",True,23355,False,False,False,"showed decreased concern after the course by both groups of scholars. Introduction Many authors (e.g. Coulter, 1985; Mal"
jae_418e8bd27cea,Route_A_Modern,2000,2000_ASSESSING-THE-AQUACULTURE-CURRICULA-IN-THE-NORTHEASTERN-REGION.pdf,/Volumes/Clemons_Data/_Anchors/Research_Data/JAE_Legacy_Audit/data/raw/Route_A_Modern/2000_ASSESSING-THE-AQUACULTURE-CURRICULA-IN-THE-NORTHEASTERN-REGION.pdf,/Volumes/Clemons_Data/_Anchors/Research_Data/JAE_Legacy_Audit/data/structured/Route_A_Modern/2000_ASSESSING-THE-AQUACULTURE-CURRICULA-IN-THE-NORTHEASTERN-REGION.json,/Volumes/Clemons_Data/_Anchors/Research_Data/JAE_Legacy_Audit/data/embeddings/Route_A_Modern/jae_418e8bd27cea.npz,True,True,True,False,0,True,,True,1976,False,False,False,Aquaculture can be considered the aquatic complement to agriculture. It is the production of fish and/or other aquatic s,True,2666,False,False,False,". On a larger scale, methods of integrating aquaculture into an agricultural education program have included workshops, ",True,20202,False,False,False,of El-Ghamrini’s (1996) study showed low usage of the Council’s materials for shellfish and saltwater shrimp in the Nort
jae_46ce6233ef81,Route_A_Modern,2000,2000_ATTITUDES-OF-ILLINOIS-AGRISCIENCE-STUDENTS-AND-THEIR-PARENTS-TOWARD-AGRICULTURE-AND-AGRICULTURAL-EDUCATION-PROGRAMS.pdf,/Volumes/Clemons_Data/_Anchors/Research_Data/JAE_Legacy_Audit/data/raw/Route_A_Modern/2000_ATTITUDES-OF-ILLINOIS-AGRISCIENCE-STUDENTS-AND-THEIR-PARENTS-TOWARD-AGRICULTURE-AND-AGRICULTURAL-EDUCATION-PROGRAMS.pdf,/Volumes/Clemons_Data/_Anchors/Research_Data/JAE_Legacy_Audit/data/structured/Route_A_Modern/2000_ATTITUDES-OF-ILLINOIS-AGRISCIENCE-STUDENTS-AND-THEIR-PARENTS-TOWARD-AGRICULTURE-AND-AGRICULTURAL-EDUCATION-PROGRAMS.json,/Volumes/Clemons_Data/_Anchors/Research_Data/JAE_Legacy_Audit/data/embeddings/Route_A_Modern/jae_46ce6233ef81.npz,True,True,True,True,2,False,,True,17,False,False,True,SECTION_NOT_FOUND,True,17,False,False,True,SECTION_NOT_FOUND,True,25698,False,False,False,indicated that approximately 90% of both students and parents perceived the science applications in agriculture courses 
jae_5cc672acfa22,Route_A_Modern,2000,2000_DO-OFF-CAMPUS-COURSES-POSSESS-A-LEVEL-OF-QUALITY-COMPARABLE-TO-THAT-OF-ON-CAMPUS-COURSES-.pdf,/Volumes/Clemons_Data/_Anchors/Research_Data/JAE_Legacy_Audit/data/raw/Route_A_Modern/2000_DO-OFF-CAMPUS-COURSES-POSSESS-A-LEVEL-OF-QUALITY-COMPARABLE-TO-THAT-OF-ON-CAMPUS-COURSES-.pdf,/Volumes/Clemons_Data/_Anchors/Research_Data/JAE_Legacy_Audit/data/structured/Route_A_Modern/2000_DO-OFF-CAMPUS-COURSES-POSSESS-A-LEVEL-OF-QUALITY-COMPARABLE-TO-THAT-OF-ON-CAMPUS-COURSES-.json,/Volumes/Clemons_Data/_Anchors/Research_Data/JAE_Legacy_Audit/data/embeddings/Route_A_Modern/jae_5cc672acfa22.npz,True,True,True,True,2,False,,True,17,False,False,True,SECTION_NOT_FOUND,True,17,False,False,True,SECTION_NOT_FOUND,True,22145,False,False,False,of their study indicate that faculty perceived off-campus courses to be of lower quality than on-campus courses. Althoug
jae_036cbe168c3d,Route_A_Modern,2000,2000_EDUCATIONAL-NEEDS-AND-PERCEPTIONS-OF-IOWA-BEGINNING-FARMERS-TOWARD-THEIR-EDUCATION.pdf,/Volumes/Clemons_Data/_Anchors/Research_Data/JAE_Legacy_Audit/data/raw/Route_A_Modern/2000_EDUCATIONAL-NEEDS-AND-PERCEPTIONS-OF-IOWA-BEGINNING-FARMERS-TOWARD-THEIR-EDUCATION.pdf,/Volumes/Clemons_Data/_Anchors/Research_Data/JAE_Legacy_Audit/data/structured/Route_A_Modern/2000_EDUCATIONAL-NEEDS-AND-PERCEPTIONS-OF-IOWA-BEGINNING-FARMERS-TOWARD-THEIR-EDUCATION.json,/Volumes/Clemons_Data/_Anchors/Research_Data/JAE_Legacy_Audit/data/embeddings/Route_A_Modern/jae_036cbe168c3d.npz,True,True,True,False,0,True,,True,2942,False,False,False,"/Theoretical Framework Life-long learning and adult education are concepts that have been well-documented. Cross (1978),",True,2410,False,False,False,"/Procedures Data for this study were collected by a selfadministered, mailed questionnaire sent to a list of randomly se",True,17313,False,False,False,"/Findings Demographic characteristics for the respondents indicated that all farm operators were male, with an average a"
jae_602f7d6d4806,Route_A_Modern,2000,2000_ELEMENTARY-AND-MIDDLE-SCHOOL-TEACHER-IDEAS-ABOUT-THE-AGRI-FOOD-SYSTEM-AND-THEIR-EVALUATION-OF-AGRI-SYSTEM-STAKEHOLDERS-SUGGESTIONS-FOR-EDUCATION.pdf,/Volumes/Clemons_Data/_Anchors/Research_Data/JAE_Legacy_Audit/data/raw/Route_A_Modern/2000_ELEMENTARY-AND-MIDDLE-SCHOOL-TEACHER-IDEAS-ABOUT-THE-AGRI-FOOD-SYSTEM-AND-THEIR-EVALUATION-OF-AGRI-SYSTEM-STAKEHOLDERS-SUGGESTIONS-FOR-EDUCATION.pdf,/Volumes/Clemons_Data/_Anchors/Research_Data/JAE_Legacy_Audit/data/structured/Route_A_Modern/2000_ELEMENTARY-AND-MIDDLE-SCHOOL-TEACHER-IDEAS-ABOUT-THE-AGRI-FOOD-SYSTEM-AND-THEIR-EVALUATION-OF-AGRI-SYSTEM-STAKEHOLDERS-SUGGESTIONS-FOR-EDUCATION.json,/Volumes/Clemons_Data/_Anchors/Research_Data/JAE_Legacy_Audit/data/embeddings/Route_A_Modern/jae_602f7d6d4806.npz,True,True,True,False,0,True,,True,5122,False,False,False,"In the early 1990s, the Michigan Integrated Food and Farming System (MIFFS) was launched as part of the 18-state W.K. Ke",True,5901,False,False,False,. To solicit insights from teachers about the educational products and systems for delivery needed to implement MIFFS Ro,True,15573,False,False,False,Objective 1: Perceptions of the U. S. Food Svstem Teachers initially associated the U.S. food system with the government
jae_7288531d178d,Route_A_Modern,2000,2000_EXPLORING-KNOWLEDGE-ATTITUDES-AND-PERCEPTIONS-OF-NEWSPAPER-JOURNALISTS-IN-METROPOLITAN-MARKETS-IN-THE-UNITED-STATES-REGARDING-FOOD-BIOTECHNOLOGY.pdf,/Volumes/Clemons_Data/_Anchors/Research_Data/JAE_Legacy_Audit/data/raw/Route_A_Modern/2000_EXPLORING-KNOWLEDGE-ATTITUDES-AND-PERCEPTIONS-OF-NEWSPAPER-JOURNALISTS-IN-METROPOLITAN-MARKETS-IN-THE-UNITED-STATES-REGARDING-FOOD-BIOTECHNOLOGY.pdf,/Volumes/Clemons_Data/_Anchors/Research_Data/JAE_Legacy_Audit/data/structured/Route_A_Modern/2000_EXPLORING-KNOWLEDGE-ATTITUDES-AND-PERCEPTIONS-OF-NEWSPAPER-JOURNALISTS-IN-METROPOLITAN-MARKETS-IN-THE-UNITED-STATES-REGARDING-FOOD-BIOTECHNOLOGY.json,/Volumes/Clemons_Data/_Anchors/Research_Data/JAE_Legacy_Audit/data/embeddings/Route_A_Modern/jae_7288531d178d.npz,True,True,True,False,0,True,,True,2389,False,False,False,"and Theoretical Framework Most agricultural innovations are marketed to the users of the technology--farmers; thus, ther",True,6059,False,False,False,"to educate the masses, researchers in this study wanted to know journalists’ knowledge, attitudes, and perceptions of th",True,27274,False,False,False,and recommendations are as follows: journalists’ knowledge of food biotechnology was relatively low; most journalists co
jae_f7e39996c471,Route_A_Modern,2000,2000_FACTORS-INFLUENCING-AN-EXTENSION-AGENT-S-CHOICE-OF-PURSUING-EITHER-THE-FACULTY-OR-THE-ADMINISTRATIVE-AND-PROFESSIONAL-CAREER-TRACK.pdf,/Volumes/Clemons_Data/_Anchors/Research_Data/JAE_Legacy_Audit/data/raw/Route_A_Modern/2000_FACTORS-INFLUENCING-AN-EXTENSION-AGENT-S-CHOICE-OF-PURSUING-EITHER-THE-FACULTY-OR-THE-ADMINISTRATIVE-AND-PROFESSIONAL-CAREER-TRACK.pdf,/Volumes/Clemons_Data/_Anchors/Research_Data/JAE_Legacy_Audit/data/structured/Route_A_Modern/2000_FACTORS-INFLUENCING-AN-EXTENSION-AGENT-S-CHOICE-OF-PURSUING-EITHER-THE-FACULTY-OR-THE-ADMINISTRATIVE-AND-PROFESSIONAL-CAREER-TRACK.json,/Volumes/Clemons_Data/_Anchors/Research_Data/JAE_Legacy_Audit/data/embeddings/Route_A_Modern/jae_f7e39996c471.npz,True,True,True,False,0,True,,True,7510,False,False,False,"and Theoretical Framework The effectiveness of Extension has always depended on its human resources base (Chesney, 1992)",True,87,False,False,False,"and Procedures 8 7 Vol. 41 Issue 4, 2000 The questionnaire was developed based upon the",True,24851,False,False,False,"and communication with agents on January 1, 1994, Journal of Agricultural Education 85 OSU Extension implemented the two"
jae_1f33deeb46ff,Route_A_Modern,2000,2000_HIGHER-ORDER-AND-LOWER-ORDER-THINKING-SKILLS-ACHIEVEMENT-IN-SECONDARY-LEVEL-ANIMAL-SCIENCE-DOES-BLOCK-SCHEDULING-PATTERN-INFLUENCE-END-OF-COURSE-LEARNER-PERFORMANCE-.pdf,/Volumes/Clemons_Data/_Anchors/Research_Data/JAE_Legacy_Audit/data/raw/Route_A_Modern/2000_HIGHER-ORDER-AND-LOWER-ORDER-THINKING-SKILLS-ACHIEVEMENT-IN-SECONDARY-LEVEL-ANIMAL-SCIENCE-DOES-BLOCK-SCHEDULING-PATTERN-INFLUENCE-END-OF-COURSE-LEARNER-PERFORMANCE-.pdf,/Volumes/Clemons_Data/_Anchors/Research_Data/JAE_Legacy_Audit/data/structured/Route_A_Modern/2000_HIGHER-ORDER-AND-LOWER-ORDER-THINKING-SKILLS-ACHIEVEMENT-IN-SECONDARY-LEVEL-ANIMAL-SCIENCE-DOES-BLOCK-SCHEDULING-PATTERN-INFLUENCE-END-OF-COURSE-LEARNER-PERFORMANCE-.json,/Volumes/Clemons_Data/_Anchors/Research_Data/JAE_Legacy_Audit/data/embeddings/Route_A_Modern/jae_1f33deeb46ff.npz,True,True,True,False,0,True,,True,8985,False,False,False,"and Theoretical Framework Elmore (1995) stated, “Over the past decade the United States has been engaged in the most sus",True,1525,False,False,False,and Procedures This was a descriptive study that employed the causal-comparative method to describe and explore possible,True,22287,False,False,False,"regarding vocational education students’ level of cognitive performance” (p. 74), and, specifically, research in determi"
jae_fa3b0b2468cd,Route_A_Modern,2000,2000_IDENTIFYING-AND-CLARIFYING-ORGANIZATIONAL-VALUES.pdf,/Volumes/Clemons_Data/_Anchors/Research_Data/JAE_Legacy_Audit/data/raw/Route_A_Modern/2000_IDENTIFYING-AND-CLARIFYING-ORGANIZATIONAL-VALUES.pdf,/Volumes/Clemons_Data/_Anchors/Research_Data/JAE_Legacy_Audit/data/structured/Route_A_Modern/2000_IDENTIFYING-AND-CLARIFYING-ORGANIZATIONAL-VALUES.json,/Volumes/Clemons_Data/_Anchors/Research_Data/JAE_Legacy_Audit/data/embeddings/Route_A_Modern/jae_fa3b0b2468cd.npz,True,True,True,True,1,False,,True,5995,False,False,False,"Change, planned and unplanned abounds. Organizations striving to remain viable and effective amidst constant change must",True,17,False,False,True,SECTION_NOT_FOUND,True,7384,False,False,False,"indicated that of the 14 values ranked by 75% or more as “‘extremely valued”, nine were also ranked as “‘extremely evide"
jae_4253b0358344,Route_A_Modern,2000,2000_IDENTIFYING-SOURCES-OF-BIAS-IN-AGRICULTURAL-NEWS-REPORTING.pdf,/Volumes/Clemons_Data/_Anchors/Research_Data/JAE_Legacy_Audit/data/raw/Route_A_Modern/2000_IDENTIFYING-SOURCES-OF-BIAS-IN-AGRICULTURAL-NEWS-REPORTING.pdf,/Volumes/Clemons_Data/_Anchors/Research_Data/JAE_Legacy_Audit/data/structured/Route_A_Modern/2000_IDENTIFYING-SOURCES-OF-BIAS-IN-AGRICULTURAL-NEWS-REPORTING.json,/Volumes/Clemons_Data/_Anchors/Research_Data/JAE_Legacy_Audit/data/embeddings/Route_A_Modern/jae_4253b0358344.npz,True,True,True,True,2,False,,True,17,False,False,True,SECTION_NOT_FOUND,True,17,False,False,True,SECTION_NOT_FOUND,True,15979,False,False,False,"127 Vol. 41 Issue 4, 2000 I What sources did periodicals use when reporting environmental and food safety issues? 3. How"
jae_4c70c05ea9a5,Route_A_Modern,2000,2000_INFORMATION-TECHNOLOGY-RELATED-PROFESSIONAL-DEVELOPMENT-NEEDS-OF-LOUISIANA-AGRISCIENCE-TEACHERS.pdf,/Volumes/Clemons_Data/_Anchors/Research_Data/JAE_Legacy_Audit/data/raw/Route_A_Modern/2000_INFORMATION-TECHNOLOGY-RELATED-PROFESSIONAL-DEVELOPMENT-NEEDS-OF-LOUISIANA-AGRISCIENCE-TEACHERS.pdf,/Volumes/Clemons_Data/_Anchors/Research_Data/JAE_Legacy_Audit/data/structured/Route_A_Modern/2000_INFORMATION-TECHNOLOGY-RELATED-PROFESSIONAL-DEVELOPMENT-NEEDS-OF-LOUISIANA-AGRISCIENCE-TEACHERS.json,/Volumes/Clemons_Data/_Anchors/Research_Data/JAE_Legacy_Audit/data/embeddings/Route_A_Modern/jae_4c70c05ea9a5.npz,True,True,True,True,2,False,,True,17,False,False,True,SECTION_NOT_FOUND,True,17,False,False,True,SECTION_NOT_FOUND,True,32509,False,False,False,"were similar to those in . a report published the next year by the Office of Technology Assessment (1988), which stated "
jae_7ec5e64cb4f5,Route_A_Modern,2000,2000_INTEGRATING-SCIENCE-INTO-AGRICULTURE-PROGRAMS-IMPLICATIONS-FOR-ADDRESSING-STATE-STANDARDS-AND-TEACHER-PREPARATION-PROGRAMS.pdf,/Volumes/Clemons_Data/_Anchors/Research_Data/JAE_Legacy_Audit/data/raw/Route_A_Modern/2000_INTEGRATING-SCIENCE-INTO-AGRICULTURE-PROGRAMS-IMPLICATIONS-FOR-ADDRESSING-STATE-STANDARDS-AND-TEACHER-PREPARATION-PROGRAMS.pdf,/Volumes/Clemons_Data/_Anchors/Research_Data/JAE_Legacy_Audit/data/structured/Route_A_Modern/2000_INTEGRATING-SCIENCE-INTO-AGRICULTURE-PROGRAMS-IMPLICATIONS-FOR-ADDRESSING-STATE-STANDARDS-AND-TEACHER-PREPARATION-PROGRAMS.json,/Volumes/Clemons_Data/_Anchors/Research_Data/JAE_Legacy_Audit/data/embeddings/Route_A_Modern/jae_7ec5e64cb4f5.npz,True,True,True,False,0,True,,True,1723,False,False,False,"/Theoretical Framework The American Educational system is currently undergoing reform in funding, governance structures,",True,4822,False,False,False,necessary to guide educators as they updated their curriculum to make it more science based. Buriak (1992) defined agris,True,13537,False,False,False,of the study beyond the accessible sample. The Integrating Science Survey Instrument developed by Thompson and Schumache
jae_057f0e8359e9,Route_A_Modern,2000,2000_LEARNING-STRATEGIES-FOR-DISTANCE-EDUCATION-STUDENTS.pdf,/Volumes/Clemons_Data/_Anchors/Research_Data/JAE_Legacy_Audit/data/raw/Route_A_Modern/2000_LEARNING-STRATEGIES-FOR-DISTANCE-EDUCATION-STUDENTS.pdf,/Volumes/Clemons_Data/_Anchors/Research_Data/JAE_Legacy_Audit/data/structured/Route_A_Modern/2000_LEARNING-STRATEGIES-FOR-DISTANCE-EDUCATION-STUDENTS.json,/Volumes/Clemons_Data/_Anchors/Research_Data/JAE_Legacy_Audit/data/embeddings/Route_A_Modern/jae_057f0e8359e9.npz,True,True,True,False,0,True,,True,6798,False,False,False,to classify learning strategies and to determine specific learning tactics that may be useful in a distance education en,True,456,False,False,False,A library search was used to obtain information for this study. Literature searches using the Educational Resources Info,True,15871,False,False,False,"According to Pintrich (1988), a variety of taxonomies are available for describing and classifying students’ learning st"
jae_487116433072,Route_A_Modern,2000,2000_MARKETING-STRATEGIES-FOR-RECRUITING-4-H-MEMBERS-IN-WEST-VIRGINIA.pdf,/Volumes/Clemons_Data/_Anchors/Research_Data/JAE_Legacy_Audit/data/raw/Route_A_Modern/2000_MARKETING-STRATEGIES-FOR-RECRUITING-4-H-MEMBERS-IN-WEST-VIRGINIA.pdf,/Volumes/Clemons_Data/_Anchors/Research_Data/JAE_Legacy_Audit/data/structured/Route_A_Modern/2000_MARKETING-STRATEGIES-FOR-RECRUITING-4-H-MEMBERS-IN-WEST-VIRGINIA.json,/Volumes/Clemons_Data/_Anchors/Research_Data/JAE_Legacy_Audit/data/embeddings/Route_A_Modern/jae_487116433072.npz,True,True,True,False,0,True,,True,520,False,False,False,"The 4-H program helps youth develop leadership skills through participation in projects, meetings, camps, and county or ",True,8261,False,False,False,and messages influenced West Virginia youth to join the 4-H program. 4-H youth between the ages 13 to I8 were surveyed t,True,9157,False,False,False,should not be generalized to all West Virginia 4-H members. Usable questionnaires were returned by 175 of the 400 respon
jae_d7e79d4cc1f9,Route_A_Modern,2000,2000_MOTIVATION-AND-RECOGNITION-PREFERENCES-OF-4-H-VOLUNTEERS.pdf,/Volumes/Clemons_Data/_Anchors/Research_Data/JAE_Legacy_Audit/data/raw/Route_A_Modern/2000_MOTIVATION-AND-RECOGNITION-PREFERENCES-OF-4-H-VOLUNTEERS.pdf,/Volumes/Clemons_Data/_Anchors/Research_Data/JAE_Legacy_Audit/data/structured/Route_A_Modern/2000_MOTIVATION-AND-RECOGNITION-PREFERENCES-OF-4-H-VOLUNTEERS.json,/Volumes/Clemons_Data/_Anchors/Research_Data/JAE_Legacy_Audit/data/embeddings/Route_A_Modern/jae_d7e79d4cc1f9.npz,True,True,True,False,0,True,,True,18897,False,False,False,Imagine focusing 4.5 million hours of service annually on a common national initiative. The potential of this volume of ,True,419,False,False,False,"were preferred. While a majority of the 4-H volunteers have some exposure to post-secondary education, the largest perce",True,21071,False,False,False,": (1) a stronger 4-H program, (2) clearer understanding of 4-H goals, (3) more volunteer ownership, (4) greater program "
jae_cfa180e67d8d,Route_A_Modern,2000,2000_PERCEIVED-STRENGTHS-WEAKNESSES-OPPORTUNITIES-AND-THREATS-IMPACTING-THE-DIFFUSION-OF-DISTANCE-EDUCATION-TECHNOLOGIES-IN-A-COLLEGE-OF-AGRICULTURE-AND-LIFE-SCIENCES.pdf,/Volumes/Clemons_Data/_Anchors/Research_Data/JAE_Legacy_Audit/data/raw/Route_A_Modern/2000_PERCEIVED-STRENGTHS-WEAKNESSES-OPPORTUNITIES-AND-THREATS-IMPACTING-THE-DIFFUSION-OF-DISTANCE-EDUCATION-TECHNOLOGIES-IN-A-COLLEGE-OF-AGRICULTURE-AND-LIFE-SCIENCES.pdf,/Volumes/Clemons_Data/_Anchors/Research_Data/JAE_Legacy_Audit/data/structured/Route_A_Modern/2000_PERCEIVED-STRENGTHS-WEAKNESSES-OPPORTUNITIES-AND-THREATS-IMPACTING-THE-DIFFUSION-OF-DISTANCE-EDUCATION-TECHNOLOGIES-IN-A-COLLEGE-OF-AGRICULTURE-AND-LIFE-SCIENCES.json,/Volumes/Clemons_Data/_Anchors/Research_Data/JAE_Legacy_Audit/data/embeddings/Route_A_Modern/jae_cfa180e67d8d.npz,True,True,True,False,0,True,,True,8208,False,False,False,& Theoretical Framework Many colleges of agriculture are dedicating resources to high-speed Internet connections and int,True,4905,False,False,False,". Methodology 4 1 Vol. 41 Issue 4, 2000 , Respondents were selected using the snowball sampling technique (Babbie, 1989)",True,24675,False,False,False,"of an innovation are visible to others” (Rogers, 1995, p. 244). Rogers defined an innovation as “an idea, practice or ob"
jae_089459bd73bd,Route_A_Modern,2000,2000_PERCEPTIONS-OF-IOWA-SECONDARY-SCHOOL-PRINCIPALS-TOWARD-AGRICULTURAL-EDUCATION.pdf,/Volumes/Clemons_Data/_Anchors/Research_Data/JAE_Legacy_Audit/data/raw/Route_A_Modern/2000_PERCEPTIONS-OF-IOWA-SECONDARY-SCHOOL-PRINCIPALS-TOWARD-AGRICULTURAL-EDUCATION.pdf,/Volumes/Clemons_Data/_Anchors/Research_Data/JAE_Legacy_Audit/data/structured/Route_A_Modern/2000_PERCEPTIONS-OF-IOWA-SECONDARY-SCHOOL-PRINCIPALS-TOWARD-AGRICULTURAL-EDUCATION.json,/Volumes/Clemons_Data/_Anchors/Research_Data/JAE_Legacy_Audit/data/embeddings/Route_A_Modern/jae_089459bd73bd.npz,True,True,True,False,0,True,,True,4911,False,False,False,/Theoretical Framework Agricultural education has been an integral component of the American educational system since it,True,3389,False,False,False,"/Procedures This applied research project used a Journal of Agricultural Education 117 Vol. 41 Issue 4, 2000 descriptive",True,13818,False,False,False,"and Findings Generally, high school principals in Iowa Expert judges consisting of faculty in the expressed favorable re"
jae_a160228eda77,Route_A_Modern,2000,2000_PERCEPTIONS-OF-UNDERGRADUATE-DIPLOMA-TEACHERS-CONCERNING-THE-USEFULNESS-OF-THE-COURSES-OFFERED-FOR-TRAINING-SECONDARY-AGRICULTURAL-EDUCATION-TEACHERS-AT-THE-BOTSWANA-COLLEGE-OF-AGRICULTURE.pdf,/Volumes/Clemons_Data/_Anchors/Research_Data/JAE_Legacy_Audit/data/raw/Route_A_Modern/2000_PERCEPTIONS-OF-UNDERGRADUATE-DIPLOMA-TEACHERS-CONCERNING-THE-USEFULNESS-OF-THE-COURSES-OFFERED-FOR-TRAINING-SECONDARY-AGRICULTURAL-EDUCATION-TEACHERS-AT-THE-BOTSWANA-COLLEGE-OF-AGRICULTURE.pdf,/Volumes/Clemons_Data/_Anchors/Research_Data/JAE_Legacy_Audit/data/structured/Route_A_Modern/2000_PERCEPTIONS-OF-UNDERGRADUATE-DIPLOMA-TEACHERS-CONCERNING-THE-USEFULNESS-OF-THE-COURSES-OFFERED-FOR-TRAINING-SECONDARY-AGRICULTURAL-EDUCATION-TEACHERS-AT-THE-BOTSWANA-COLLEGE-OF-AGRICULTURE.json,/Volumes/Clemons_Data/_Anchors/Research_Data/JAE_Legacy_Audit/data/embeddings/Route_A_Modern/jae_a160228eda77.npz,True,True,True,False,0,True,,True,5083,False,False,False,The word curriculum is defined based on the beliefs and curriculum practices of the different schools of thought (Ornste,True,2273,False,False,False,A total of 43 graduates of the diploma in agricultural education program at the Botswana College of Agriculture and 36 h,True,16049,False,False,False,"revealed that the majority of the socio-economic, crop science andproduction, agricultural engineering, animal science a"
jae_41b0f1de891e,Route_A_Modern,2000,2000_REINVENTING-CAREER-EDUCATION-AND-RECRUITMENT-IN-AGRICULTURAL-EDUCATION-FOR-THE-21S-T-CENTURY.pdf,/Volumes/Clemons_Data/_Anchors/Research_Data/JAE_Legacy_Audit/data/raw/Route_A_Modern/2000_REINVENTING-CAREER-EDUCATION-AND-RECRUITMENT-IN-AGRICULTURAL-EDUCATION-FOR-THE-21S-T-CENTURY.pdf,/Volumes/Clemons_Data/_Anchors/Research_Data/JAE_Legacy_Audit/data/structured/Route_A_Modern/2000_REINVENTING-CAREER-EDUCATION-AND-RECRUITMENT-IN-AGRICULTURAL-EDUCATION-FOR-THE-21S-T-CENTURY.json,/Volumes/Clemons_Data/_Anchors/Research_Data/JAE_Legacy_Audit/data/embeddings/Route_A_Modern/jae_41b0f1de891e.npz,True,True,True,False,0,True,,True,9652,False,False,False,and Theoretical Framework In the more than 10 years since the National Research Council released its landmark study Unde,True,1176,False,False,False,and Procedures The population for the study consisted of 422 students enrolled in a rural middle school in New York Stat,True,30618,False,False,False,"indicate that while few students expressed an interest in traditional agriculture occupations, over one-half identified "
jae_ec542aa36bf8,Route_A_Modern,2000,2000_REVISITING-SUPERVISED-AGRICULTURAL-EXPERIENCE.pdf,/Volumes/Clemons_Data/_Anchors/Research_Data/JAE_Legacy_Audit/data/raw/Route_A_Modern/2000_REVISITING-SUPERVISED-AGRICULTURAL-EXPERIENCE.pdf,/Volumes/Clemons_Data/_Anchors/Research_Data/JAE_Legacy_Audit/data/structured/Route_A_Modern/2000_REVISITING-SUPERVISED-AGRICULTURAL-EXPERIENCE.json,/Volumes/Clemons_Data/_Anchors/Research_Data/JAE_Legacy_Audit/data/embeddings/Route_A_Modern/jae_ec542aa36bf8.npz,True,True,True,False,0,True,,True,6471,False,False,False,"Agricultural Education has changed dramatically since 1917, when the passage of the Smith-Hughes Act led to a formalized",True,4064,False,False,False,"and Procedures Population and Sample The population for this study consisted of professors of agricultural education, se",True,13983,False,False,False,", the standard deviations of several categories remained above the pre-set value of 1.0, but the item mean ratings were "
jae_a5755f947a6e,Route_A_Modern,2000,2000_STUDENT-COMPUTER-USE-IN-SELECTED-UNDERGRADUATE-AGRICULTURE-COURSES-AN-EXAMINATION-OF-REQUIRED-TASKS.pdf,/Volumes/Clemons_Data/_Anchors/Research_Data/JAE_Legacy_Audit/data/raw/Route_A_Modern/2000_STUDENT-COMPUTER-USE-IN-SELECTED-UNDERGRADUATE-AGRICULTURE-COURSES-AN-EXAMINATION-OF-REQUIRED-TASKS.pdf,/Volumes/Clemons_Data/_Anchors/Research_Data/JAE_Legacy_Audit/data/structured/Route_A_Modern/2000_STUDENT-COMPUTER-USE-IN-SELECTED-UNDERGRADUATE-AGRICULTURE-COURSES-AN-EXAMINATION-OF-REQUIRED-TASKS.json,/Volumes/Clemons_Data/_Anchors/Research_Data/JAE_Legacy_Audit/data/embeddings/Route_A_Modern/jae_a5755f947a6e.npz,True,True,True,False,0,True,,True,4090,False,False,False,"Computers play an important and ever increasing role in modern agriculture. In followup studies, university agriculture ",True,4411,False,False,False,Journal of Agricultural Education 2 8 Vol. 41 Issue 4.2000 I The purpose of this study was to describe required student ,True,22962,False,False,False,of this study would provide information necessary for enhancing the computer experiences and skills of undergraduate stu
jae_73a46f71f2e5,Route_A_Modern,2000,2000_STUDENTS-ENROLLED-IN-SELECTED-UPPER-DIVISION-AGRICULTURE-COURSES-AN-EXAMINATION-OF-COMPUTER-EXPERIENCES-SELF-EFFICACY-AND-KNOWLEDGE.pdf,/Volumes/Clemons_Data/_Anchors/Research_Data/JAE_Legacy_Audit/data/raw/Route_A_Modern/2000_STUDENTS-ENROLLED-IN-SELECTED-UPPER-DIVISION-AGRICULTURE-COURSES-AN-EXAMINATION-OF-COMPUTER-EXPERIENCES-SELF-EFFICACY-AND-KNOWLEDGE.pdf,/Volumes/Clemons_Data/_Anchors/Research_Data/JAE_Legacy_Audit/data/structured/Route_A_Modern/2000_STUDENTS-ENROLLED-IN-SELECTED-UPPER-DIVISION-AGRICULTURE-COURSES-AN-EXAMINATION-OF-COMPUTER-EXPERIENCES-SELF-EFFICACY-AND-KNOWLEDGE.json,/Volumes/Clemons_Data/_Anchors/Research_Data/JAE_Legacy_Audit/data/embeddings/Route_A_Modern/jae_73a46f71f2e5.npz,True,True,True,False,0,True,,True,5599,False,False,False,Computers are an integral and pervasive feature of modem society. According to the United States Department of Education,True,624,False,False,False,"This study was conducted using a descriptive-correlational design (Ary, Jacobs, & Razavieh, 1990). The population consis",True,17011,False,False,False,"Journal of Agricultural Education indicated that the students had not completed a common core of computer experiences, l"
jae_2e2fa5153439,Route_A_Modern,2000,2000_STUDENTS-KNOWLEDGE-OF-AND-EXPECTED-IMPACT-FROM-SUSTAINABLE-AGRICULTURE.pdf,/Volumes/Clemons_Data/_Anchors/Research_Data/JAE_Legacy_Audit/data/raw/Route_A_Modern/2000_STUDENTS-KNOWLEDGE-OF-AND-EXPECTED-IMPACT-FROM-SUSTAINABLE-AGRICULTURE.pdf,/Volumes/Clemons_Data/_Anchors/Research_Data/JAE_Legacy_Audit/data/structured/Route_A_Modern/2000_STUDENTS-KNOWLEDGE-OF-AND-EXPECTED-IMPACT-FROM-SUSTAINABLE-AGRICULTURE.json,/Volumes/Clemons_Data/_Anchors/Research_Data/JAE_Legacy_Audit/data/embeddings/Route_A_Modern/jae_2e2fa5153439.npz,True,True,True,False,0,True,,True,3935,False,False,False,The American food and fiber system has been described as a powerful industrial machine producing abundant food and robus,True,1184,False,False,False,and Procedures 20 The targeted population was all eleventh and twelfth grade students enrolled in agricultural education,True,6133,False,False,False,"Student Knowledge of Sustainable Agriculture A four-point scale (1 = know nothing, 2 = know a little, 3 = know some, 4 ="
jae_fa3e21faaf7d,Route_A_Modern,2000,2000_TEACHER-EDUCATION-RESPONSE-TO-REINVENTING-AGRICULTURAL-EDUCATION-TARGET-YEAR-USE-OF-CONCEPT-MAPPING-TO-PLAN-FOR-CHANGE.pdf,/Volumes/Clemons_Data/_Anchors/Research_Data/JAE_Legacy_Audit/data/raw/Route_A_Modern/2000_TEACHER-EDUCATION-RESPONSE-TO-REINVENTING-AGRICULTURAL-EDUCATION-TARGET-YEAR-USE-OF-CONCEPT-MAPPING-TO-PLAN-FOR-CHANGE.pdf,/Volumes/Clemons_Data/_Anchors/Research_Data/JAE_Legacy_Audit/data/structured/Route_A_Modern/2000_TEACHER-EDUCATION-RESPONSE-TO-REINVENTING-AGRICULTURAL-EDUCATION-TARGET-YEAR-USE-OF-CONCEPT-MAPPING-TO-PLAN-FOR-CHANGE.json,/Volumes/Clemons_Data/_Anchors/Research_Data/JAE_Legacy_Audit/data/embeddings/Route_A_Modern/jae_fa3e21faaf7d.npz,True,False,True,True,3,False,structured_json_missing,False,0,True,False,False,,False,0,True,False,False,,False,0,True,False,False,
jae_eba360e29179,Route_A_Modern,2000,2000_THE-EDUCATIONAL-VALUE-OF-4-H-ACTIVITIES-AS-PERCEIVED-BY-LOUISIANA-4-H-AGENTS.pdf,/Volumes/Clemons_Data/_Anchors/Research_Data/JAE_Legacy_Audit/data/raw/Route_A_Modern/2000_THE-EDUCATIONAL-VALUE-OF-4-H-ACTIVITIES-AS-PERCEIVED-BY-LOUISIANA-4-H-AGENTS.pdf,/Volumes/Clemons_Data/_Anchors/Research_Data/JAE_Legacy_Audit/data/structured/Route_A_Modern/2000_THE-EDUCATIONAL-VALUE-OF-4-H-ACTIVITIES-AS-PERCEIVED-BY-LOUISIANA-4-H-AGENTS.json,/Volumes/Clemons_Data/_Anchors/Research_Data/JAE_Legacy_Audit/data/embeddings/Route_A_Modern/jae_eba360e29179.npz,True,True,True,False,0,True,,True,5325,False,False,False,and Rational The Cooperative Extension Service is an educational program that exists due to a partnership between a fede,True,514,False,False,False,"of pre and post knowledge. By conducting this evaluation, extension agents may receive important and valuable 4-H progra",True,9464,False,False,False,of the study indicated that 4-H camp had the highest educational value rating and was the only activity perceived as hav
jae_e5b6de7fca1c,Route_A_Modern,2000,2000_THE-MOVE-TO-AGRISCIENCE-AND-ITS-IMPACT-ON-TEACHER-EDUCATION-IN-AGRICULTURE.pdf,/Volumes/Clemons_Data/_Anchors/Research_Data/JAE_Legacy_Audit/data/raw/Route_A_Modern/2000_THE-MOVE-TO-AGRISCIENCE-AND-ITS-IMPACT-ON-TEACHER-EDUCATION-IN-AGRICULTURE.pdf,/Volumes/Clemons_Data/_Anchors/Research_Data/JAE_Legacy_Audit/data/structured/Route_A_Modern/2000_THE-MOVE-TO-AGRISCIENCE-AND-ITS-IMPACT-ON-TEACHER-EDUCATION-IN-AGRICULTURE.json,/Volumes/Clemons_Data/_Anchors/Research_Data/JAE_Legacy_Audit/data/embeddings/Route_A_Modern/jae_e5b6de7fca1c.npz,True,True,True,False,0,True,,True,4224,False,False,False,and Theoretical Framework Benjamin Franklin advocated the teaching of agriculture in every town as early as 1749 (Drache,True,9421,False,False,False,"classes for the second area of certification (Conroy, 1997). From this we might assume that states have taken the stand ",True,33478,False,False,False,"show unanimous support for more sciencebased instruction, but little agreement on how much, or how best, to integrate. C"
jae_f63c38913114,Route_A_Modern,2000,2000_THE-USE-OF-LEARNING-STYLES-AND-ADMISSION-CRITERIA-IN-PREDICTING-ACADEMIC-PERFORMANCE-AND-RETENTION-OF-COLLEGE-FRESHMEN.pdf,/Volumes/Clemons_Data/_Anchors/Research_Data/JAE_Legacy_Audit/data/raw/Route_A_Modern/2000_THE-USE-OF-LEARNING-STYLES-AND-ADMISSION-CRITERIA-IN-PREDICTING-ACADEMIC-PERFORMANCE-AND-RETENTION-OF-COLLEGE-FRESHMEN.pdf,/Volumes/Clemons_Data/_Anchors/Research_Data/JAE_Legacy_Audit/data/structured/Route_A_Modern/2000_THE-USE-OF-LEARNING-STYLES-AND-ADMISSION-CRITERIA-IN-PREDICTING-ACADEMIC-PERFORMANCE-AND-RETENTION-OF-COLLEGE-FRESHMEN.json,/Volumes/Clemons_Data/_Anchors/Research_Data/JAE_Legacy_Audit/data/embeddings/Route_A_Modern/jae_f63c38913114.npz,True,True,True,False,0,True,,True,5258,False,False,False,Universities across the nation have established criteria for student admission. Most universities use a combination of h,True,3093,False,False,False,and Procedures Population and Sample The target population for this ex post facto correlational study was freshmen enter,True,9340,False,False,False,The first objective sought to describe the relationship between students’ learning styles and academic performance at th
jae_45a955eb62a5,Route_A_Modern,2000,2000_UNDERGRADUATE-AGRICULTURE-STUDENT-LEARNING-STYLES-AND-CRITICAL-THINKING-ABILITIES-IS-THERE-A-RELATIONSHIP-.pdf,/Volumes/Clemons_Data/_Anchors/Research_Data/JAE_Legacy_Audit/data/raw/Route_A_Modern/2000_UNDERGRADUATE-AGRICULTURE-STUDENT-LEARNING-STYLES-AND-CRITICAL-THINKING-ABILITIES-IS-THERE-A-RELATIONSHIP-.pdf,/Volumes/Clemons_Data/_Anchors/Research_Data/JAE_Legacy_Audit/data/structured/Route_A_Modern/2000_UNDERGRADUATE-AGRICULTURE-STUDENT-LEARNING-STYLES-AND-CRITICAL-THINKING-ABILITIES-IS-THERE-A-RELATIONSHIP-.json,/Volumes/Clemons_Data/_Anchors/Research_Data/JAE_Legacy_Audit/data/embeddings/Route_A_Modern/jae_45a955eb62a5.npz,True,True,True,False,0,True,,True,1728,False,False,False,and Theoretical Framework Our world is constantly changing. Information on the cutting edge of our discipline just five ,True,5800,False,False,False,"Vol. 41 Issue 3, 2000 Journal of Agricultural Education Volume 41, Number 3, pp. 2-12 DOI: 10.5032/jae.2000.03002 (Claxt",True,18688,False,False,False,which are as precise as the subject and the circumstances of inquiry permit. ( p . 2) Recognizing logical inconsistencie
jae_e2178595a673,Route_A_Modern,2001,2001_42.2.1.pdf,/Volumes/Clemons_Data/_Anchors/Research_Data/JAE_Legacy_Audit/data/raw/Route_A_Modern/2001_42.2.1.pdf,/Volumes/Clemons_Data/_Anchors/Research_Data/JAE_Legacy_Audit/data/structured/Route_A_Modern/2001_42.2.1.json,/Volumes/Clemons_Data/_Anchors/Research_Data/JAE_Legacy_Audit/data/embeddings/Route_A_Modern/jae_e2178595a673.npz,True,True,True,False,0,True,,True,1270,False,False,False,"In the 1997-98 academic year, just over one third of the approximately 5,000 postsecondary institutions in the U.S. offe",True,9286,False,False,False,really nothing more than adapting traditional classroom approaches? What are the attitudes and barriers to using technol,True,23035,False,False,False,"Part I: Characteristics and Level of Involvement For reasons unknown to the researchers, one faculty member failed to re"
jae_459bde10b3dd,Route_A_Modern,2001,2001_42.2.2.pdf,/Volumes/Clemons_Data/_Anchors/Research_Data/JAE_Legacy_Audit/data/raw/Route_A_Modern/2001_42.2.2.pdf,/Volumes/Clemons_Data/_Anchors/Research_Data/JAE_Legacy_Audit/data/structured/Route_A_Modern/2001_42.2.2.json,/Volumes/Clemons_Data/_Anchors/Research_Data/JAE_Legacy_Audit/data/embeddings/Route_A_Modern/jae_459bde10b3dd.npz,True,True,True,False,0,True,,True,1509,False,False,False,"Few agricultural educators know the total history of the FFA. As with any large national organization, several people ha",True,2684,False,False,False,"of agriculture’” (Perdue & Perdue, 1996, p. 19). Two years later, when the Future Farmers of America was founded, the Vo",True,19360,False,False,False,/Findings Beginning of FFA Radio Broadcasts There were early local radio broadcasts that helped tell the story of vocati
jae_30cca6af1a9a,Route_A_Modern,2001,2001_42.2.4.pdf,/Volumes/Clemons_Data/_Anchors/Research_Data/JAE_Legacy_Audit/data/raw/Route_A_Modern/2001_42.2.4.pdf,/Volumes/Clemons_Data/_Anchors/Research_Data/JAE_Legacy_Audit/data/structured/Route_A_Modern/2001_42.2.4.json,/Volumes/Clemons_Data/_Anchors/Research_Data/JAE_Legacy_Audit/data/embeddings/Route_A_Modern/jae_30cca6af1a9a.npz,True,True,True,False,0,True,,True,8326,False,False,False,The National FFA Organization spends more than $7 million dollars annually to maintain existing programs and develop new,True,4118,False,False,False,The population for this study was first year students of agricultural education who were enrolled in the Agriscience App,True,17127,False,False,False,"The majority of study participants were males, constituting 76 % of the data sample. In all, there were 308 males and 96"
jae_051ed77d3843,Route_A_Modern,2001,2001_42.2.5.pdf,/Volumes/Clemons_Data/_Anchors/Research_Data/JAE_Legacy_Audit/data/raw/Route_A_Modern/2001_42.2.5.pdf,/Volumes/Clemons_Data/_Anchors/Research_Data/JAE_Legacy_Audit/data/structured/Route_A_Modern/2001_42.2.5.json,/Volumes/Clemons_Data/_Anchors/Research_Data/JAE_Legacy_Audit/data/embeddings/Route_A_Modern/jae_051ed77d3843.npz,True,True,True,False,0,True,,True,9201,False,False,False,/Theoretical Framework Advances in technology have led to systems of food and fiber production that have made U. S. agri,True,1600,False,False,False,and Procedures The study utilized a descriptive survey design to accomplish the objectives. The population for the study,True,22518,False,False,False,revealed that sustainable agriculture has had a limited impact on secondary school agricultural education teachers and p
jae_1c16513d0e3f,Route_A_Modern,2001,2001_42.2.6.pdf,/Volumes/Clemons_Data/_Anchors/Research_Data/JAE_Legacy_Audit/data/raw/Route_A_Modern/2001_42.2.6.pdf,/Volumes/Clemons_Data/_Anchors/Research_Data/JAE_Legacy_Audit/data/structured/Route_A_Modern/2001_42.2.6.json,/Volumes/Clemons_Data/_Anchors/Research_Data/JAE_Legacy_Audit/data/embeddings/Route_A_Modern/jae_1c16513d0e3f.npz,True,True,True,False,0,True,,True,6664,False,False,False,Colleges of agriculture across the United States have seen a decline in enrollment during the past years (Donnermeyer & ,True,1673,False,False,False,The target population for the descriptive study was full-time students pursuing a baccalaureate degree in an agriculture,True,25827,False,False,False,"provide a demographic profile of students, data on their perceived sources of influence and considerations when selectin"
jae_dabe2f15b998,Route_A_Modern,2001,2001_42.2.7.pdf,/Volumes/Clemons_Data/_Anchors/Research_Data/JAE_Legacy_Audit/data/raw/Route_A_Modern/2001_42.2.7.pdf,/Volumes/Clemons_Data/_Anchors/Research_Data/JAE_Legacy_Audit/data/structured/Route_A_Modern/2001_42.2.7.json,/Volumes/Clemons_Data/_Anchors/Research_Data/JAE_Legacy_Audit/data/embeddings/Route_A_Modern/jae_dabe2f15b998.npz,True,True,True,False,0,True,,True,3742,False,False,False,Over the years secondary agricultural education programs have evolved to meet changing school environments and societal ,True,1260,False,False,False,"to assess the subjective views of the teachers (Brown, 1980: Stephenson, 1953). The theoretical framework for articulati",True,33952,False,False,False,have implications for professional development for these types of teachers. Introduction Over the years secondary agricu
jae_18c76372ff36,Route_A_Modern,2001,2001_Choices-A-Dilemma-Of-Women-Agricultural-Education-Teachers.pdf,/Volumes/Clemons_Data/_Anchors/Research_Data/JAE_Legacy_Audit/data/raw/Route_A_Modern/2001_Choices-A-Dilemma-Of-Women-Agricultural-Education-Teachers.pdf,/Volumes/Clemons_Data/_Anchors/Research_Data/JAE_Legacy_Audit/data/structured/Route_A_Modern/2001_Choices-A-Dilemma-Of-Women-Agricultural-Education-Teachers.json,/Volumes/Clemons_Data/_Anchors/Research_Data/JAE_Legacy_Audit/data/embeddings/Route_A_Modern/jae_18c76372ff36.npz,True,True,True,False,0,True,,True,10221,False,False,False,"Over in the meadow in the sand and the sun lived an old mother turtle and her little turtle one. ""Dig,"" said the mother,",True,1447,False,False,False,A qualitative research design was used. Two techniques were employed to accomplish the objectives of the study: historic,True,1281,False,False,False,The separate comments found regarding balancing family and career were grouped and reported by objective. In order to ma
jae_cdff3ded0a84,Route_A_Modern,2001,2001_Competency-Assessment-And-Human-Resource-Management-Performance-Of-County-Extension-Chairs-In-Ohio.pdf,/Volumes/Clemons_Data/_Anchors/Research_Data/JAE_Legacy_Audit/data/raw/Route_A_Modern/2001_Competency-Assessment-And-Human-Resource-Management-Performance-Of-County-Extension-Chairs-In-Ohio.pdf,/Volumes/Clemons_Data/_Anchors/Research_Data/JAE_Legacy_Audit/data/structured/Route_A_Modern/2001_Competency-Assessment-And-Human-Resource-Management-Performance-Of-County-Extension-Chairs-In-Ohio.json,/Volumes/Clemons_Data/_Anchors/Research_Data/JAE_Legacy_Audit/data/embeddings/Route_A_Modern/jae_cdff3ded0a84.npz,True,True,True,False,0,True,,True,6863,False,False,False,"Skilled people are needed to coordinate the human, capital, and material resources required to accomplish the Cooperativ",True,3454,False,False,False,The research design used for this study was descriptive and correlational in nature. The target population for this stud,True,27194,False,False,False,"in extension managers having less managerial competencies than their business contemporaries. To some, this suggests tha"
jae_0c2cae67385c,Route_A_Modern,2001,2001_Cooperating-Teachers-Perceptions-Of-Important-Elements-Of-The-Student-Teaching-Experience-A-Focus-Group-Approach-With-Quantitative-Follow-Up.pdf,/Volumes/Clemons_Data/_Anchors/Research_Data/JAE_Legacy_Audit/data/raw/Route_A_Modern/2001_Cooperating-Teachers-Perceptions-Of-Important-Elements-Of-The-Student-Teaching-Experience-A-Focus-Group-Approach-With-Quantitative-Follow-Up.pdf,/Volumes/Clemons_Data/_Anchors/Research_Data/JAE_Legacy_Audit/data/structured/Route_A_Modern/2001_Cooperating-Teachers-Perceptions-Of-Important-Elements-Of-The-Student-Teaching-Experience-A-Focus-Group-Approach-With-Quantitative-Follow-Up.json,/Volumes/Clemons_Data/_Anchors/Research_Data/JAE_Legacy_Audit/data/embeddings/Route_A_Modern/jae_0c2cae67385c.npz,True,True,True,False,0,True,,True,3615,False,False,False,/Theoretical Base Is there a more important component of the preservice professional development of aspiring agriculture,True,3444,False,False,False,"(i.e., mail questionnaires). For example, Deeds collected data from 82 institutions, nationally, that were charged with ",True,26100,False,False,False,". As an appropriate alternative, Miller suggested a “soft systems methodology [SSM]” as “a philosophical basis for condu"
jae_dbf4588ffcb4,Route_A_Modern,2001,2001_Effectiveness-Of-The-Indiana-4-H-Tractor-Program-Alumni-Perceptions.pdf,/Volumes/Clemons_Data/_Anchors/Research_Data/JAE_Legacy_Audit/data/raw/Route_A_Modern/2001_Effectiveness-Of-The-Indiana-4-H-Tractor-Program-Alumni-Perceptions.pdf,/Volumes/Clemons_Data/_Anchors/Research_Data/JAE_Legacy_Audit/data/structured/Route_A_Modern/2001_Effectiveness-Of-The-Indiana-4-H-Tractor-Program-Alumni-Perceptions.json,/Volumes/Clemons_Data/_Anchors/Research_Data/JAE_Legacy_Audit/data/embeddings/Route_A_Modern/jae_dbf4588ffcb4.npz,True,True,True,True,1,False,,True,4404,False,False,False,"Research has shown that the most common agent of injury on farms is the tractor (Lehtola & Marley, 1992; Murphy, 1992; N",True,5232,False,False,False,A census survey was mailed to 233 past participants of the Indiana State 4-H Tractor Driving Contest from the years 1982,True,13689,False,True,False,The mean age of the respondents was 24.6 years. Most of the respondents were males (98%). The majority (74%) worked on f
jae_38d87a580001,Route_A_Modern,2001,2001_Elementary-And-Middle-School-Agriculture-Curriculum-Development-An-Account-Of-Teacher-Struggle-At-Countryside-Charter-School.pdf,/Volumes/Clemons_Data/_Anchors/Research_Data/JAE_Legacy_Audit/data/raw/Route_A_Modern/2001_Elementary-And-Middle-School-Agriculture-Curriculum-Development-An-Account-Of-Teacher-Struggle-At-Countryside-Charter-School.pdf,/Volumes/Clemons_Data/_Anchors/Research_Data/JAE_Legacy_Audit/data/structured/Route_A_Modern/2001_Elementary-And-Middle-School-Agriculture-Curriculum-Development-An-Account-Of-Teacher-Struggle-At-Countryside-Charter-School.json,/Volumes/Clemons_Data/_Anchors/Research_Data/JAE_Legacy_Audit/data/embeddings/Route_A_Modern/jae_38d87a580001.npz,True,True,True,False,0,True,,True,1951,False,False,False,advocating peer interaction and expert guidance was used to guide the study. Interviews with six teachers and support st,True,10533,False,False,False,", (3) create new professional opportunities for teachers in a new type of public school in which the school structure an",True,32924,False,False,False,". Initially, teachers did not have sufficient training and experience to develop the FARE-based curriculum. In addition,"
jae_413c18bde075,Route_A_Modern,2001,2001_Factors-Influencing-Career-Choice-Of-African-American-And-Hispanic-Graduates-Of-A-Land-Grant-College-Of-Agriculture.pdf,/Volumes/Clemons_Data/_Anchors/Research_Data/JAE_Legacy_Audit/data/raw/Route_A_Modern/2001_Factors-Influencing-Career-Choice-Of-African-American-And-Hispanic-Graduates-Of-A-Land-Grant-College-Of-Agriculture.pdf,/Volumes/Clemons_Data/_Anchors/Research_Data/JAE_Legacy_Audit/data/structured/Route_A_Modern/2001_Factors-Influencing-Career-Choice-Of-African-American-And-Hispanic-Graduates-Of-A-Land-Grant-College-Of-Agriculture.json,/Volumes/Clemons_Data/_Anchors/Research_Data/JAE_Legacy_Audit/data/embeddings/Route_A_Modern/jae_413c18bde075.npz,True,True,True,True,1,False,,True,3912,False,False,False,"/Theoretical Framework Agriculture is the United States’ largest employer, with more than 22 million people employed in ",True,3934,False,False,False,/Procedures The research design applied in this study was ex post facto. This design is preferred in situations where ex,True,13027,False,True,False,/ Findings When respondents enrolled in their first agriculture-related course did not have a major effect on the probab
jae_e4a2668ad095,Route_A_Modern,2001,2001_Handling-Nonresponse-In-Social-Research.pdf,/Volumes/Clemons_Data/_Anchors/Research_Data/JAE_Legacy_Audit/data/raw/Route_A_Modern/2001_Handling-Nonresponse-In-Social-Research.pdf,/Volumes/Clemons_Data/_Anchors/Research_Data/JAE_Legacy_Audit/data/structured/Route_A_Modern/2001_Handling-Nonresponse-In-Social-Research.json,/Volumes/Clemons_Data/_Anchors/Research_Data/JAE_Legacy_Audit/data/embeddings/Route_A_Modern/jae_e4a2668ad095.npz,True,True,True,False,0,True,,True,626,False,False,False,"Social science research has advanced, in part, due to efforts of research designers and statisticians to produce reliabl",True,515,False,False,False,"in the design, conduct, analysis, and reporting of survey research is necessary to ensure the quality of much of our res",True,17710,False,False,False,"show that not mentioning nonresponse error as a threat to external validity of a study, not attempting to control for no"
jae_2903802efa02,Route_A_Modern,2001,2001_Impact-Of-A-Professional-Development-Program-For-Agricultural-Education-Teachers-In-Costa-Rica.pdf,/Volumes/Clemons_Data/_Anchors/Research_Data/JAE_Legacy_Audit/data/raw/Route_A_Modern/2001_Impact-Of-A-Professional-Development-Program-For-Agricultural-Education-Teachers-In-Costa-Rica.pdf,/Volumes/Clemons_Data/_Anchors/Research_Data/JAE_Legacy_Audit/data/structured/Route_A_Modern/2001_Impact-Of-A-Professional-Development-Program-For-Agricultural-Education-Teachers-In-Costa-Rica.json,/Volumes/Clemons_Data/_Anchors/Research_Data/JAE_Legacy_Audit/data/embeddings/Route_A_Modern/jae_2903802efa02.npz,True,True,True,False,0,True,,True,5981,False,False,False,Fifty-one agricultural high schools were started in Costa Rica in the 1970s. These schools officially called “Colegios T,True,3168,False,False,False,and Procedures The research design included a time series follow-up after the workshop to assess the impact of the profe,True,25257,False,False,False,revealed that the workshop was beneficial to the participants. A majority of the participants felt “slightly prepared” o
jae_ffd822d82b86,Route_A_Modern,2001,2001_Interest-In-Online-Leadership-Education-And-Implications-For-Instructional-Design-Strategies.pdf,/Volumes/Clemons_Data/_Anchors/Research_Data/JAE_Legacy_Audit/data/raw/Route_A_Modern/2001_Interest-In-Online-Leadership-Education-And-Implications-For-Instructional-Design-Strategies.pdf,/Volumes/Clemons_Data/_Anchors/Research_Data/JAE_Legacy_Audit/data/structured/Route_A_Modern/2001_Interest-In-Online-Leadership-Education-And-Implications-For-Instructional-Design-Strategies.json,/Volumes/Clemons_Data/_Anchors/Research_Data/JAE_Legacy_Audit/data/embeddings/Route_A_Modern/jae_ffd822d82b86.npz,True,True,True,False,0,True,,True,2124,False,False,False,"and Theoretical Framework Leadership skills are essential for everyone, both as members and leaders of groups (Gatchell,",True,9214,False,False,False,of delivering leadership education to meet demand is accompanied by the responsibility to assess student interest in the,True,17896,False,False,False,Sample Profile The profile of the sample is based on questions related to personal characteristics and computer experien
jae_28e08fdf38d8,Route_A_Modern,2001,2001_Involvement-Of-Volunteers-In-Agricultural-Education-Programs-In-New-Mexico.pdf,/Volumes/Clemons_Data/_Anchors/Research_Data/JAE_Legacy_Audit/data/raw/Route_A_Modern/2001_Involvement-Of-Volunteers-In-Agricultural-Education-Programs-In-New-Mexico.pdf,/Volumes/Clemons_Data/_Anchors/Research_Data/JAE_Legacy_Audit/data/structured/Route_A_Modern/2001_Involvement-Of-Volunteers-In-Agricultural-Education-Programs-In-New-Mexico.json,/Volumes/Clemons_Data/_Anchors/Research_Data/JAE_Legacy_Audit/data/embeddings/Route_A_Modern/jae_28e08fdf38d8.npz,True,True,True,False,0,True,,True,6206,False,False,False,/Theoretical Framework Agricultural education programs in New Mexico at the middle school and secondary level have had a,True,3058,False,False,False,/Procedures The population for this descriptive study was a census of all secondary and middle school agricultural educa,True,21613,False,False,False,from Dormody and Seevers (1995) showing that more than 90% of all secondary agricultural education programs nationally h
jae_c22df592d1f5,Route_A_Modern,2001,2001_Levels-Of-Cognition-Reached-In-Agricultural-Distance-Education-Courses-In-Comparison-To-On-Campus-Courses-And-To-Faculty-Perceptions-Concerning-An-Appropriate-Level.pdf,/Volumes/Clemons_Data/_Anchors/Research_Data/JAE_Legacy_Audit/data/raw/Route_A_Modern/2001_Levels-Of-Cognition-Reached-In-Agricultural-Distance-Education-Courses-In-Comparison-To-On-Campus-Courses-And-To-Faculty-Perceptions-Concerning-An-Appropriate-Level.pdf,/Volumes/Clemons_Data/_Anchors/Research_Data/JAE_Legacy_Audit/data/structured/Route_A_Modern/2001_Levels-Of-Cognition-Reached-In-Agricultural-Distance-Education-Courses-In-Comparison-To-On-Campus-Courses-And-To-Faculty-Perceptions-Concerning-An-Appropriate-Level.json,/Volumes/Clemons_Data/_Anchors/Research_Data/JAE_Legacy_Audit/data/embeddings/Route_A_Modern/jae_c22df592d1f5.npz,True,True,True,False,0,True,,True,4980,False,False,False,Do educators aspire to teach at higher cognitive levels and do they challenge their students to think? The role of the e,True,4956,False,False,False,"studied (i.e., videotape, ICN and videotape, videotape and live). Rival explanations for the ICN advantage were acknowle",True,21442,False,False,False,from previous research involving on-campus courses and to professors’ perceptions of an appropriate level. The populatio
jae_85e7bf2d89e2,Route_A_Modern,2001,2001_Looking-Down-The-Road-Ahead-The-View-From-A-Corner-Office.pdf,/Volumes/Clemons_Data/_Anchors/Research_Data/JAE_Legacy_Audit/data/raw/Route_A_Modern/2001_Looking-Down-The-Road-Ahead-The-View-From-A-Corner-Office.pdf,/Volumes/Clemons_Data/_Anchors/Research_Data/JAE_Legacy_Audit/data/structured/Route_A_Modern/2001_Looking-Down-The-Road-Ahead-The-View-From-A-Corner-Office.json,/Volumes/Clemons_Data/_Anchors/Research_Data/JAE_Legacy_Audit/data/embeddings/Route_A_Modern/jae_85e7bf2d89e2.npz,True,True,True,True,1,False,,True,17,False,False,True,SECTION_NOT_FOUND,True,3722,False,False,False,". However, there are some problems that we need to address as we move to, what are for some of us, different delivery sy",True,29494,False,False,False,s taking place about programs of agricultural education today. It is not about Roscoe Vaughn’s “Creating the Preferred F
jae_4fbc2f0ce8d2,Route_A_Modern,2001,2001_Motivational-Needs-Of-Middle-Grad-Students-Enrolled-In-Agricultural-Education-In-Georgia.pdf,/Volumes/Clemons_Data/_Anchors/Research_Data/JAE_Legacy_Audit/data/raw/Route_A_Modern/2001_Motivational-Needs-Of-Middle-Grad-Students-Enrolled-In-Agricultural-Education-In-Georgia.pdf,/Volumes/Clemons_Data/_Anchors/Research_Data/JAE_Legacy_Audit/data/structured/Route_A_Modern/2001_Motivational-Needs-Of-Middle-Grad-Students-Enrolled-In-Agricultural-Education-In-Georgia.json,/Volumes/Clemons_Data/_Anchors/Research_Data/JAE_Legacy_Audit/data/embeddings/Route_A_Modern/jae_4fbc2f0ce8d2.npz,True,True,True,False,0,True,,True,7826,False,False,False,The FFA program has been an integral component of agricultural education aimed at motivating students to learn a variety,True,662,False,False,False,The population for this study was all seventh and eighth grade agricultural education students in Georgia for the 1998- ,True,20996,False,False,False,"of this study. The FFA organization is one of the three components of the Agricultural Education Program, however not ev"
jae_8f03ed51ee9b,Route_A_Modern,2001,2001_Ohio-4-H-Agents-Perceptions-Of-The-Level-Of-Importance-And-Frequency-Of-Use-Of-The-Eighteen-Components-Of-The-Gems-Model-Of-Volunteer-Administration.pdf,/Volumes/Clemons_Data/_Anchors/Research_Data/JAE_Legacy_Audit/data/raw/Route_A_Modern/2001_Ohio-4-H-Agents-Perceptions-Of-The-Level-Of-Importance-And-Frequency-Of-Use-Of-The-Eighteen-Components-Of-The-Gems-Model-Of-Volunteer-Administration.pdf,/Volumes/Clemons_Data/_Anchors/Research_Data/JAE_Legacy_Audit/data/structured/Route_A_Modern/2001_Ohio-4-H-Agents-Perceptions-Of-The-Level-Of-Importance-And-Frequency-Of-Use-Of-The-Eighteen-Components-Of-The-Gems-Model-Of-Volunteer-Administration.json,/Volumes/Clemons_Data/_Anchors/Research_Data/JAE_Legacy_Audit/data/embeddings/Route_A_Modern/jae_8f03ed51ee9b.npz,True,True,True,False,0,True,,True,8483,False,False,False,"& Theoretical Base As a profession, volunteer program management is less than 20 years old. While volunteers have been a",True,395,False,False,False,from the Department of Agricultural Education and 4-H Youth Development at Ohio State. To establish internal consistency,True,23881,False,False,False,s with agricultural education and extension education faculty members at The Ohio State University. Eighteen areas of vo
jae_e7c0c666353e,Route_A_Modern,2001,2001_Perceptions-Of-Oregon-Secondary-Principals-Regarding-Integrating-Science-Into-Agricultural-Science-And-Technology-Programs.pdf,/Volumes/Clemons_Data/_Anchors/Research_Data/JAE_Legacy_Audit/data/raw/Route_A_Modern/2001_Perceptions-Of-Oregon-Secondary-Principals-Regarding-Integrating-Science-Into-Agricultural-Science-And-Technology-Programs.pdf,/Volumes/Clemons_Data/_Anchors/Research_Data/JAE_Legacy_Audit/data/structured/Route_A_Modern/2001_Perceptions-Of-Oregon-Secondary-Principals-Regarding-Integrating-Science-Into-Agricultural-Science-And-Technology-Programs.json,/Volumes/Clemons_Data/_Anchors/Research_Data/JAE_Legacy_Audit/data/embeddings/Route_A_Modern/jae_e7c0c666353e.npz,True,True,True,False,0,True,,True,1809,False,False,False,"and Theoretical Framework The American Educational system is currently undergoing reform in funding, governance, curricu",True,5030,False,False,False,necessary to guide educators as they updated their curriculum to make it more science based. Buriak (1992) defined agris,True,20792,False,False,False,of the study beyond the accessible sample. The Integrating Science Survey Instrument developed by Thompson and Schumache
jae_cc8a4f2b3925,Route_A_Modern,2001,2001_Prospective-Elementary-Teacher-Understanding-Of-Pest-Related-Science-And-Agricultural-Education-Benchmarks.pdf,/Volumes/Clemons_Data/_Anchors/Research_Data/JAE_Legacy_Audit/data/raw/Route_A_Modern/2001_Prospective-Elementary-Teacher-Understanding-Of-Pest-Related-Science-And-Agricultural-Education-Benchmarks.pdf,/Volumes/Clemons_Data/_Anchors/Research_Data/JAE_Legacy_Audit/data/structured/Route_A_Modern/2001_Prospective-Elementary-Teacher-Understanding-Of-Pest-Related-Science-And-Agricultural-Education-Benchmarks.json,/Volumes/Clemons_Data/_Anchors/Research_Data/JAE_Legacy_Audit/data/embeddings/Route_A_Modern/jae_cc8a4f2b3925.npz,True,True,True,True,1,False,,True,9045,False,True,False,"s for science education and studies on agricultural literacy, a research protocol that included grounded theory and cogn",True,8377,False,False,False,"/Procedures In agricultural education, abundant knowledge and positive perceptions gleaned through survey research are o",True,20890,False,False,False,/Discussion Research Objective 1: Informants’ Backgrounds and Experiences Trexler & Heinze Prospective Elementary Teache
jae_4aee72ea00c5,Route_A_Modern,2001,2001_Stakeholder-Effect-A-Qualitative-Study-Of-The-Influence-Of-Farm-Leaders-Ideas-On-A-Sustainable-Agriculture-Education-Program-For-Adults.pdf,/Volumes/Clemons_Data/_Anchors/Research_Data/JAE_Legacy_Audit/data/raw/Route_A_Modern/2001_Stakeholder-Effect-A-Qualitative-Study-Of-The-Influence-Of-Farm-Leaders-Ideas-On-A-Sustainable-Agriculture-Education-Program-For-Adults.pdf,/Volumes/Clemons_Data/_Anchors/Research_Data/JAE_Legacy_Audit/data/structured/Route_A_Modern/2001_Stakeholder-Effect-A-Qualitative-Study-Of-The-Influence-Of-Farm-Leaders-Ideas-On-A-Sustainable-Agriculture-Education-Program-For-Adults.json,/Volumes/Clemons_Data/_Anchors/Research_Data/JAE_Legacy_Audit/data/embeddings/Route_A_Modern/jae_4aee72ea00c5.npz,True,True,True,False,0,True,,True,6550,False,False,False,"for consideration of issues in the case. Participation theory guides the formation of partnerships among extension, comm",True,217,False,False,False,"The research focused on a single, largescale sustainable agriculture program called Ontario Environmental Farm Plan prog",True,34752,False,False,False,"is based on an empirical study of a $10 million Canadian sustainable agriculture education program that was initiated, c"
jae_0a4a90a0c1f3,Route_A_Modern,2001,2001_Stress-Professional-Development-Needs-Of-Extension-Faculty.pdf,/Volumes/Clemons_Data/_Anchors/Research_Data/JAE_Legacy_Audit/data/raw/Route_A_Modern/2001_Stress-Professional-Development-Needs-Of-Extension-Faculty.pdf,/Volumes/Clemons_Data/_Anchors/Research_Data/JAE_Legacy_Audit/data/structured/Route_A_Modern/2001_Stress-Professional-Development-Needs-Of-Extension-Faculty.json,/Volumes/Clemons_Data/_Anchors/Research_Data/JAE_Legacy_Audit/data/embeddings/Route_A_Modern/jae_0a4a90a0c1f3.npz,True,True,True,False,0,True,,True,1270,False,False,False,"In the 1997-98 academic year, just over one third of the approximately 5,000 postsecondary institutions in the U.S. offe",True,9286,False,False,False,really nothing more than adapting traditional classroom approaches? What are the attitudes and barriers to using technol,True,23035,False,False,False,"Part I: Characteristics and Level of Involvement For reasons unknown to the researchers, one faculty member failed to re"
jae_354c41a516ae,Route_A_Modern,2001,2001_The-Influence-Of-Enrollment-In-Agriscience-Courses-On-The-Science-Achievement-Of-High-School-Students.pdf,/Volumes/Clemons_Data/_Anchors/Research_Data/JAE_Legacy_Audit/data/raw/Route_A_Modern/2001_The-Influence-Of-Enrollment-In-Agriscience-Courses-On-The-Science-Achievement-Of-High-School-Students.pdf,/Volumes/Clemons_Data/_Anchors/Research_Data/JAE_Legacy_Audit/data/structured/Route_A_Modern/2001_The-Influence-Of-Enrollment-In-Agriscience-Courses-On-The-Science-Achievement-Of-High-School-Students.json,/Volumes/Clemons_Data/_Anchors/Research_Data/JAE_Legacy_Audit/data/embeddings/Route_A_Modern/jae_354c41a516ae.npz,True,True,True,False,0,True,,True,12329,False,False,False,Never has education been more important than in today’s demanding world. Today one not only has to have a good education,True,1706,False,False,False,The target population for this study was defined as all students enrolled in public high schools in the state of Louisia,True,31927,False,False,False,of the study indicated that agriscience students earned higher scores than non-agriscience students on the science porti
jae_db8cbefb1b78,Route_A_Modern,2001,2001_The-Influence-Of-Learning-Communities-And-4-H-FFA-Participation-On-College-Of-Agriculture-Students-Academic-Performance-And-Retention.pdf,/Volumes/Clemons_Data/_Anchors/Research_Data/JAE_Legacy_Audit/data/raw/Route_A_Modern/2001_The-Influence-Of-Learning-Communities-And-4-H-FFA-Participation-On-College-Of-Agriculture-Students-Academic-Performance-And-Retention.pdf,/Volumes/Clemons_Data/_Anchors/Research_Data/JAE_Legacy_Audit/data/structured/Route_A_Modern/2001_The-Influence-Of-Learning-Communities-And-4-H-FFA-Participation-On-College-Of-Agriculture-Students-Academic-Performance-And-Retention.json,/Volumes/Clemons_Data/_Anchors/Research_Data/JAE_Legacy_Audit/data/embeddings/Route_A_Modern/jae_db8cbefb1b78.npz,True,True,True,True,3,False,,True,17,False,False,True,SECTION_NOT_FOUND,True,17,False,False,True,SECTION_NOT_FOUND,True,9148,False,True,False,"The mean cumulative GPA for students who participated in a FIG was 2.9, whereas the mean cumulative GPA for students who"
jae_902641dd4c84,Route_A_Modern,2001,2001_Using-Agricultural-Education-As-The-Context-To-Teach-Life-Skills.pdf,/Volumes/Clemons_Data/_Anchors/Research_Data/JAE_Legacy_Audit/data/raw/Route_A_Modern/2001_Using-Agricultural-Education-As-The-Context-To-Teach-Life-Skills.pdf,/Volumes/Clemons_Data/_Anchors/Research_Data/JAE_Legacy_Audit/data/structured/Route_A_Modern/2001_Using-Agricultural-Education-As-The-Context-To-Teach-Life-Skills.json,/Volumes/Clemons_Data/_Anchors/Research_Data/JAE_Legacy_Audit/data/embeddings/Route_A_Modern/jae_902641dd4c84.npz,True,True,True,False,0,True,,True,5415,False,False,False,"and Conceptual Framework Externally mandated bureaucratic changes such as state standards, standardized testing, and inc",True,10027,False,False,False,"(Mooring & Hoyle, 1994, as cited in Conroy & Walker, 1998). Another example of the interdisciplinary nature of agricultu",True,32334,False,False,False,"indicate that participants believe agricultural education should remain a community-based program, and should incorporat"
jae_1ddf3b82e110,Route_A_Modern,2001,2001_Web-Based-Learning-Relationships-Among-Student-Motivation-Attitude-Learning-Styles-And-Achievement.pdf,/Volumes/Clemons_Data/_Anchors/Research_Data/JAE_Legacy_Audit/data/raw/Route_A_Modern/2001_Web-Based-Learning-Relationships-Among-Student-Motivation-Attitude-Learning-Styles-And-Achievement.pdf,/Volumes/Clemons_Data/_Anchors/Research_Data/JAE_Legacy_Audit/data/structured/Route_A_Modern/2001_Web-Based-Learning-Relationships-Among-Student-Motivation-Attitude-Learning-Styles-And-Achievement.json,/Volumes/Clemons_Data/_Anchors/Research_Data/JAE_Legacy_Audit/data/embeddings/Route_A_Modern/jae_1ddf3b82e110.npz,True,True,True,False,0,True,,True,3858,False,False,False,"and Theoretical Framework As the population of the World Wide Web (WWW) increases, its use as a means of delivering inst",True,4131,False,False,False,"and Procedures The population for this study included 99 students taking two non-major biology introductory courses, Zoo",True,20822,False,False,False,of the study on learning styles in a hypermedia environment conducted by Liu and Reed (1994). The taxonomy of learning s
jae_57a18c801b6d,Route_A_Modern,2003,2003_44.1.10.pdf,/Volumes/Clemons_Data/_Anchors/Research_Data/JAE_Legacy_Audit/data/raw/Route_A_Modern/2003_44.1.10.pdf,/Volumes/Clemons_Data/_Anchors/Research_Data/JAE_Legacy_Audit/data/structured/Route_A_Modern/2003_44.1.10.json,/Volumes/Clemons_Data/_Anchors/Research_Data/JAE_Legacy_Audit/data/embeddings/Route_A_Modern/jae_57a18c801b6d.npz,True,True,True,False,0,True,,True,10436,False,False,False,"and Theoretical Framework In the past decade, various changes have impacted agricultural, career, and technical educatio",True,7379,False,False,False,and techniques to provide instruction for disabled students. All teachers rated their desired competency levels higher t,True,23244,False,False,False,were the following: 1. Educators generally have developed a high level of knowledge and skill in their particular area. 
jae_0ab5332bfc99,Route_A_Modern,2003,2003_44.1.7.pdf,/Volumes/Clemons_Data/_Anchors/Research_Data/JAE_Legacy_Audit/data/raw/Route_A_Modern/2003_44.1.7.pdf,/Volumes/Clemons_Data/_Anchors/Research_Data/JAE_Legacy_Audit/data/structured/Route_A_Modern/2003_44.1.7.json,/Volumes/Clemons_Data/_Anchors/Research_Data/JAE_Legacy_Audit/data/embeddings/Route_A_Modern/jae_0ab5332bfc99.npz,True,True,True,True,3,False,,True,17,False,False,True,SECTION_NOT_FOUND,True,17,False,False,True,SECTION_NOT_FOUND,True,17,False,False,True,SECTION_NOT_FOUND
jae_7a9f637bfac7,Route_A_Modern,2003,2003_44.1.8.pdf,/Volumes/Clemons_Data/_Anchors/Research_Data/JAE_Legacy_Audit/data/raw/Route_A_Modern/2003_44.1.8.pdf,/Volumes/Clemons_Data/_Anchors/Research_Data/JAE_Legacy_Audit/data/structured/Route_A_Modern/2003_44.1.8.json,/Volumes/Clemons_Data/_Anchors/Research_Data/JAE_Legacy_Audit/data/embeddings/Route_A_Modern/jae_7a9f637bfac7.npz,True,True,True,False,0,True,,True,3194,False,False,False,"/Theoretical Framework Buford and Lindner (2002) define competencies as a group of related knowledge, skills, and abilit",True,4915,False,False,False,(synchronous and asynchronous) for delivering a graduate course. This study was grounded in the qualitative research par,True,22075,False,False,False,of media comparisons have discovered that there are no significant differences between traditionally taught courses and 
jae_6cbae55f707e,Route_A_Modern,2003,2003_44.1.9.pdf,/Volumes/Clemons_Data/_Anchors/Research_Data/JAE_Legacy_Audit/data/raw/Route_A_Modern/2003_44.1.9.pdf,/Volumes/Clemons_Data/_Anchors/Research_Data/JAE_Legacy_Audit/data/structured/Route_A_Modern/2003_44.1.9.json,/Volumes/Clemons_Data/_Anchors/Research_Data/JAE_Legacy_Audit/data/embeddings/Route_A_Modern/jae_6cbae55f707e.npz,True,True,True,False,0,True,,True,10268,False,False,False,"/Theoretical Framework The National Vocational Education Act of 1917, also known as the Smith-Hughes Act, established fe",True,4009,False,False,False,"Patton (1990) stated that we cannot observe behaviors that took place at some previous point in time, situations that pr",True,35520,False,False,False,of this study were: (1) the participants believed that the agricultural teacher played an important role in their leader
jae_56ee5f0eebde,Route_A_Modern,2003,2003_A-Delphi-Study-Of-Agricultural-Teacher-Perceptions-Of-Problems-In-Student-Retention.pdf,/Volumes/Clemons_Data/_Anchors/Research_Data/JAE_Legacy_Audit/data/raw/Route_A_Modern/2003_A-Delphi-Study-Of-Agricultural-Teacher-Perceptions-Of-Problems-In-Student-Retention.pdf,/Volumes/Clemons_Data/_Anchors/Research_Data/JAE_Legacy_Audit/data/structured/Route_A_Modern/2003_A-Delphi-Study-Of-Agricultural-Teacher-Perceptions-Of-Problems-In-Student-Retention.json,/Volumes/Clemons_Data/_Anchors/Research_Data/JAE_Legacy_Audit/data/embeddings/Route_A_Modern/jae_56ee5f0eebde.npz,True,True,True,False,0,True,,True,5247,False,False,False,The surging economy and workforce demands in the agriculture sector in the late 20th and early 21st centuries have posed,True,1198,False,False,False,of the Delphi technique. The first round of the study used a questionnaire with the open-ended question: “What are the m,True,24269,False,False,False,. The fourth and final round produced concensus on ten of the statements from round three. The major problems identified
jae_1c218d58d101,Route_A_Modern,2003,2003_Agricultural-Communications-Students-Awareness-And-Perceptions-Of-Biotechnology-Issues.pdf,/Volumes/Clemons_Data/_Anchors/Research_Data/JAE_Legacy_Audit/data/raw/Route_A_Modern/2003_Agricultural-Communications-Students-Awareness-And-Perceptions-Of-Biotechnology-Issues.pdf,/Volumes/Clemons_Data/_Anchors/Research_Data/JAE_Legacy_Audit/data/structured/Route_A_Modern/2003_Agricultural-Communications-Students-Awareness-And-Perceptions-Of-Biotechnology-Issues.json,/Volumes/Clemons_Data/_Anchors/Research_Data/JAE_Legacy_Audit/data/embeddings/Route_A_Modern/jae_1c218d58d101.npz,True,True,True,False,0,True,,True,6660,False,False,False,All credible mass media science reporters strive for objectivity. While true objectivity is impossible for humans to ach,True,975,False,False,False,"Descriptive research methodology employing Web-based survey data collection methods (Ladner, Wingenbach, & Raven, 2002) ",True,25204,False,False,False,of this study should not be generalized beyond the confines of the respondent group. A modified version of the instrumen
jae_cebc3ef434a5,Route_A_Modern,2003,2003_Agricultural-Education-And-Agricultural-Communications-Striking-A-Proper-Balance-In-The-Academy.pdf,/Volumes/Clemons_Data/_Anchors/Research_Data/JAE_Legacy_Audit/data/raw/Route_A_Modern/2003_Agricultural-Education-And-Agricultural-Communications-Striking-A-Proper-Balance-In-The-Academy.pdf,/Volumes/Clemons_Data/_Anchors/Research_Data/JAE_Legacy_Audit/data/structured/Route_A_Modern/2003_Agricultural-Education-And-Agricultural-Communications-Striking-A-Proper-Balance-In-The-Academy.json,/Volumes/Clemons_Data/_Anchors/Research_Data/JAE_Legacy_Audit/data/embeddings/Route_A_Modern/jae_cebc3ef434a5.npz,True,True,True,True,1,False,,True,11786,False,False,False,Professional preparation for careers in agricultural communications is commonly provided through academic programs that ,True,17,False,False,True,SECTION_NOT_FOUND,True,17961,False,False,False,by academicians in the two disciplines. Introduction Professional preparation for careers in agricultural communications
jae_c88b5e887d62,Route_A_Modern,2003,2003_Agricultural-Education-Competencies-A-Comparison-Of-Master-s-Students-At-Texas-Tech-And-Texas-A-M-Universities.pdf,/Volumes/Clemons_Data/_Anchors/Research_Data/JAE_Legacy_Audit/data/raw/Route_A_Modern/2003_Agricultural-Education-Competencies-A-Comparison-Of-Master-s-Students-At-Texas-Tech-And-Texas-A-M-Universities.pdf,/Volumes/Clemons_Data/_Anchors/Research_Data/JAE_Legacy_Audit/data/structured/Route_A_Modern/2003_Agricultural-Education-Competencies-A-Comparison-Of-Master-s-Students-At-Texas-Tech-And-Texas-A-M-Universities.json,/Volumes/Clemons_Data/_Anchors/Research_Data/JAE_Legacy_Audit/data/embeddings/Route_A_Modern/jae_c88b5e887d62.npz,True,True,True,False,0,True,,True,3437,False,False,False,"Trends in academic, social, and business environments are reshaping degree programs around the world. Universities are r",True,8695,False,False,False,"and techniques, and program development. Other studies have been conducted to look at learner competencies of various au",True,31940,False,False,False,"showed that students at both institutions had similar levels of competencies. Students had highest levels of theories, t"
jae_722b36b16047,Route_A_Modern,2003,2003_Agricultural-Education-Research-Capacity-In-NCA-24-Institutions.pdf,/Volumes/Clemons_Data/_Anchors/Research_Data/JAE_Legacy_Audit/data/raw/Route_A_Modern/2003_Agricultural-Education-Research-Capacity-In-NCA-24-Institutions.pdf,/Volumes/Clemons_Data/_Anchors/Research_Data/JAE_Legacy_Audit/data/structured/Route_A_Modern/2003_Agricultural-Education-Research-Capacity-In-NCA-24-Institutions.json,/Volumes/Clemons_Data/_Anchors/Research_Data/JAE_Legacy_Audit/data/embeddings/Route_A_Modern/jae_722b36b16047.npz,True,True,True,True,3,False,,True,17,False,False,True,SECTION_NOT_FOUND,True,17,False,False,True,SECTION_NOT_FOUND,True,17,False,False,True,SECTION_NOT_FOUND
jae_c6b0213facf3,Route_A_Modern,2003,2003_Certification-Measures-Are-They-Predictive-Of-Secondary-Agriculture-Teacher-Proficiency-.pdf,/Volumes/Clemons_Data/_Anchors/Research_Data/JAE_Legacy_Audit/data/raw/Route_A_Modern/2003_Certification-Measures-Are-They-Predictive-Of-Secondary-Agriculture-Teacher-Proficiency-.pdf,/Volumes/Clemons_Data/_Anchors/Research_Data/JAE_Legacy_Audit/data/structured/Route_A_Modern/2003_Certification-Measures-Are-They-Predictive-Of-Secondary-Agriculture-Teacher-Proficiency-.json,/Volumes/Clemons_Data/_Anchors/Research_Data/JAE_Legacy_Audit/data/embeddings/Route_A_Modern/jae_c6b0213facf3.npz,True,True,True,False,0,True,,True,8253,False,False,False,"/Theoretical Framework Developing quality teachers for public schools has been, and continues to be, the goal of teacher",True,5712,False,False,False,/Procedures The target population for the study was Agricultural Education graduates who were certified to teach through,True,26755,False,False,False,"have been mixed as to the predictive potential of GPA. Some researchers (Daniel, 1993; Pigge & Marso, 1989; Riggs & Rigg"
jae_d9056157c4b7,Route_A_Modern,2003,2003_Clinical-Experiences-For-Agricultural-Teacher-Education-Programs-In-North-Carolina-South-Carolina-Virginia.pdf,/Volumes/Clemons_Data/_Anchors/Research_Data/JAE_Legacy_Audit/data/raw/Route_A_Modern/2003_Clinical-Experiences-For-Agricultural-Teacher-Education-Programs-In-North-Carolina-South-Carolina-Virginia.pdf,/Volumes/Clemons_Data/_Anchors/Research_Data/JAE_Legacy_Audit/data/structured/Route_A_Modern/2003_Clinical-Experiences-For-Agricultural-Teacher-Education-Programs-In-North-Carolina-South-Carolina-Virginia.json,/Volumes/Clemons_Data/_Anchors/Research_Data/JAE_Legacy_Audit/data/embeddings/Route_A_Modern/jae_d9056157c4b7.npz,True,True,True,True,2,False,,True,279,False,False,False,"Change is constant, inevitable, often uncomfortable, and usually problematic in areas such as education. Agricultural ed",True,3426,False,True,False,"of teaching, it would die. Long before the Herring and Norris article, the Vocational Education Act of 1963 recognized t",True,28772,False,True,False,", the researcher developed a task list for early field experiences and student teaching experiences to be considered for"
jae_6ec85e8463a3,Route_A_Modern,2003,2003_Concerns-Expressed-By-Student-Teachers-In-Agriculture.pdf,/Volumes/Clemons_Data/_Anchors/Research_Data/JAE_Legacy_Audit/data/raw/Route_A_Modern/2003_Concerns-Expressed-By-Student-Teachers-In-Agriculture.pdf,/Volumes/Clemons_Data/_Anchors/Research_Data/JAE_Legacy_Audit/data/structured/Route_A_Modern/2003_Concerns-Expressed-By-Student-Teachers-In-Agriculture.json,/Volumes/Clemons_Data/_Anchors/Research_Data/JAE_Legacy_Audit/data/embeddings/Route_A_Modern/jae_6ec85e8463a3.npz,True,True,True,False,0,True,,True,1793,False,False,False,"/Theoretical Framework Throughout their teaching career, teachers often experience frustrations and concerns related to ",True,3074,False,False,False,"and evaluating pupil learning, 6) pupil learning of the material, and 7) improving oneself as a teacher. Fuller, Parsons",True,16919,False,False,False,also indicated that student teachers may have valued the Internet as a communication tool for a range of purposes. Overa
jae_6c9cd8388505,Route_A_Modern,2003,2003_Determining-Critical-Subject-Matter-Content-For-A-Safety-Certification-Program-For-Youth-Employed-In-Agricultural-Production.pdf,/Volumes/Clemons_Data/_Anchors/Research_Data/JAE_Legacy_Audit/data/raw/Route_A_Modern/2003_Determining-Critical-Subject-Matter-Content-For-A-Safety-Certification-Program-For-Youth-Employed-In-Agricultural-Production.pdf,/Volumes/Clemons_Data/_Anchors/Research_Data/JAE_Legacy_Audit/data/structured/Route_A_Modern/2003_Determining-Critical-Subject-Matter-Content-For-A-Safety-Certification-Program-For-Youth-Employed-In-Agricultural-Production.json,/Volumes/Clemons_Data/_Anchors/Research_Data/JAE_Legacy_Audit/data/embeddings/Route_A_Modern/jae_6c9cd8388505.npz,True,True,True,False,0,True,,True,5694,False,False,False,"In 1938 the United States Congress passed the Fair Labor Standards Act (FLSA), which included provisions designed to pro",True,596,False,False,False,and outcomes of research conducted to identify and validate the core safety-related competencies upon which the curricul,True,34848,False,False,False,"showed a high level of consistency between the expert panel, high school agricultural educators and the youth concerning"
jae_ff98fff5d596,Route_A_Modern,2003,2003_Do-Agricultural-Leadership-Programs-Produce-Community-Leaders-A-Case-Study-Of-The-Impact-Of-An-Agricultural-Leadership-Program-On-Participants-Community-Involvement.pdf,/Volumes/Clemons_Data/_Anchors/Research_Data/JAE_Legacy_Audit/data/raw/Route_A_Modern/2003_Do-Agricultural-Leadership-Programs-Produce-Community-Leaders-A-Case-Study-Of-The-Impact-Of-An-Agricultural-Leadership-Program-On-Participants-Community-Involvement.pdf,/Volumes/Clemons_Data/_Anchors/Research_Data/JAE_Legacy_Audit/data/structured/Route_A_Modern/2003_Do-Agricultural-Leadership-Programs-Produce-Community-Leaders-A-Case-Study-Of-The-Impact-Of-An-Agricultural-Leadership-Program-On-Participants-Community-Involvement.json,/Volumes/Clemons_Data/_Anchors/Research_Data/JAE_Legacy_Audit/data/embeddings/Route_A_Modern/jae_ff98fff5d596.npz,True,True,True,False,0,True,,True,5225,False,False,False,Agricultural leadership programs have a 70-year history in the United States. There is a need for leadership programs th,True,4357,False,False,False,The population for the survey was all graduates of the program from 1982 to 2001 (N=290). A census was used for the surv,True,35674,False,False,False,"of selfreported changes in knowledge and behavior, qualitative findings revealed that participants were aware of the imp"
jae_16254f46d15c,Route_A_Modern,2003,2003_Evaluation-Of-The-Incubators-In-The-Classroom-Program-Does-It-Increase-Fourth-Grade-Students-And-Teachers-Knowledge-About-Agricultural-Professions-.pdf,/Volumes/Clemons_Data/_Anchors/Research_Data/JAE_Legacy_Audit/data/raw/Route_A_Modern/2003_Evaluation-Of-The-Incubators-In-The-Classroom-Program-Does-It-Increase-Fourth-Grade-Students-And-Teachers-Knowledge-About-Agricultural-Professions-.pdf,/Volumes/Clemons_Data/_Anchors/Research_Data/JAE_Legacy_Audit/data/structured/Route_A_Modern/2003_Evaluation-Of-The-Incubators-In-The-Classroom-Program-Does-It-Increase-Fourth-Grade-Students-And-Teachers-Knowledge-About-Agricultural-Professions-.json,/Volumes/Clemons_Data/_Anchors/Research_Data/JAE_Legacy_Audit/data/embeddings/Route_A_Modern/jae_16254f46d15c.npz,True,True,True,False,0,True,,True,7993,False,False,False,"In 1997-98, the Purdue University Cooperative Extension Service began planning for the five-year period 1999-2004 by ask",True,5628,False,False,False,"A quasi-experimental, non-equivalent group pretest-posttest research design was used for this study (McMillan & Schumach",True,26681,False,False,False,indicated the educational materials developed and assessed for this study were effective in increasing knowledge of agri
jae_df39e33bba78,Route_A_Modern,2003,2003_Footprints-In-The-Agricultural-Education-Profession-The-Application-Of-Principles.pdf,/Volumes/Clemons_Data/_Anchors/Research_Data/JAE_Legacy_Audit/data/raw/Route_A_Modern/2003_Footprints-In-The-Agricultural-Education-Profession-The-Application-Of-Principles.pdf,/Volumes/Clemons_Data/_Anchors/Research_Data/JAE_Legacy_Audit/data/structured/Route_A_Modern/2003_Footprints-In-The-Agricultural-Education-Profession-The-Application-Of-Principles.json,/Volumes/Clemons_Data/_Anchors/Research_Data/JAE_Legacy_Audit/data/embeddings/Route_A_Modern/jae_df39e33bba78.npz,True,True,True,True,2,False,,True,17,False,False,True,SECTION_NOT_FOUND,True,17,False,False,True,SECTION_NOT_FOUND,True,28342,False,False,False,", each is confirmed, eliminated, or modified. Principles that prove to be effective and efficient are valued, continued,"
jae_536365fa2655,Route_A_Modern,2003,2003_High-School-Agricultural-Communications-Competencies-A-Natioinal-Delphi-Study.pdf,/Volumes/Clemons_Data/_Anchors/Research_Data/JAE_Legacy_Audit/data/raw/Route_A_Modern/2003_High-School-Agricultural-Communications-Competencies-A-Natioinal-Delphi-Study.pdf,/Volumes/Clemons_Data/_Anchors/Research_Data/JAE_Legacy_Audit/data/structured/Route_A_Modern/2003_High-School-Agricultural-Communications-Competencies-A-Natioinal-Delphi-Study.json,/Volumes/Clemons_Data/_Anchors/Research_Data/JAE_Legacy_Audit/data/embeddings/Route_A_Modern/jae_536365fa2655.npz,True,True,True,False,0,True,,True,3362,False,False,False,"at the freshman, sophomore, junior, and senior level. Introduction Agricultural communications has always been an import",True,1626,False,False,False,A three-round Delphi technique was the principal procedure used to conduct this study. A technique suggested by Anderson,True,28648,False,False,False,and suggestions from those involved in the pilot test. The Round One questionnaire consisted of three open-ended questio
jae_01534ca19211,Route_A_Modern,2003,2003_Identifying-Competencies-For-Volunteer-Administrators-For-The-Coming-Decade-A-National-Delphi-Study.pdf,/Volumes/Clemons_Data/_Anchors/Research_Data/JAE_Legacy_Audit/data/raw/Route_A_Modern/2003_Identifying-Competencies-For-Volunteer-Administrators-For-The-Coming-Decade-A-National-Delphi-Study.pdf,/Volumes/Clemons_Data/_Anchors/Research_Data/JAE_Legacy_Audit/data/structured/Route_A_Modern/2003_Identifying-Competencies-For-Volunteer-Administrators-For-The-Coming-Decade-A-National-Delphi-Study.json,/Volumes/Clemons_Data/_Anchors/Research_Data/JAE_Legacy_Audit/data/embeddings/Route_A_Modern/jae_01534ca19211.npz,True,True,True,True,1,False,,True,4732,False,False,False,"/Theoretical Framework As singer Bob Dylan wrote, “The times, they are a changin’.” Because of advances in technology, t",True,12585,False,True,False,for addressing those barriers and motivating volunteer administrators. It is recommended that volunteer driven organizat,True,13545,False,False,False,"Competencies In Round I, the expert jury originated 72 competency statements, 33 barrier statements, and 42 statements r"
jae_0b6f3c5d41b2,Route_A_Modern,2003,2003_Is-Experiential-Learning-Authentic-.pdf,/Volumes/Clemons_Data/_Anchors/Research_Data/JAE_Legacy_Audit/data/raw/Route_A_Modern/2003_Is-Experiential-Learning-Authentic-.pdf,/Volumes/Clemons_Data/_Anchors/Research_Data/JAE_Legacy_Audit/data/structured/Route_A_Modern/2003_Is-Experiential-Learning-Authentic-.json,/Volumes/Clemons_Data/_Anchors/Research_Data/JAE_Legacy_Audit/data/embeddings/Route_A_Modern/jae_0b6f3c5d41b2.npz,True,True,True,False,0,True,,True,6582,False,False,False,Learning experientially in authentic contexts has been a foundational model of teaching and learning in agricultural edu,True,8455,False,False,False,"of inquiry, research, or communications characteristic of an academic or professional discipline? Standard 5: Elaborated",True,32336,False,False,False,"s on reforming education, many educators and policymakers have called for models of teaching and learning that change th"
jae_6f49f3221148,Route_A_Modern,2003,2003_Problems-In-Recruiting-Students-Into-Agricultural-Education-Programs-A-Delphi-Study-Of-Agriculture-Teacher-Perceptions.pdf,/Volumes/Clemons_Data/_Anchors/Research_Data/JAE_Legacy_Audit/data/raw/Route_A_Modern/2003_Problems-In-Recruiting-Students-Into-Agricultural-Education-Programs-A-Delphi-Study-Of-Agriculture-Teacher-Perceptions.pdf,/Volumes/Clemons_Data/_Anchors/Research_Data/JAE_Legacy_Audit/data/structured/Route_A_Modern/2003_Problems-In-Recruiting-Students-Into-Agricultural-Education-Programs-A-Delphi-Study-Of-Agriculture-Teacher-Perceptions.json,/Volumes/Clemons_Data/_Anchors/Research_Data/JAE_Legacy_Audit/data/embeddings/Route_A_Modern/jae_6f49f3221148.npz,True,True,True,False,0,True,,True,7392,False,False,False,"Historically, agricultural education has focused on teaching the principles of production agriculture to a relatively sm",True,1120,False,False,False,of the Delphi technique. The first round of the study used a questionnaire with the open-ended question: “What are the m,True,23529,False,False,False,from the previous round and asked to provide a dichotomous indication of whether or not they agreed or disagreed with ea
jae_3377e24b2157,Route_A_Modern,2003,2003_Recruitment-Strategies-And-Activities-Used-By-Agriculture-Teachers.pdf,/Volumes/Clemons_Data/_Anchors/Research_Data/JAE_Legacy_Audit/data/raw/Route_A_Modern/2003_Recruitment-Strategies-And-Activities-Used-By-Agriculture-Teachers.pdf,/Volumes/Clemons_Data/_Anchors/Research_Data/JAE_Legacy_Audit/data/structured/Route_A_Modern/2003_Recruitment-Strategies-And-Activities-Used-By-Agriculture-Teachers.json,/Volumes/Clemons_Data/_Anchors/Research_Data/JAE_Legacy_Audit/data/embeddings/Route_A_Modern/jae_3377e24b2157.npz,True,True,True,False,0,True,,True,4612,False,False,False,Enrollment in secondary agricultural education programs has fluctuated greatly over the past several decades (Breja & Dy,True,2724,False,False,False,"for 4-H clubs found that word-ofmouth was the most effective strategy, while the use of tangible items such as book cove",True,7579,False,False,False,would suggest that providing a strong agricultural education curriculum and informing both the students and those import
jae_8ebcd270ad77,Route_A_Modern,2003,2003_Relationship-Of-Instructional-Supervision-With-Agriculture-Teachers-Job-Satisfaction-And-Their-Intention-To-Remain-In-The-Teaching-Profession.pdf,/Volumes/Clemons_Data/_Anchors/Research_Data/JAE_Legacy_Audit/data/raw/Route_A_Modern/2003_Relationship-Of-Instructional-Supervision-With-Agriculture-Teachers-Job-Satisfaction-And-Their-Intention-To-Remain-In-The-Teaching-Profession.pdf,/Volumes/Clemons_Data/_Anchors/Research_Data/JAE_Legacy_Audit/data/structured/Route_A_Modern/2003_Relationship-Of-Instructional-Supervision-With-Agriculture-Teachers-Job-Satisfaction-And-Their-Intention-To-Remain-In-The-Teaching-Profession.json,/Volumes/Clemons_Data/_Anchors/Research_Data/JAE_Legacy_Audit/data/embeddings/Route_A_Modern/jae_8ebcd270ad77.npz,True,True,True,True,2,False,,True,17,False,False,True,SECTION_NOT_FOUND,True,17,False,False,True,SECTION_NOT_FOUND,True,24960,False,False,False,demonstrated that roughly one-fifth of agriculture teachers were never observed teaching by their supervisor during an e
jae_8487713919b5,Route_A_Modern,2003,2003_Structuring-Agricultural-Education-Research-Using-Conceptual-And-Theoretical-Frameworks.pdf,/Volumes/Clemons_Data/_Anchors/Research_Data/JAE_Legacy_Audit/data/raw/Route_A_Modern/2003_Structuring-Agricultural-Education-Research-Using-Conceptual-And-Theoretical-Frameworks.pdf,/Volumes/Clemons_Data/_Anchors/Research_Data/JAE_Legacy_Audit/data/structured/Route_A_Modern/2003_Structuring-Agricultural-Education-Research-Using-Conceptual-And-Theoretical-Frameworks.json,/Volumes/Clemons_Data/_Anchors/Research_Data/JAE_Legacy_Audit/data/embeddings/Route_A_Modern/jae_8487713919b5.npz,True,True,True,False,0,True,,True,4026,False,False,False,"S James E. Dyer, Assistant Professor University of Florida Penny S. Haase-Wittler, Assistant Professor State University ",True,9846,False,False,False,appropriate to humanly implemented inquiry” (p. 187). Ary et al. (1996) further proposed that in addition to the accepte,True,19308,False,False,False,revealed that the majority of the research conducted in agricultural education over the past decade has been quantitativ
jae_a14a6fcc0013,Route_A_Modern,2003,2003_Student-Misbehavior-In-Agricultural-Education-A-Comparative-Study.pdf,/Volumes/Clemons_Data/_Anchors/Research_Data/JAE_Legacy_Audit/data/raw/Route_A_Modern/2003_Student-Misbehavior-In-Agricultural-Education-A-Comparative-Study.pdf,/Volumes/Clemons_Data/_Anchors/Research_Data/JAE_Legacy_Audit/data/structured/Route_A_Modern/2003_Student-Misbehavior-In-Agricultural-Education-A-Comparative-Study.json,/Volumes/Clemons_Data/_Anchors/Research_Data/JAE_Legacy_Audit/data/embeddings/Route_A_Modern/jae_a14a6fcc0013.npz,True,True,True,False,0,True,,True,1897,False,False,False,"Ask parents to identify the problems facing schools today, and they are likely to respond that a lack of discipline amon",True,3175,False,False,False,by which educators attempt to modify or eradicate misbehavior can often result in an escalation of misbehavior or the ap,True,22930,False,False,False,of Camp and Garrison (1984). Agriculture teachers in Louisiana reported that students expressed ambivalent attitudes tow
jae_709d66750167,Route_A_Modern,2003,2003_Supervisory-Practices-Used-By-Teacher-Educators-in-Agriculture.pdf,/Volumes/Clemons_Data/_Anchors/Research_Data/JAE_Legacy_Audit/data/raw/Route_A_Modern/2003_Supervisory-Practices-Used-By-Teacher-Educators-in-Agriculture.pdf,/Volumes/Clemons_Data/_Anchors/Research_Data/JAE_Legacy_Audit/data/structured/Route_A_Modern/2003_Supervisory-Practices-Used-By-Teacher-Educators-in-Agriculture.json,/Volumes/Clemons_Data/_Anchors/Research_Data/JAE_Legacy_Audit/data/embeddings/Route_A_Modern/jae_709d66750167.npz,True,True,True,False,0,True,,True,8394,False,False,False,/Theoretical Framework Supervisors were once inspectors of teaching instead of partners in helping teachers to become be,True,5196,False,False,False,and Procedures This census study was descriptive in nature. The population consisted of 167 teacher educators from 67 in,True,28761,False,False,False,of this census study provide benchmark data on supervisory practices followed by teacher educators in agriculture. The s
jae_844b07d18409,Route_A_Modern,2003,2003_Teacher-Burnout-In-Agricultural-Education.pdf,/Volumes/Clemons_Data/_Anchors/Research_Data/JAE_Legacy_Audit/data/raw/Route_A_Modern/2003_Teacher-Burnout-In-Agricultural-Education.pdf,/Volumes/Clemons_Data/_Anchors/Research_Data/JAE_Legacy_Audit/data/structured/Route_A_Modern/2003_Teacher-Burnout-In-Agricultural-Education.json,/Volumes/Clemons_Data/_Anchors/Research_Data/JAE_Legacy_Audit/data/embeddings/Route_A_Modern/jae_844b07d18409.npz,True,True,True,True,2,False,,True,17,False,False,True,SECTION_NOT_FOUND,True,17,False,False,True,SECTION_NOT_FOUND,True,17443,False,False,False,Males made up 76% of the sample. Teachers with a degree in agricultural education comprised the majority of respondents 
jae_88f317f47002,Route_A_Modern,2003,2003_Technology-Integration-By-Agriscience-Teachers-In-The-Teaching-Learning-Process.pdf,/Volumes/Clemons_Data/_Anchors/Research_Data/JAE_Legacy_Audit/data/raw/Route_A_Modern/2003_Technology-Integration-By-Agriscience-Teachers-In-The-Teaching-Learning-Process.pdf,/Volumes/Clemons_Data/_Anchors/Research_Data/JAE_Legacy_Audit/data/structured/Route_A_Modern/2003_Technology-Integration-By-Agriscience-Teachers-In-The-Teaching-Learning-Process.json,/Volumes/Clemons_Data/_Anchors/Research_Data/JAE_Legacy_Audit/data/embeddings/Route_A_Modern/jae_88f317f47002.npz,True,True,True,True,3,False,,True,17,False,False,True,SECTION_NOT_FOUND,True,17,False,False,True,SECTION_NOT_FOUND,True,17,False,False,True,SECTION_NOT_FOUND
jae_8a24230831b0,Route_A_Modern,2003,2003_The-Effects-Of-Delivery-Mode-Upon-Survey-Response-Rate-And-Perceived-Attitudes-Of-Texas-Agri-Science-Teachers.pdf,/Volumes/Clemons_Data/_Anchors/Research_Data/JAE_Legacy_Audit/data/raw/Route_A_Modern/2003_The-Effects-Of-Delivery-Mode-Upon-Survey-Response-Rate-And-Perceived-Attitudes-Of-Texas-Agri-Science-Teachers.pdf,/Volumes/Clemons_Data/_Anchors/Research_Data/JAE_Legacy_Audit/data/structured/Route_A_Modern/2003_The-Effects-Of-Delivery-Mode-Upon-Survey-Response-Rate-And-Perceived-Attitudes-Of-Texas-Agri-Science-Teachers.json,/Volumes/Clemons_Data/_Anchors/Research_Data/JAE_Legacy_Audit/data/embeddings/Route_A_Modern/jae_8a24230831b0.npz,True,True,True,True,2,False,,True,5307,False,True,False,/Theoretical Framework The use of self-administered surveys is a vital tool for use by social science researchers. In ag,True,3777,False,False,False,. A recent survey reported that nearly all public school teachers have access to computers at school (U.S. Department of,True,28603,False,True,False,"when they are returned. In the academic arena, however, there has been very little research to verify that the demands o"
jae_7fc8dda0d246,Route_A_Modern,2003,2003_The-Effects-Of-Service-Learning-On-Leadership-Life-Skills-Of-4-H-Members.pdf,/Volumes/Clemons_Data/_Anchors/Research_Data/JAE_Legacy_Audit/data/raw/Route_A_Modern/2003_The-Effects-Of-Service-Learning-On-Leadership-Life-Skills-Of-4-H-Members.pdf,/Volumes/Clemons_Data/_Anchors/Research_Data/JAE_Legacy_Audit/data/structured/Route_A_Modern/2003_The-Effects-Of-Service-Learning-On-Leadership-Life-Skills-Of-4-H-Members.json,/Volumes/Clemons_Data/_Anchors/Research_Data/JAE_Legacy_Audit/data/embeddings/Route_A_Modern/jae_7fc8dda0d246.npz,True,True,True,False,0,True,,True,1391,False,False,False,"and Theoretical Framework Fritz and Brown (1998), drawing on the works of prominent leadership theorists (Gardner, 1993;",True,1133,False,False,False,"need to be employed. Leadership educators agree that leadership can be taught (Bennis, 1989; Bass & Avolio, 1994; Kouzes",True,30703,False,False,False,"showed that participants, who engaged in immediate reflection following the service activity, had a significantly higher"
jae_f80c286403dc,Route_A_Modern,2003,2003_The-Future-Role-Of-Instructional-Technology-In-Agricultural-Education-In-North-Carolina-And-Virgina.pdf,/Volumes/Clemons_Data/_Anchors/Research_Data/JAE_Legacy_Audit/data/raw/Route_A_Modern/2003_The-Future-Role-Of-Instructional-Technology-In-Agricultural-Education-In-North-Carolina-And-Virgina.pdf,/Volumes/Clemons_Data/_Anchors/Research_Data/JAE_Legacy_Audit/data/structured/Route_A_Modern/2003_The-Future-Role-Of-Instructional-Technology-In-Agricultural-Education-In-North-Carolina-And-Virgina.json,/Volumes/Clemons_Data/_Anchors/Research_Data/JAE_Legacy_Audit/data/embeddings/Route_A_Modern/jae_f80c286403dc.npz,True,True,True,False,0,True,,True,3225,False,False,False,"Today’s technology-driven economy has impacted all aspects of society, including the workplace (CORD, 1999). This and ot",True,8543,False,False,False,"and materials, and ultimately, teaching and learning in agricultural education. Agricultural educators are challenged to",True,14392,False,False,False,Characteristics of Respondents Table 1 provides demographic information about the respondents. Similarity was observed b
jae_e9c2a46108cc,Route_A_Modern,2003,2003_The-Impact-Of-Raising-And-Exhibiting-Selected-4-H-Livestock-Projects-On-The-Development-Of-Life-And-Project-Skills.pdf,/Volumes/Clemons_Data/_Anchors/Research_Data/JAE_Legacy_Audit/data/raw/Route_A_Modern/2003_The-Impact-Of-Raising-And-Exhibiting-Selected-4-H-Livestock-Projects-On-The-Development-Of-Life-And-Project-Skills.pdf,/Volumes/Clemons_Data/_Anchors/Research_Data/JAE_Legacy_Audit/data/structured/Route_A_Modern/2003_The-Impact-Of-Raising-And-Exhibiting-Selected-4-H-Livestock-Projects-On-The-Development-Of-Life-And-Project-Skills.json,/Volumes/Clemons_Data/_Anchors/Research_Data/JAE_Legacy_Audit/data/embeddings/Route_A_Modern/jae_e9c2a46108cc.npz,True,True,True,True,1,False,,True,17,False,False,True,SECTION_NOT_FOUND,True,2220,False,False,False,"The population consisted of the approximately 10,000 Indiana 4-H beef, sheep, and swine members who were at least 14 yea",True,25479,False,False,False,". The 19 items were grouped into five project skill areas that focused on animal health care, animal grooming, safety of"
jae_9025fc522c50,Route_A_Modern,2003,2003_University-Women-In-Agricultural-And-Extension-Education-Committed-To-The-Profession-And-Seeking-Solutions-To-Challenges.pdf,/Volumes/Clemons_Data/_Anchors/Research_Data/JAE_Legacy_Audit/data/raw/Route_A_Modern/2003_University-Women-In-Agricultural-And-Extension-Education-Committed-To-The-Profession-And-Seeking-Solutions-To-Challenges.pdf,/Volumes/Clemons_Data/_Anchors/Research_Data/JAE_Legacy_Audit/data/structured/Route_A_Modern/2003_University-Women-In-Agricultural-And-Extension-Education-Committed-To-The-Profession-And-Seeking-Solutions-To-Challenges.json,/Volumes/Clemons_Data/_Anchors/Research_Data/JAE_Legacy_Audit/data/embeddings/Route_A_Modern/jae_9025fc522c50.npz,True,True,True,False,0,True,,True,10654,False,False,False,Tell me where is it written what it is I’m meant to be? That I can’t dare... It all began the day I found...that from my,True,3121,False,False,False,"Focusing on the open-ended questions included in a descriptive survey by Seevers and Foster (2002), a qualitative resear",True,22127,False,False,False,and Discussion Participant responses to the open-ended sections of the survey were sorted based on similarity of respons
