doc_id,source_filename,year,epoch,route,extract_status,structured_status,embedding_status,metrics_status,processed_present,structured_present,embedding_present,upstream_complete
jae_8f9d05936623,10.5032_jae.2000.02036.pdf,2000,2000-2004,Route_A_Modern,success,success,success,success,1,1,1,1
jae_5b725f6dee32,2000_A-COMPARISON-OF-STAKEHOLDER-CHOICES-OF-FARM-SAFETY-TRAINING-TOPICS-FOR-UTAH-YOUTH.pdf,2000,2000-2004,Route_A_Modern,success,success,success,success,1,1,1,1
jae_6885a75651a7,2000_A-DESCRIPTION-OF-THE-NATURE-AND-IMPACT-OF-TEACHING-EVENTS-AND-FORMS-OF-BEGINNING-TEACHER-ASSISTANCE-AS-EXPERIENCED-BY-MINNESOTA-AGRICULTURAL-EDUCATION-TEACHERS.pdf,2000,2000-2004,Route_A_Modern,success,success,success,success,1,1,1,1
jae_b9a843498e07,2000_A-LONGITUDINAL-MEASURE-OF-THE-PERCEPTUAL-IMPACT-OF-A-CULTURAL-DIVERSITY-TEACHING-PRACTICUM-ON-THE-INTERPERSONAL-COMPETENCY-OF-STUDENT-TEACHERS.pdf,2000,2000-2004,Route_A_Modern,success,success,success,success,1,1,1,1
jae_d4c986f165f3,2000_A-QUALITATIVE-STUDY-OF-URBAN-AND-SUBURBAN-ELEMENTARY-STUDENT-UNDERSTANDINGS-OF-PEST-RELATED-SCIENCE-AND-AGRICULTURAL-EDUCATION-BENCHMARKS.pdf,2000,2000-2004,Route_A_Modern,success,success,success,success,1,1,1,1
jae_b5d844cd8cbe,2000_A-TELECOMMUNICATIONS-NETWORK-FOR-DISTANCE-LEARNING-IF-IT-S-BUILT-WILL-AGRICULTURE-TEACHERS-USE-IT-.pdf,2000,2000-2004,Route_A_Modern,success,success,success,success,1,1,1,1
jae_6b995d08033e,2000_AGRIBUSINESS-STANDARDS-A-COMPARISON-OF-THE-CHOICES-OF-UTAH-AGRISCIENCE-AND-TECHNOLOGY-TEACHERS-AND-AGRIBUSINESS-REPRESENTATIVES.pdf,2000,2000-2004,Route_A_Modern,success,success,success,success,1,1,1,1
jae_a12c9415396b,2000_AGRICULTURAL-AWARENESS-ACTIVITIES-AND-THEIR-INTEGRATION-INTO-THE-CURRICULUM-AS-PERCElVED-BY-ELEMENTARY-TEACHERS.pdf,2000,2000-2004,Route_A_Modern,success,success,success,success,1,1,1,1
jae_d73c9406cd27,2000_AGRICULTURE-AND-SCIENCE-INTEGRATION-A-PRE-SERVICE-PRESCRIPTION-FOR-CONTEXTUAL-LEARNING.pdf,2000,2000-2004,Route_A_Modern,success,success,success,success,1,1,1,1
jae_b8ade8c902dc,2000_AGRICULTURE-STUDENTS-COMPUTER-SKILLS-AND-ELECTRONIC-EXAMS.pdf,2000,2000-2004,Route_A_Modern,success,success,success,success,1,1,1,1
jae_3bdb85ff7f50,2000_AN-EVALUATION-OF-A-DISTANCE-EDUCATION-COURSE-DESIGN-FOR-GENERAL-SOILS.pdf,2000,2000-2004,Route_A_Modern,success,success,success,success,1,1,1,1
jae_fd361c5d335f,2000_AN-EXAMINATION-OF-INTEGRATION-OF-ACADEMIC-AND-VOCATIONAL-SUBJECT-MATTER-IN-THE-AQUACULTURE-CLASSROOM.pdf,2000,2000-2004,Route_A_Modern,success,success,success,success,1,1,1,1
jae_aa13dd2facc7,2000_AN-EXAMINATION-OF-SELECTED-PRESERVICE-AGRICULTURAL-TEACHER-EDUCATION-PROGRAMS-IN-THE-UNITED-STATES.pdf,2000,2000-2004,Route_A_Modern,success,success,success,success,1,1,1,1
jae_d9997324c0a4,2000_ARE-OFF-CAMPUS-COURSES-AS-ACADEMICALLY-RIGOROUS-AS-ON-CAMPUS-COURSES-.pdf,2000,2000-2004,Route_A_Modern,success,success,success,success,1,1,1,1
jae_a0b721b9b71a,2000_ASSESSING-ACADEMIC-CHALLENGES-FOR-THEIR-CONTRIBUTION-TO-COGNITIVE-DEVELOPMENT.pdf,2000,2000-2004,Route_A_Modern,success,success,success,success,1,1,1,1
jae_d1be40a867d0,2000_ASSESSING-STUDENT-ATTITUDES-TOWARD-ANIMAL-WELFARE-RESOURCE-USE-AND-FOOD-SAFETY.pdf,2000,2000-2004,Route_A_Modern,success,success,success,success,1,1,1,1
jae_418e8bd27cea,2000_ASSESSING-THE-AQUACULTURE-CURRICULA-IN-THE-NORTHEASTERN-REGION.pdf,2000,2000-2004,Route_A_Modern,success,success,success,success,1,1,1,1
jae_46ce6233ef81,2000_ATTITUDES-OF-ILLINOIS-AGRISCIENCE-STUDENTS-AND-THEIR-PARENTS-TOWARD-AGRICULTURE-AND-AGRICULTURAL-EDUCATION-PROGRAMS.pdf,2000,2000-2004,Route_A_Modern,success,success,success,success,1,1,1,1
jae_5cc672acfa22,2000_DO-OFF-CAMPUS-COURSES-POSSESS-A-LEVEL-OF-QUALITY-COMPARABLE-TO-THAT-OF-ON-CAMPUS-COURSES-.pdf,2000,2000-2004,Route_A_Modern,success,success,success,success,1,1,1,1
jae_036cbe168c3d,2000_EDUCATIONAL-NEEDS-AND-PERCEPTIONS-OF-IOWA-BEGINNING-FARMERS-TOWARD-THEIR-EDUCATION.pdf,2000,2000-2004,Route_A_Modern,success,success,success,success,1,1,1,1
jae_602f7d6d4806,2000_ELEMENTARY-AND-MIDDLE-SCHOOL-TEACHER-IDEAS-ABOUT-THE-AGRI-FOOD-SYSTEM-AND-THEIR-EVALUATION-OF-AGRI-SYSTEM-STAKEHOLDERS-SUGGESTIONS-FOR-EDUCATION.pdf,2000,2000-2004,Route_A_Modern,success,success,success,success,1,1,1,1
jae_7288531d178d,2000_EXPLORING-KNOWLEDGE-ATTITUDES-AND-PERCEPTIONS-OF-NEWSPAPER-JOURNALISTS-IN-METROPOLITAN-MARKETS-IN-THE-UNITED-STATES-REGARDING-FOOD-BIOTECHNOLOGY.pdf,2000,2000-2004,Route_A_Modern,success,success,success,success,1,1,1,1
jae_f7e39996c471,2000_FACTORS-INFLUENCING-AN-EXTENSION-AGENT-S-CHOICE-OF-PURSUING-EITHER-THE-FACULTY-OR-THE-ADMINISTRATIVE-AND-PROFESSIONAL-CAREER-TRACK.pdf,2000,2000-2004,Route_A_Modern,success,success,success,success,1,1,1,1
jae_1f33deeb46ff,2000_HIGHER-ORDER-AND-LOWER-ORDER-THINKING-SKILLS-ACHIEVEMENT-IN-SECONDARY-LEVEL-ANIMAL-SCIENCE-DOES-BLOCK-SCHEDULING-PATTERN-INFLUENCE-END-OF-COURSE-LEARNER-PERFORMANCE-.pdf,2000,2000-2004,Route_A_Modern,success,success,success,success,1,1,1,1
jae_fa3b0b2468cd,2000_IDENTIFYING-AND-CLARIFYING-ORGANIZATIONAL-VALUES.pdf,2000,2000-2004,Route_A_Modern,success,success,success,success,1,1,1,1
jae_4253b0358344,2000_IDENTIFYING-SOURCES-OF-BIAS-IN-AGRICULTURAL-NEWS-REPORTING.pdf,2000,2000-2004,Route_A_Modern,success,success,success,success,1,1,1,1
jae_4c70c05ea9a5,2000_INFORMATION-TECHNOLOGY-RELATED-PROFESSIONAL-DEVELOPMENT-NEEDS-OF-LOUISIANA-AGRISCIENCE-TEACHERS.pdf,2000,2000-2004,Route_A_Modern,success,success,success,success,1,1,1,1
jae_7ec5e64cb4f5,2000_INTEGRATING-SCIENCE-INTO-AGRICULTURE-PROGRAMS-IMPLICATIONS-FOR-ADDRESSING-STATE-STANDARDS-AND-TEACHER-PREPARATION-PROGRAMS.pdf,2000,2000-2004,Route_A_Modern,success,success,success,success,1,1,1,1
jae_057f0e8359e9,2000_LEARNING-STRATEGIES-FOR-DISTANCE-EDUCATION-STUDENTS.pdf,2000,2000-2004,Route_A_Modern,success,success,success,success,1,1,1,1
jae_487116433072,2000_MARKETING-STRATEGIES-FOR-RECRUITING-4-H-MEMBERS-IN-WEST-VIRGINIA.pdf,2000,2000-2004,Route_A_Modern,success,success,success,success,1,1,1,1
jae_d7e79d4cc1f9,2000_MOTIVATION-AND-RECOGNITION-PREFERENCES-OF-4-H-VOLUNTEERS.pdf,2000,2000-2004,Route_A_Modern,success,success,success,success,1,1,1,1
jae_cfa180e67d8d,2000_PERCEIVED-STRENGTHS-WEAKNESSES-OPPORTUNITIES-AND-THREATS-IMPACTING-THE-DIFFUSION-OF-DISTANCE-EDUCATION-TECHNOLOGIES-IN-A-COLLEGE-OF-AGRICULTURE-AND-LIFE-SCIENCES.pdf,2000,2000-2004,Route_A_Modern,success,success,success,success,1,1,1,1
jae_089459bd73bd,2000_PERCEPTIONS-OF-IOWA-SECONDARY-SCHOOL-PRINCIPALS-TOWARD-AGRICULTURAL-EDUCATION.pdf,2000,2000-2004,Route_A_Modern,success,success,success,success,1,1,1,1
jae_a160228eda77,2000_PERCEPTIONS-OF-UNDERGRADUATE-DIPLOMA-TEACHERS-CONCERNING-THE-USEFULNESS-OF-THE-COURSES-OFFERED-FOR-TRAINING-SECONDARY-AGRICULTURAL-EDUCATION-TEACHERS-AT-THE-BOTSWANA-COLLEGE-OF-AGRICULTURE.pdf,2000,2000-2004,Route_A_Modern,success,success,success,success,1,1,1,1
jae_41b0f1de891e,2000_REINVENTING-CAREER-EDUCATION-AND-RECRUITMENT-IN-AGRICULTURAL-EDUCATION-FOR-THE-21S-T-CENTURY.pdf,2000,2000-2004,Route_A_Modern,success,success,success,success,1,1,1,1
jae_ec542aa36bf8,2000_REVISITING-SUPERVISED-AGRICULTURAL-EXPERIENCE.pdf,2000,2000-2004,Route_A_Modern,success,success,success,success,1,1,1,1
jae_a5755f947a6e,2000_STUDENT-COMPUTER-USE-IN-SELECTED-UNDERGRADUATE-AGRICULTURE-COURSES-AN-EXAMINATION-OF-REQUIRED-TASKS.pdf,2000,2000-2004,Route_A_Modern,success,success,success,success,1,1,1,1
jae_73a46f71f2e5,2000_STUDENTS-ENROLLED-IN-SELECTED-UPPER-DIVISION-AGRICULTURE-COURSES-AN-EXAMINATION-OF-COMPUTER-EXPERIENCES-SELF-EFFICACY-AND-KNOWLEDGE.pdf,2000,2000-2004,Route_A_Modern,success,success,success,success,1,1,1,1
jae_2e2fa5153439,2000_STUDENTS-KNOWLEDGE-OF-AND-EXPECTED-IMPACT-FROM-SUSTAINABLE-AGRICULTURE.pdf,2000,2000-2004,Route_A_Modern,success,success,success,success,1,1,1,1
jae_fa3e21faaf7d,2000_TEACHER-EDUCATION-RESPONSE-TO-REINVENTING-AGRICULTURAL-EDUCATION-TARGET-YEAR-USE-OF-CONCEPT-MAPPING-TO-PLAN-FOR-CHANGE.pdf,2000,2000-2004,Route_A_Modern,pending,non_structurable,success,pending,0,0,1,0
jae_eba360e29179,2000_THE-EDUCATIONAL-VALUE-OF-4-H-ACTIVITIES-AS-PERCEIVED-BY-LOUISIANA-4-H-AGENTS.pdf,2000,2000-2004,Route_A_Modern,success,success,success,success,1,1,1,1
jae_e5b6de7fca1c,2000_THE-MOVE-TO-AGRISCIENCE-AND-ITS-IMPACT-ON-TEACHER-EDUCATION-IN-AGRICULTURE.pdf,2000,2000-2004,Route_A_Modern,success,success,success,success,1,1,1,1
jae_f63c38913114,2000_THE-USE-OF-LEARNING-STYLES-AND-ADMISSION-CRITERIA-IN-PREDICTING-ACADEMIC-PERFORMANCE-AND-RETENTION-OF-COLLEGE-FRESHMEN.pdf,2000,2000-2004,Route_A_Modern,success,success,success,success,1,1,1,1
jae_45a955eb62a5,2000_UNDERGRADUATE-AGRICULTURE-STUDENT-LEARNING-STYLES-AND-CRITICAL-THINKING-ABILITIES-IS-THERE-A-RELATIONSHIP-.pdf,2000,2000-2004,Route_A_Modern,success,success,success,success,1,1,1,1
jae_02900bb016da,10.5032_jae.2001.01061.pdf,2001,2000-2004,Route_A_Modern,success,success,success,success,1,1,1,1
jae_e2178595a673,2001_42.2.1.pdf,2001,2000-2004,Route_A_Modern,success,success,success,success,1,1,1,1
jae_459bde10b3dd,2001_42.2.2.pdf,2001,2000-2004,Route_A_Modern,success,success,success,success,1,1,1,1
jae_30cca6af1a9a,2001_42.2.4.pdf,2001,2000-2004,Route_A_Modern,success,success,success,success,1,1,1,1
jae_051ed77d3843,2001_42.2.5.pdf,2001,2000-2004,Route_A_Modern,success,success,success,success,1,1,1,1
jae_1c16513d0e3f,2001_42.2.6.pdf,2001,2000-2004,Route_A_Modern,success,success,success,success,1,1,1,1
jae_dabe2f15b998,2001_42.2.7.pdf,2001,2000-2004,Route_A_Modern,success,success,success,success,1,1,1,1
jae_18c76372ff36,2001_Choices-A-Dilemma-Of-Women-Agricultural-Education-Teachers.pdf,2001,2000-2004,Route_A_Modern,success,success,success,success,1,1,1,1
jae_cdff3ded0a84,2001_Competency-Assessment-And-Human-Resource-Management-Performance-Of-County-Extension-Chairs-In-Ohio.pdf,2001,2000-2004,Route_A_Modern,success,success,success,success,1,1,1,1
jae_0c2cae67385c,2001_Cooperating-Teachers-Perceptions-Of-Important-Elements-Of-The-Student-Teaching-Experience-A-Focus-Group-Approach-With-Quantitative-Follow-Up.pdf,2001,2000-2004,Route_A_Modern,success,success,success,success,1,1,1,1
jae_dbf4588ffcb4,2001_Effectiveness-Of-The-Indiana-4-H-Tractor-Program-Alumni-Perceptions.pdf,2001,2000-2004,Route_A_Modern,success,success,success,success,1,1,1,1
jae_38d87a580001,2001_Elementary-And-Middle-School-Agriculture-Curriculum-Development-An-Account-Of-Teacher-Struggle-At-Countryside-Charter-School.pdf,2001,2000-2004,Route_A_Modern,success,success,success,success,1,1,1,1
jae_413c18bde075,2001_Factors-Influencing-Career-Choice-Of-African-American-And-Hispanic-Graduates-Of-A-Land-Grant-College-Of-Agriculture.pdf,2001,2000-2004,Route_A_Modern,success,success,success,success,1,1,1,1
jae_e4a2668ad095,2001_Handling-Nonresponse-In-Social-Research.pdf,2001,2000-2004,Route_A_Modern,success,success,success,success,1,1,1,1
jae_2903802efa02,2001_Impact-Of-A-Professional-Development-Program-For-Agricultural-Education-Teachers-In-Costa-Rica.pdf,2001,2000-2004,Route_A_Modern,success,success,success,success,1,1,1,1
jae_ffd822d82b86,2001_Interest-In-Online-Leadership-Education-And-Implications-For-Instructional-Design-Strategies.pdf,2001,2000-2004,Route_A_Modern,success,success,success,success,1,1,1,1
jae_28e08fdf38d8,2001_Involvement-Of-Volunteers-In-Agricultural-Education-Programs-In-New-Mexico.pdf,2001,2000-2004,Route_A_Modern,success,success,success,success,1,1,1,1
jae_c22df592d1f5,2001_Levels-Of-Cognition-Reached-In-Agricultural-Distance-Education-Courses-In-Comparison-To-On-Campus-Courses-And-To-Faculty-Perceptions-Concerning-An-Appropriate-Level.pdf,2001,2000-2004,Route_A_Modern,success,success,success,success,1,1,1,1
jae_85e7bf2d89e2,2001_Looking-Down-The-Road-Ahead-The-View-From-A-Corner-Office.pdf,2001,2000-2004,Route_A_Modern,success,success,success,success,1,1,1,1
jae_4fbc2f0ce8d2,2001_Motivational-Needs-Of-Middle-Grad-Students-Enrolled-In-Agricultural-Education-In-Georgia.pdf,2001,2000-2004,Route_A_Modern,success,success,success,success,1,1,1,1
jae_8f03ed51ee9b,2001_Ohio-4-H-Agents-Perceptions-Of-The-Level-Of-Importance-And-Frequency-Of-Use-Of-The-Eighteen-Components-Of-The-Gems-Model-Of-Volunteer-Administration.pdf,2001,2000-2004,Route_A_Modern,success,success,success,success,1,1,1,1
jae_e7c0c666353e,2001_Perceptions-Of-Oregon-Secondary-Principals-Regarding-Integrating-Science-Into-Agricultural-Science-And-Technology-Programs.pdf,2001,2000-2004,Route_A_Modern,success,success,success,success,1,1,1,1
jae_cc8a4f2b3925,2001_Prospective-Elementary-Teacher-Understanding-Of-Pest-Related-Science-And-Agricultural-Education-Benchmarks.pdf,2001,2000-2004,Route_A_Modern,success,success,success,success,1,1,1,1
jae_4aee72ea00c5,2001_Stakeholder-Effect-A-Qualitative-Study-Of-The-Influence-Of-Farm-Leaders-Ideas-On-A-Sustainable-Agriculture-Education-Program-For-Adults.pdf,2001,2000-2004,Route_A_Modern,success,success,success,success,1,1,1,1
jae_0a4a90a0c1f3,2001_Stress-Professional-Development-Needs-Of-Extension-Faculty.pdf,2001,2000-2004,Route_A_Modern,success,success,success,success,1,1,1,1
jae_354c41a516ae,2001_The-Influence-Of-Enrollment-In-Agriscience-Courses-On-The-Science-Achievement-Of-High-School-Students.pdf,2001,2000-2004,Route_A_Modern,success,success,success,success,1,1,1,1
jae_db8cbefb1b78,2001_The-Influence-Of-Learning-Communities-And-4-H-FFA-Participation-On-College-Of-Agriculture-Students-Academic-Performance-And-Retention.pdf,2001,2000-2004,Route_A_Modern,success,success,success,success,1,1,1,1
jae_902641dd4c84,2001_Using-Agricultural-Education-As-The-Context-To-Teach-Life-Skills.pdf,2001,2000-2004,Route_A_Modern,success,success,success,success,1,1,1,1
jae_1ddf3b82e110,2001_Web-Based-Learning-Relationships-Among-Student-Motivation-Attitude-Learning-Styles-And-Achievement.pdf,2001,2000-2004,Route_A_Modern,success,success,success,success,1,1,1,1
jae_d8e27eb9ab83,2002_A-COMPARISON-OF-STUDENT-TEACHERS-PERCEPTIONS-OF-IMPORTANT-ELEMENTS-OF-THE-STUDENT-TEACHING-EXPERIENCE-BEFORE-AND-AFTER-AN-11-WEEK-FIELD-EXPERIENCE.pdf,2002,2000-2004,Route_A_Modern,success,success,success,success,1,1,1,1
jae_16edcb67a559,2002_A-COMPARISON-OF-THE-INSERVICE-EDUCATION-NEEDS-OF-TWO-COHORTS-OF-BEGINNING-MINNESOTA-AGRICULTURAL-EDUCATION-TEACHERS.pdf,2002,2000-2004,Route_A_Modern,success,success,success,success,1,1,1,1
jae_997daa4cacca,2002_A-COMPARISON-OF-TRADITIONAL-AND-WORLD-WIDE-WEB-METHODOLOGIES-COMPUTER-ANXIETY-AND-HIGHER-ORDER-THINKING-SKILLS-IN-THE-IN-SERVICE-TRAINING-OF-MISSISSIPPI-4-H-EXTENSION-AGENTS.pdf,2002,2000-2004,Route_A_Modern,success,success,success,success,1,1,1,1
jae_5baf5ed9d473,2002_A-FOLLOW-UP-STUDY-OF-AGRICULTURAL-EDUCATION-PROGRAM-GRADUATES-ON-TEACHING-COMPETENCIES.pdf,2002,2000-2004,Route_A_Modern,success,success,success,success,1,1,1,1
jae_d90c090c33cc,2002_A-QUALITATIVE-STUDY-OF-PROSPECTIVE-ELEMENTARY-TEACHERS-GRASP-OF-AGRICULTURAL-AND-SCIENCE-EDUCATIONAL-BENCHMARKS-FOR-AGRICULTURAL-TECHNOLOGY.pdf,2002,2000-2004,Route_A_Modern,success,success,success,success,1,1,1,1
jae_5c7bb25536b4,2002_A-RECRUITING-CHALLENGE-FOR-EXTENSION-EDUCATION-A-COMPARISON-OF-NONPARTICIPANTS-AND-PARTICIPANTS-IN-HOMEOWNER-LANDSCAPING-PROGRAMS.pdf,2002,2000-2004,Route_A_Modern,success,success,success,success,1,1,1,1
jae_61735bd479a8,2002_ACTIVE-LEARNING-THE-IMPACT-ON-STUDENTS-PARTICIPATING-IN-AN-EXTENDED-FIELD-TRIP-TO-PUERTO-RICO.pdf,2002,2000-2004,Route_A_Modern,success,success,success,success,1,1,1,1
jae_5fcce4c9867f,2002_ADULT-EDUCATION-PHILOSOPHIES-PRACTICED-BY-AGRICULTURAL-EDUCATION-TEACHERS-IN-PENNSYLVANIA-VIRGINIA-AND-WEST-VIRGINIA.pdf,2002,2000-2004,Route_A_Modern,success,success,success,success,1,1,1,1
jae_31b125dd422c,2002_ADVANCING-AGRICULTURAL-EDUCATION-WITHIN-THE-CONTEXT-OF-AN-INCREASINGLY-DIVERSE-SOCIETY.pdf,2002,2000-2004,Route_A_Modern,success,success,success,success,1,1,1,1
jae_316d982fe669,2002_AGRICULTURAL-EDUCATION-AT-A-DISTANCE-LET-S-HEAR-FROM-THE-STUDENTS.pdf,2002,2000-2004,Route_A_Modern,success,success,success,success,1,1,1,1
jae_8d82dc46d3fa,2002_AGRICULTURAL-EDUCATION-COMPETENCIES-AND-PROGRESS-TOWARD-A-DOCTORAL-DEGREE.pdf,2002,2000-2004,Route_A_Modern,success,success,success,success,1,1,1,1
jae_2b08cbddbe24,2002_AN-ANALYSIS-OF-THE-PERCEIVED-BENEFITS-AND-AFFORDANCES-OF-COURSE-WEBSITES-BY-ON-CAMPUS-AGRICULTURAL-STUDENTS-AND-FACULTY-MEMBERS.pdf,2002,2000-2004,Route_A_Modern,success,success,success,success,1,1,1,1
jae_6d243d714e24,2002_AN-INTERACTIVE-COMMUNICATION-NETWORK-S-POTENTIAL-AS-A-COMMUNICATION-AND-STUDENT-TEACHER-SUPERVISION-TOOL-IN-AGRICULTURAL-EDUCATION.pdf,2002,2000-2004,Route_A_Modern,success,success,success,success,1,1,1,1
jae_eb38b0164a92,2002_ASPIRATIONS-OF-RURAL-YOUTH.pdf,2002,2000-2004,Route_A_Modern,success,success,success,success,1,1,1,1
jae_7980e0bf9383,2002_CAN-SELECTED-LEARNING-STRATEGIES-INFLUENCE-THE-SUCCESS-OF-ADULT-DISTANCE-LEARNERS-IN-AGRICULTURE-.pdf,2002,2000-2004,Route_A_Modern,success,success,success,success,1,1,1,1
jae_f764d789d915,2002_COMPETENCY-BASED-BEHAVIORAL-ANCHORS-AS-AUTHENTICATION-TOOLS-TO-DOCUMENT-DISTANCE-EDUCATION-COMPETENCIES.pdf,2002,2000-2004,Route_A_Modern,success,success,success,success,1,1,1,1
jae_13ea7f3574b0,2002_EVALUATION-OF-THE-INCUBATORS-IN-THE-CLASSROOM-PROGRAM-DOES-IT-INCREASE-FOURTH-GRADE-STUDENTS-KNOWLEDGE-OF-AGRICULTURERELATED-SCIENCE-CONCEPTS-.pdf,2002,2000-2004,Route_A_Modern,success,success,success,success,1,1,1,1
jae_c58b4e2ece00,2002_FACTORS-ASSOCIATED-WITH-RESEARCH-PRODUCTIVITY-OF-AGRICULTURAL-EDUCATION-FACULTY.pdf,2002,2000-2004,Route_A_Modern,success,success,success,success,1,1,1,1
jae_4abfebf72043,2002_FACTORS-INFLUENCING-THE-INTENT-OF-NORTH-CAROLINA-AGRICULTURAL-EDUCATORS-TO-ADOPT-AGRICULTURAL-BIOTECHNOLOGY-CURRICULUM.pdf,2002,2000-2004,Route_A_Modern,success,success,success,success,1,1,1,1
jae_cf769843e9a1,2002_INSERVICE-NEEDS-AND-PERCEIVED-COMPETENCIES-OF-SOUTH-CAROLINA-AGRICULTURAL-EDUCATORS.pdf,2002,2000-2004,Route_A_Modern,success,success,success,success,1,1,1,1
jae_31c62add29c3,2002_INTEGRATING-SCIENCE-IN-AGRICULTURAL-EDUCATION-ATTITUDES-OF-INDIANA-AGRICULTURAL-SCIENCE-AND-BUSINESS-TEACHERS.pdf,2002,2000-2004,Route_A_Modern,success,success,success,success,1,1,1,1
jae_7841ddb92b74,2002_JOB-SATISFACTION-AS-AN-OUTCOME-MEASURE-OF-THE-EFFECTIVENESS-OF-AN-AGRICULTURAL-COMMUNICATIONS-ACADEMIC-PROGRAM.pdf,2002,2000-2004,Route_A_Modern,success,success,success,success,1,1,1,1
jae_38a7b7d53cd8,2002_LEADERSHIP-SELF-PERCEPTIONS-OF-WLC-PARTICIPANTS.pdf,2002,2000-2004,Route_A_Modern,success,success,success,success,1,1,1,1
jae_43804e0138e1,2002_PERCEPTIONS-HELD-BY-LEGISLATORS-TOWARD-THE-LOUISIANA-COOPERATIVE-EXTENSION-SERVICE.pdf,2002,2000-2004,Route_A_Modern,success,success,success,success,1,1,1,1
jae_709a5fb06ead,2002_RELATIONSHIPS-AMONG-LEARNING-STRATEGIES-PATTERNS-STYLES-AND-ACHIEVEMENT-IN-WEB-BASED-COURSES.pdf,2002,2000-2004,Route_A_Modern,success,success,success,success,1,1,1,1
jae_ee48da9cbcdf,2002_TEACHER-CHARACTERISTICS-EXPLAINING-THE-EXTENT-OF-AGRICULTURAL-AWARENESS-ACTIVITIES-INTEGRATED-INTO-THE-ELEMENTARY.pdf,2002,2000-2004,Route_A_Modern,success,success,success,success,1,1,1,1
jae_d47d447f595e,2002_TEACHING-BIOLOGY-USING-AGRICULTURE-AS-THE-CONTEXT-PERCEPTIONS-OF-HIGH-SCHOOL-STUDENTS.pdf,2002,2000-2004,Route_A_Modern,success,success,success,success,1,1,1,1
jae_d7f97fb558b7,2002_THE-ACADEMIC-PERFORMANCE-AND-RETENTION-OF-COLLEGE-OF-AGRICULTURE-STUDENTS.pdf,2002,2000-2004,Route_A_Modern,success,success,success,success,1,1,1,1
jae_c5e4a6f8ac43,2002_WHENCE-WE-CAME-THE-LAND-GRANT-TRADITION-ORIGIN-EVOLUTION-AND-IMPLICATIONS-FOR-THE-21ST-CENTURY.pdf,2002,2000-2004,Route_A_Modern,success,success,success,success,1,1,1,1
jae_24071d17a253,10.5032_jae.2003.03047.pdf,2003,2000-2004,Route_A_Modern,success,success,success,success,1,1,1,1
jae_57a18c801b6d,2003_44.1.10.pdf,2003,2000-2004,Route_A_Modern,success,success,success,success,1,1,1,1
jae_0ab5332bfc99,2003_44.1.7.pdf,2003,2000-2004,Route_A_Modern,success,success,success,success,1,1,1,1
jae_7a9f637bfac7,2003_44.1.8.pdf,2003,2000-2004,Route_A_Modern,success,success,success,success,1,1,1,1
jae_6cbae55f707e,2003_44.1.9.pdf,2003,2000-2004,Route_A_Modern,success,success,success,success,1,1,1,1
jae_56ee5f0eebde,2003_A-Delphi-Study-Of-Agricultural-Teacher-Perceptions-Of-Problems-In-Student-Retention.pdf,2003,2000-2004,Route_A_Modern,success,success,success,success,1,1,1,1
jae_1c218d58d101,2003_Agricultural-Communications-Students-Awareness-And-Perceptions-Of-Biotechnology-Issues.pdf,2003,2000-2004,Route_A_Modern,success,success,success,success,1,1,1,1
jae_cebc3ef434a5,2003_Agricultural-Education-And-Agricultural-Communications-Striking-A-Proper-Balance-In-The-Academy.pdf,2003,2000-2004,Route_A_Modern,success,success,success,success,1,1,1,1
jae_c88b5e887d62,2003_Agricultural-Education-Competencies-A-Comparison-Of-Master-s-Students-At-Texas-Tech-And-Texas-A-M-Universities.pdf,2003,2000-2004,Route_A_Modern,success,success,success,success,1,1,1,1
jae_722b36b16047,2003_Agricultural-Education-Research-Capacity-In-NCA-24-Institutions.pdf,2003,2000-2004,Route_A_Modern,success,success,success,success,1,1,1,1
jae_c6b0213facf3,2003_Certification-Measures-Are-They-Predictive-Of-Secondary-Agriculture-Teacher-Proficiency-.pdf,2003,2000-2004,Route_A_Modern,success,success,success,success,1,1,1,1
jae_d9056157c4b7,2003_Clinical-Experiences-For-Agricultural-Teacher-Education-Programs-In-North-Carolina-South-Carolina-Virginia.pdf,2003,2000-2004,Route_A_Modern,success,success,success,success,1,1,1,1
jae_6ec85e8463a3,2003_Concerns-Expressed-By-Student-Teachers-In-Agriculture.pdf,2003,2000-2004,Route_A_Modern,success,success,success,success,1,1,1,1
jae_6c9cd8388505,2003_Determining-Critical-Subject-Matter-Content-For-A-Safety-Certification-Program-For-Youth-Employed-In-Agricultural-Production.pdf,2003,2000-2004,Route_A_Modern,success,success,success,success,1,1,1,1
jae_ff98fff5d596,2003_Do-Agricultural-Leadership-Programs-Produce-Community-Leaders-A-Case-Study-Of-The-Impact-Of-An-Agricultural-Leadership-Program-On-Participants-Community-Involvement.pdf,2003,2000-2004,Route_A_Modern,success,success,success,success,1,1,1,1
jae_16254f46d15c,2003_Evaluation-Of-The-Incubators-In-The-Classroom-Program-Does-It-Increase-Fourth-Grade-Students-And-Teachers-Knowledge-About-Agricultural-Professions-.pdf,2003,2000-2004,Route_A_Modern,success,success,success,success,1,1,1,1
jae_df39e33bba78,2003_Footprints-In-The-Agricultural-Education-Profession-The-Application-Of-Principles.pdf,2003,2000-2004,Route_A_Modern,success,success,success,success,1,1,1,1
jae_536365fa2655,2003_High-School-Agricultural-Communications-Competencies-A-Natioinal-Delphi-Study.pdf,2003,2000-2004,Route_A_Modern,success,success,success,success,1,1,1,1
jae_01534ca19211,2003_Identifying-Competencies-For-Volunteer-Administrators-For-The-Coming-Decade-A-National-Delphi-Study.pdf,2003,2000-2004,Route_A_Modern,success,success,success,success,1,1,1,1
jae_0b6f3c5d41b2,2003_Is-Experiential-Learning-Authentic-.pdf,2003,2000-2004,Route_A_Modern,success,success,success,success,1,1,1,1
jae_6f49f3221148,2003_Problems-In-Recruiting-Students-Into-Agricultural-Education-Programs-A-Delphi-Study-Of-Agriculture-Teacher-Perceptions.pdf,2003,2000-2004,Route_A_Modern,success,success,success,success,1,1,1,1
jae_3377e24b2157,2003_Recruitment-Strategies-And-Activities-Used-By-Agriculture-Teachers.pdf,2003,2000-2004,Route_A_Modern,success,success,success,success,1,1,1,1
jae_8ebcd270ad77,2003_Relationship-Of-Instructional-Supervision-With-Agriculture-Teachers-Job-Satisfaction-And-Their-Intention-To-Remain-In-The-Teaching-Profession.pdf,2003,2000-2004,Route_A_Modern,success,success,success,success,1,1,1,1
jae_8487713919b5,2003_Structuring-Agricultural-Education-Research-Using-Conceptual-And-Theoretical-Frameworks.pdf,2003,2000-2004,Route_A_Modern,success,success,success,success,1,1,1,1
jae_a14a6fcc0013,2003_Student-Misbehavior-In-Agricultural-Education-A-Comparative-Study.pdf,2003,2000-2004,Route_A_Modern,success,success,success,success,1,1,1,1
jae_709d66750167,2003_Supervisory-Practices-Used-By-Teacher-Educators-in-Agriculture.pdf,2003,2000-2004,Route_A_Modern,success,success,success,success,1,1,1,1
jae_844b07d18409,2003_Teacher-Burnout-In-Agricultural-Education.pdf,2003,2000-2004,Route_A_Modern,success,success,success,success,1,1,1,1
jae_88f317f47002,2003_Technology-Integration-By-Agriscience-Teachers-In-The-Teaching-Learning-Process.pdf,2003,2000-2004,Route_A_Modern,success,success,success,success,1,1,1,1
jae_8a24230831b0,2003_The-Effects-Of-Delivery-Mode-Upon-Survey-Response-Rate-And-Perceived-Attitudes-Of-Texas-Agri-Science-Teachers.pdf,2003,2000-2004,Route_A_Modern,success,success,success,success,1,1,1,1
jae_7fc8dda0d246,2003_The-Effects-Of-Service-Learning-On-Leadership-Life-Skills-Of-4-H-Members.pdf,2003,2000-2004,Route_A_Modern,success,success,success,success,1,1,1,1
jae_f80c286403dc,2003_The-Future-Role-Of-Instructional-Technology-In-Agricultural-Education-In-North-Carolina-And-Virgina.pdf,2003,2000-2004,Route_A_Modern,success,success,success,success,1,1,1,1
jae_e9c2a46108cc,2003_The-Impact-Of-Raising-And-Exhibiting-Selected-4-H-Livestock-Projects-On-The-Development-Of-Life-And-Project-Skills.pdf,2003,2000-2004,Route_A_Modern,success,success,success,success,1,1,1,1
jae_9025fc522c50,2003_University-Women-In-Agricultural-And-Extension-Education-Committed-To-The-Profession-And-Seeking-Solutions-To-Challenges.pdf,2003,2000-2004,Route_A_Modern,success,success,success,success,1,1,1,1
jae_9c9e8bc4ee6d,2004_A-HISTORY-OF-LEADERSHIP-DEVELOPMENT-THROUGH-PARLIAMENTARY-PROCEDURE-INSTRUCTION-AND-AND-EVENTS-IN-AGRICULTURAL-EDUCATION-AND-FFA.pdf,2004,2000-2004,Route_A_Modern,success,success,success,success,1,1,1,1
jae_8947231abb8a,2004_A-QUALITATIVE-CASE-STUDY-ANALYSIS-OF-THE-SMALL-FARMERS-OUTREACH-TRAINING-AND-TECHNICAL-ASSISTANCE-2501-PROGRAM-FROM-1994-2001-IMPLICATIONS-FOR-AFRICAN-AMERICAN-FARMERS.pdf,2004,2000-2004,Route_A_Modern,success,success,success,success,1,1,1,1
jae_a132fd29008d,2004_A-TRI-STATE-NEEDS-ASSESSMENT-OF-EMOTIONAL-INTELLIGENCE-IN-AGRICULTURAL-EDUCATION.pdf,2004,2000-2004,Route_A_Modern,success,success,success,success,1,1,1,1
jae_4d9438071c6c,2004_ACCOUNTABILITY-NOT-A-DESTINATION-BUT-A-NEVER-ENDING-JOURNEY.pdf,2004,2000-2004,Route_A_Modern,success,success,success,success,1,1,1,1
jae_76d3c61a9ae9,2004_AGRICULTURE-TEACHER-EDUCATION-PROGRAMS-A-SYNTHESIS-OF-THE-LITERATURE.pdf,2004,2000-2004,Route_A_Modern,success,success,success,success,1,1,1,1
jae_0230ba1dfb26,2004_AN-ASSESSMENT-OF-FOOD-AND-FIBER-SYSTEMS-KNOWLEDGE-IN-SELECTED-OKLAHOMA-HIGH-SCHOOLS.pdf,2004,2000-2004,Route_A_Modern,success,success,success,success,1,1,1,1
jae_530b5421fa47,2004_AN-EXPLORATION-OF-THE-OUTCOMES-OF-UTILIZING-ILL-STRUCTURED-PROBLEMS-IN-PRE-SERVICE-TEACHER-PREPARATION.pdf,2004,2000-2004,Route_A_Modern,success,success,success,success,1,1,1,1
jae_ff4468e7e1b9,2004_AN-INVESTIGATION-INTO-THE-PERCEIVED-FARM-MANAGEMENT-AND-MARKETING-EDUCATIONAL-NEEDS-OF-FARM-OPERATORS-IN-JORDAN.pdf,2004,2000-2004,Route_A_Modern,success,success,success,success,1,1,1,1
jae_9c69eafbc90a,2004_CHARACTERISTICS-OF-EFFECTIVE-AGRICULTURE-TEACHERS.pdf,2004,2000-2004,Route_A_Modern,success,success,success,success,1,1,1,1
jae_e822c81c597f,2004_COMPUTER-EXPERIENCES-SELF-EFFICACY-AND-KNOWLEDGE-OF-UNDERGRADUATE-STUDENTS-ENTERING-A-LAND-GRANT-COLLEGE-OF-AGRICULTURE-BY-YEAR-AND-GENDER.pdf,2004,2000-2004,Route_A_Modern,success,success,success,success,1,1,1,1
jae_653289e19c31,2004_CRITICAL-WATER-RELATED-CURRICULUM-NEEDS-AS-PERCEIVED-BY-AGRICULTURAL-SCIENCE-TEACHERS-IN-PROGRAMS-LOCATED-WITHIN-THE-BOUNDARIES-OF-THE-OGALLALA-AQUIFER.pdf,2004,2000-2004,Route_A_Modern,success,success,success,success,1,1,1,1
jae_4b87ef2cdcc8,2004_CULTIVATING-CULTURAL-COMPETENCE-IN-AGRICULTURAL-EDUCATION-THROUGH-COMMUNITY-BASED-SERVICE-LEARNING.pdf,2004,2000-2004,Route_A_Modern,success,success,success,success,1,1,1,1
jae_c7a6ad9a038c,2004_DEVELOPING-TRANSPARENT-AND-DIALOGIC-SYSTEMS-FOR-FACULTY-PERFORMANCE-ASSESSMENT-AND-EVALUATION-IN-A-COLLEGE-OF-AGRICULTURAL-CONSUMER-AND-ENVIRONMENTAL-SCIENCES.pdf,2004,2000-2004,Route_A_Modern,success,success,success,success,1,1,1,1
jae_1292819330c8,2004_EDUCATIONAL-INTERESTS-OF-SECONDARY-AGRICULTURAL-EDUCATION-TEACHERS-IN-GEORGIA-IMPLICATIONS-FOR-THE-DELIVERY-OF-EDUCATIONAL-PROGRAMMING-AT-A-DISTANCE.pdf,2004,2000-2004,Route_A_Modern,success,success,success,success,1,1,1,1
jae_8914285880bb,2004_EFFECTS-OF-THINKING-ALOUD-PAIR-PROBLEM-SOLVING-ON-THE-TROUBLESHOOTING-PERFORMANCE-OF-UNDERGRADUATE-AGRICULTURE-STUDENTS-IN-A-POWER-TECHNOLOGY-COURSE.pdf,2004,2000-2004,Route_A_Modern,success,success,success,success,1,1,1,1
jae_fd99c4589b69,2004_ENGAGING-STUDENTS-IN-THE-AGRICULTURAL-EDUCATION-MODEL-FACTORS-AFFECTING-STUDENT-PARTICIPATION-IN-THE-NATIONAL-FFA-ORGANIZATION.pdf,2004,2000-2004,Route_A_Modern,success,success,success,success,1,1,1,1
jae_9cce19b59726,2004_FACTORS-EXPLAINING-JOB-SATISFACTION-AMONG-FACULTY.pdf,2004,2000-2004,Route_A_Modern,success,success,success,success,1,1,1,1
jae_296d4e8025d4,2004_FACTORS-RELATED-TO-THE-INTENT-OF-PROFESSIONALS-IN-AGRICULTURAL-AND-EXTENSION-EDUCATION-TO-ENROLL-IN-AN-ON-LINE-MASTER-S-DEGREE-PROGRAM.pdf,2004,2000-2004,Route_A_Modern,success,success,success,success,1,1,1,1
jae_076c02b5e1f7,2004_FEMALE-LEADERSHIP-IN-RURAL-FLORIDA-FFA-CHAPTERS.pdf,2004,2000-2004,Route_A_Modern,success,success,success,success,1,1,1,1
jae_dc297381693f,2004_GLOBAL-PERSPECTIVES-AND-ATTITUDES-TOWARD-CULTURAL-DIVERSITY-AMONG-SUMMER-AGRICULTURE-STUDENTS-AT-THE-OHIO-STATE-UNIVERSITY.pdf,2004,2000-2004,Route_A_Modern,success,success,success,success,1,1,1,1
jae_ae418afb3476,2004_IDENTIFYING-SOURCES-OF-MOTIVATION-OF-ADULT-RURAL-WORKERS.pdf,2004,2000-2004,Route_A_Modern,success,success,success,success,1,1,1,1
jae_759675ce359e,2004_INQUIRY-BASED-INSTRUCTION-IN-SECONDARY-AGRICULTURAL-EDUCATION-PROBLEM-SOLVING-AN-OLD-FRIEND-REVISITED.pdf,2004,2000-2004,Route_A_Modern,success,success,success,success,1,1,1,1
jae_19d03749b0db,2004_INSERVICE-NEEDS-OF-TRADITIONALLY-AND-ALTERNATIVELY-CERTIFIED-AGRICULTURE-TEACHERS.pdf,2004,2000-2004,Route_A_Modern,success,success,success,success,1,1,1,1
jae_5f388371c047,2004_JOB-SATISFACTION-AND-RETENTION-OF-SECONDARY-AGRICULTURE-TEACHERS.pdf,2004,2000-2004,Route_A_Modern,success,success,success,success,1,1,1,1
jae_c5b4a7787297,2004_KENTUCKY-4-H-AGENTS-PERCEPTIONS-OF-THEIR-LEVELS-OF-COMPETENCY-AND-FREQUENCY-OF-USE-OF-VOLUNTEER-ADMINISTRATION-FUNCTION.pdf,2004,2000-2004,Route_A_Modern,success,success,success,success,1,1,1,1
jae_2dc295cc5e57,2004_KNOWLEDGE-AND-PERCEPTIONS-OF-VIRGINIA-SECONDARY-AGRICULTURE-EDUCATORS-TOWARD-THE-AGRICULTURAL-TECHNOLOGY-PROGRAM-AT-VIRGINIA-TECH.pdf,2004,2000-2004,Route_A_Modern,success,success,success,success,1,1,1,1
jae_f3010a6951e2,2004_LEADERSHIP-SKILLS-AND-COMPETENCIES-FOR-EXTENSION-DIRECTORS-AND-ADMINISTRATORS.pdf,2004,2000-2004,Route_A_Modern,success,success,success,success,1,1,1,1
jae_6ddd7c2a0bf1,2004_LOUISIANA-MASS-MEDIA-PERCEPTIONS-OF-THE-LSU-AGCENTER-COMMUNICATIONS-EFFORT.pdf,2004,2000-2004,Route_A_Modern,success,success,success,success,1,1,1,1
jae_c565b1ca0b25,2004_PERCEPTIONS-OF-SCIENCE-TEACHERS-REGARDING-THE-INTEGRATION-OF-SCIENCE-INTO-THE-AGRICULTURAL-EDUCATION-CURRICULUM.pdf,2004,2000-2004,Route_A_Modern,success,success,success,success,1,1,1,1
jae_6253ac7a3770,2004_PERSEVERANCE-OF-AGRICULTURAL-EDUCATORS-BY-ACADEMIC-ATTAINMENT.pdf,2004,2000-2004,Route_A_Modern,success,success,success,success,1,1,1,1
jae_26df4174adcb,2004_PRACTICES-IN-STUDENT-EVALUATION-OF-DISTANCE-EDUCATION-COURSES-AMONG-LAND-GRANT-INSTITUTIONS.pdf,2004,2000-2004,Route_A_Modern,success,success,success,success,1,1,1,1
jae_156ac35e8b30,2004_RELATIONSHIPS-BETWEEN-SELECTED-DEMOGRAPHIC-CHARACTERISTICS-AND-THE-QUALITY-OF-LIFE-OF-ADOLESCENTS-IN-A-RURAL-WEST-TEXAS-COMMUNITY.pdf,2004,2000-2004,Route_A_Modern,success,success,success,success,1,1,1,1
jae_5669dcc35d15,2004_SOLUTIONS-TO-RECRUITMENT-ISSUES-OF-HIGH-SCHOOL-AGRICULTURAL-EDUCATION-PROGRAMS.pdf,2004,2000-2004,Route_A_Modern,success,success,success,success,1,1,1,1
jae_020cebd5784f,2004_SUPERVISORY-PRACTICES-USED-BY-TEACHER-EDUCATORS-IN-AGRICULTURE-A-COMPARISON-OF-DOCTORAL-RESEARCH-EXTENSIVE-AND-RESEARCH-NON-EXTENSIVE-INSTITUTIONS.pdf,2004,2000-2004,Route_A_Modern,success,success,success,success,1,1,1,1
jae_1eed26f9dd31,2004_THE-INFLUENCE-OF-FOUNDATIONAL-AND-EXPRESSED-VALUES-ON-PERSONAL-BEHAVIORS-OF-TEACHERS.pdf,2004,2000-2004,Route_A_Modern,success,success,success,success,1,1,1,1
jae_8edd55c767e4,2005_A-Case-Study-Comparison-Between-Web-Based-And-Traditional-Graduate-Level-Academic-Leadership-Instruction.pdf,2005,2005-2009,Route_A_Modern,success,success,success,success,1,1,1,1
jae_3f941230dae5,2005_A-Comparison-Of-National-Leaders-Strategic-Thinking-To-The-Strategic-Intentions-Of-The-Agricultural-Education-Profession.pdf,2005,2005-2009,Route_A_Modern,success,success,success,success,1,1,1,1
jae_4312a33e5e1d,2005_A-Description-Of-The-Characteristics-Attributed-To-Students-Decisions-To-Teach-Agriscience.pdf,2005,2005-2009,Route_A_Modern,success,success,success,success,1,1,1,1
jae_7b4fc6788c8c,2005_A-Document-Analysis-Of-The-Pedagogical-Knowledge-Espoused-In-Agriculture-Teaching-Methods-Courses.pdf,2005,2005-2009,Route_A_Modern,success,success,success,success,1,1,1,1
jae_e83f17993063,2005_A-Summary-Of-Distance-Education-In-University-Agricultural-Education-Departments.pdf,2005,2005-2009,Route_A_Modern,success,success,success,success,1,1,1,1
jae_7af405404085,2005_An-Examination-Of-The-Food-Safety-Information-Sources-And-Channels-Utilized-And-Trusted-By-Residents-Of-Lubbock-Texas.pdf,2005,2005-2009,Route_A_Modern,success,success,success,success,1,1,1,1
jae_8c3787f20efe,2005_Attitudes-Value-And-Preparation-Of-University-Faculty-And-Administrators-For-Advising.pdf,2005,2005-2009,Route_A_Modern,success,success,success,success,1,1,1,1
jae_1fa181f46a1d,2005_Authenticated-Writing-Competence-Of-Agricultural-Education-Graduate-Students-A-Comparison-Of-Distance-And-On-Campus-Students.pdf,2005,2005-2009,Route_A_Modern,success,success,success,success,1,1,1,1
jae_3bb8e7d0deeb,2005_Barriers-Perceived-By-Administrators-And-Faculty-Regarding-The-Use-Of-Distance-Education-Technologies-In-Preservice-Programs-For-Secondary-Agricultural-Education-Teachers.pdf,2005,2005-2009,Route_A_Modern,success,success,success,success,1,1,1,1
jae_53f20f66efe2,2005_Comparative-Assessment-Of-Student-Agricultural-Literacy-In-Selected-Agriculture-In-The-Classroom-Programs.pdf,2005,2005-2009,Route_A_Modern,success,success,success,success,1,1,1,1
jae_68306365d555,2005_Contributions-Of-Agricultural-Education-FFA-And-4-H-to-Student-Leadership-In-Agricultural-Colleges.pdf,2005,2005-2009,Route_A_Modern,success,success,success,success,1,1,1,1
jae_8af86a47d39e,2005_Critical-Thinking-Skills-Of-Selected-Youth-Leaders-The-Efficacy-Of-Critical-Thinking-Dispositions-Leadership-And-Academic-Performance.pdf,2005,2005-2009,Route_A_Modern,success,success,success,success,1,1,1,1
jae_15b5f43c9169,2005_Economic-Impact-Of-Supervised-Agricultural-Experience-In-Iowa-A-Trend-Study.pdf,2005,2005-2009,Route_A_Modern,success,success,success,success,1,1,1,1
jae_2956bc386ef2,2005_Educational-Opportunities-For-Agricultural-Distance-Programs.pdf,2005,2005-2009,Route_A_Modern,success,success,success,success,1,1,1,1
jae_dc068900fa8e,2005_Evaluation-Of-The-Distance-Education-Degree-Program-Available-To-Students-Through-The-College-Of-Agricultural-And-Life-Sciences.pdf,2005,2005-2009,Route_A_Modern,success,success,success,success,1,1,1,1
jae_556043944b43,2005_Extension-Leaders-Self-Evaluation-Of-Leadership-Skill-Areas.pdf,2005,2005-2009,Route_A_Modern,success,success,success,success,1,1,1,1
jae_6e3589efab10,2005_Factors-Associated-With-Faculty-Use-Of-Web-Based-Instruction-In-Higher-Education.pdf,2005,2005-2009,Route_A_Modern,success,success,success,success,1,1,1,1
jae_0557be0e7010,2005_Factors-Influencing-Career-Choice-Of-Urban-Agricultural-Education-Students.pdf,2005,2005-2009,Route_A_Modern,success,success,success,success,1,1,1,1
jae_0f6b8da26b01,2005_Influence-Of-The-Organizational-Environment-Of-The-Induction-Stage-Of-Teaching.pdf,2005,2005-2009,Route_A_Modern,success,success,success,success,1,1,1,1
jae_5f018fc12e74,2005_Learning-For-Life.pdf,2005,2005-2009,Route_A_Modern,success,success,success,success,1,1,1,1
jae_cafd20318ddb,2005_Master-s-Level-Agricultural-Communications-Curriculum-A-National-Delphi-Study.pdf,2005,2005-2009,Route_A_Modern,success,success,success,success,1,1,1,1
jae_922ade160062,2005_Mentoring-First-Year-Agricultural-Educators-Examining-A-State-Mandated-Induction-Program.pdf,2005,2005-2009,Route_A_Modern,success,success,success,success,1,1,1,1
jae_e03acffdc632,2005_Modeling-Higher-Order-Thinking-The-Alignment-Between-Objectives-Classroom-Discourse-And-Assessment.pdf,2005,2005-2009,Route_A_Modern,success,success,success,success,1,1,1,1
jae_47b7cf72b4e4,2005_National-FFA-Officer-Candidate-Preparation-Developing-Future-Leaders-For-Society.pdf,2005,2005-2009,Route_A_Modern,success,success,success,success,1,1,1,1
jae_065ce272043f,2005_Perceptions-Of-Graduate-Students-Taking-On-Line-And-On-Campus-Courses.pdf,2005,2005-2009,Route_A_Modern,success,success,success,success,1,1,1,1
jae_a4926da1dc14,2005_Preparation-Of-Pre-Service-Teachers-In-Agricultural-Mehanics.pdf,2005,2005-2009,Route_A_Modern,success,success,success,success,1,1,1,1
jae_b0f1dc15b001,2005_Problems-Facing-Beginning-Agriculture-Teachers.pdf,2005,2005-2009,Route_A_Modern,success,success,success,success,1,1,1,1
jae_686c56eaaac5,2005_Process-And-Product-Variables-For-The-Study-Of-Reading-In-Secondary-Agriscience.pdf,2005,2005-2009,Route_A_Modern,success,success,success,success,1,1,1,1
jae_0239eeb013c5,2005_The-Aspirations-Of-Farm-Parents-And-Pre-Adolescent-Children-For-Generational-Succession-Of-The-Family-Farm.pdf,2005,2005-2009,Route_A_Modern,success,success,success,success,1,1,1,1
jae_315bc171c90a,2005_The-Influence-Of-Learning-Styles-On-Student-Attitudes-And-Achievement-When-An-Illustrated-Web-Lecture-Is-Used-In-An-Online-Learning-Environment.pdf,2005,2005-2009,Route_A_Modern,success,success,success,success,1,1,1,1
jae_ca8e5fd786db,2005_The-Relationship-Of-Self-Efficacy-Motivation-And-Critical-Thinking-Disposition-To-Achievement-And-Attitudes-When-An-Illustrated-Web-Lecture-Is-Used-In-An-Online-Learning-Environment.pdf,2005,2005-2009,Route_A_Modern,success,success,success,success,1,1,1,1
jae_618e9ed1c70f,2005_The-Relationships-Between-Selected-Demographic-Factors-And-The-Level-Of-Job-Satisfaction-Of-Extension-Agents.pdf,2005,2005-2009,Route_A_Modern,success,success,success,success,1,1,1,1
jae_69f994271a8b,2005_Trends-In-Learner-Characteristics-And-Program-Related-Experiences-Associated-With-Two-Off-Campus-Agriculture-Degree-Programs.pdf,2005,2005-2009,Route_A_Modern,success,success,success,success,1,1,1,1
jae_c89a326e4b14,2005_Unethical-Practices-Observed-At-Youth-Livestock-Exhibitions-By-Ohio-Secondary-Agricultural-Educators.pdf,2005,2005-2009,Route_A_Modern,success,success,success,success,1,1,1,1
jae_9ab1a81c3203,2006_A-CASE-STUDY-OF-WOMEN-S-EXPERIENCES-IN-A-PRESERVICE-TEACHER-PREPARATION-PROGRAM.pdf,2006,2005-2009,Route_A_Modern,success,success,success,success,1,1,1,1
jae_bff3748bf635,2006_A-COMPARISON-OF-STUDENT-TEACHERS-PERCEPTIONS-OF-IMPORTANT-ELEMENTS-OF-THE-STUDENT-TEACHING-EXPERIENCE-BEFORE-AND-AFTER-A-12-WEEK-FIELD-EXPERIENCE.pdf,2006,2005-2009,Route_A_Modern,success,success,success,success,1,1,1,1
jae_11f819a80851,2006_A-DELPHI-STUDY-OF-AGRICULTURAL-PRACTITIONERS-OPINIONS-NECESSARY-EXPERIENCES-FOR-INCLUSION-IN-AN-UNDERGRADUATE-SUSTAINABLE-AGRICULTURAL-MAJOR.pdf,2006,2005-2009,Route_A_Modern,success,success,success,success,1,1,1,1
jae_4fe04a332cd7,2006_A-DELPHI-STUDY-OF-TEACHERS-AND-PROFESSIONALS-PERCEPTIONS-REGARDING-THE-IMPACT-OF-THE-NO-CHILD-LEFT-BEHIND-LEGISLATION-ON-SECONDARY-AGRICULTURAL-EDUCATION-PROGRAMS.pdf,2006,2005-2009,Route_A_Modern,success,success,success,success,1,1,1,1
jae_3b268eff46a8,2006_A-HISTORICAL-ANALYSIS-OF-H-M-HAMLIN-AND-THE-COMMUNITY-SCHOOL-CONCEPT.pdf,2006,2005-2009,Route_A_Modern,success,success,success,success,1,1,1,1
jae_900d6e0ca934,2006_A-LONGITUDINAL-EXAMINATION-OF-TEACHING-EFFICACY-OF-AGRICULTURAL-SCIENCE-STUDENT-TEACHERS.pdf,2006,2005-2009,Route_A_Modern,success,success,success,success,1,1,1,1
jae_5fab8b412d8d,2006_A-PHILOSOPHICAL-EXAMINATION-OF-EXPERIENTIAL-LEARNING-THEORY-FOR-AGRICULTURAL-EDUCATORS.pdf,2006,2005-2009,Route_A_Modern,success,success,success,success,1,1,1,1
jae_5a8045331d88,2006_A-PHILOSOPHICAL-FRAMEWORK-FOR-AGRICULTURAL-EDUCATION-RESEARCH.pdf,2006,2005-2009,Route_A_Modern,success,success,success,success,1,1,1,1
jae_3ce1f6bcd29f,2006_A-SYNTHESIS-OF-LEADERSHIP-DEVELOPMENT-RESEARCH-IN-AGRICULTURAL-EDUCATION-1988-2003.pdf,2006,2005-2009,Route_A_Modern,success,success,success,success,1,1,1,1
jae_f00d75c5d4f0,2006_AGRISCIENCE-TEACHERS-ATTITUDES-TOWARD-IMPLEMENTATION-OF-CONTENT-AREA-READING-STRATEGIES.pdf,2006,2005-2009,Route_A_Modern,success,success,success,success,1,1,1,1
jae_dfa128b4468f,2006_BEGINNING-AND-MENTOR-AGRICULTURE-TEACHERS-PERCEPTIONS-OF-PSYCHOSOCIAL-ASSISTANCE-SIMILARITIES-AND-SATISFACTION.pdf,2006,2005-2009,Route_A_Modern,success,success,success,success,1,1,1,1
jae_c7ea94d9051d,2006_CAREER-ASPIRATIONS-OF-SELECTED-FFA-MEMBERS.pdf,2006,2005-2009,Route_A_Modern,success,success,success,success,1,1,1,1
jae_9d34f01a195a,2006_CHALLENGES-EXPERIENCED-BY-NEW-MEXICO-AGRICULTURAL-EDUCATION-TEACHERS-IN-INCLUDING-SPECIAL-NEEDS-STUDENTS.pdf,2006,2005-2009,Route_A_Modern,success,success,success,success,1,1,1,1
jae_75748aef513b,2006_CHALLENGES-OF-SERVICE-LEARNING-IN-TENNESSEE-4-H-YOUTH-DEVELOPMENT-A-DELPHI-STUDY.pdf,2006,2005-2009,Route_A_Modern,success,success,success,success,1,1,1,1
jae_4769f63288fc,2006_COMPARISON-OF-TEACHER-EFFICACY-AMONG-TRADITIONALLY-AND-ALTERNATIVELY-CERTIFIED-AGRICULTURE-TEACHERS.pdf,2006,2005-2009,Route_A_Modern,success,success,success,success,1,1,1,1
jae_4d32189d7d87,2006_CONTENT-AREA-READING-STRATEGIES-AND-TEXTBOOK-USE-IN-AGRICULTURAL-EDUCATION.pdf,2006,2005-2009,Route_A_Modern,success,success,success,success,1,1,1,1
jae_e00d4eced67f,2006_CREATIVE-THINKING-AND-LEARNING-STYLES-IN-UNDERGRADUATE-AGRICULTURE-STUDENTS.pdf,2006,2005-2009,Route_A_Modern,success,success,success,success,1,1,1,1
jae_a1f966257967,2006_DEVELOPING-A-MODEL-OF-COOPERATING-TEACHER-EFFECTIVENESS.pdf,2006,2005-2009,Route_A_Modern,success,success,success,success,1,1,1,1
jae_97ef683f3a0c,2006_EDUCATIONAL-VALUE-OF-4-H-COMPETITIVE-EVENTS-AS-PERCEIVED-BY-PARENTS-OF-4-H-PARTICIPANTS.pdf,2006,2005-2009,Route_A_Modern,success,success,success,success,1,1,1,1
jae_c478d56db4a8,2006_EFFECTS-OF-A-MATH-ENHANCED-CURRICULUM-AND-INSTRUCTIONAL-APPROACH-ON-THE-MATHEMATICS-ACHIEVEMENT-OF-AGRICULTURAL-POWER-AND-TECHNOLOGY-STUDENTS-AN-EXPERIMENTAL-STUDY.pdf,2006,2005-2009,Route_A_Modern,success,success,success,success,1,1,1,1
jae_ea907c18013e,2006_EFFECTS-OF-INVESTIGATIVE-LABORATORY-INSTRUCTION-ON-CONTENT-KNOWLEDGE-AND-SCIENCE-PROCESS-SKILL-ACHIEVEMENT-ACROSS-LEARNING-STYLES.pdf,2006,2005-2009,Route_A_Modern,success,success,success,success,1,1,1,1
jae_77aa3e74ac91,2006_EVALUATION-OF-A-LIVESTOCK-ETHICS-CURRICULUM-FOR-HIGH-SCHOOL-YOUTH.pdf,2006,2005-2009,Route_A_Modern,success,success,success,success,1,1,1,1
jae_b60b0039fc8f,2006_EXPLORING-RELATIONSHIPS-OF-TEACHERS-SENSE-OF-EFFICACY-IN-TWO-STUDENT-TEACHING-PROGRAMS.pdf,2006,2005-2009,Route_A_Modern,success,success,success,success,1,1,1,1
jae_b2dcd62b76ee,2006_FACTORS-CONTRIBUTING-TO-VOLUNTEER-ADMINISTRATION-LEADERSHIP-PROFICIENCY-OF-SOUTHERN-REGION-4-H-COUNTY-FACULTY.pdf,2006,2005-2009,Route_A_Modern,success,success,success,success,1,1,1,1
jae_3eec6968f063,2006_FOOD-LAND-AND-PEOPLE-CONTENT-ANALYSIS-AND-CORRELATION-TO-ARKANSAS-STATE-STANDARDS.pdf,2006,2005-2009,Route_A_Modern,success,success,success,success,1,1,1,1
jae_17ba1c32acf5,2006_IDENTIFYING-CONTENT-FOR-AN-OPEN-COURSEWARE-PRE-SERVICE-AGRICULTURAL-EDUCATION-PROGRAM-PLANNING-COURSE.pdf,2006,2005-2009,Route_A_Modern,success,success,success,success,1,1,1,1
jae_c14ff4f7fe5b,2006_IMPACT-OF-AN-URBAN-SERVICE-LEARNING-EXPERIENCE-ON-AGRICULTURAL-EDUCATION-STUDENTS.pdf,2006,2005-2009,Route_A_Modern,success,success,success,success,1,1,1,1
jae_486f9e71b53b,2006_LEADERSHIP-BEHAVIORS-EXHIBITED-BY-FFA-CHAPTER-PRESIDENTS.pdf,2006,2005-2009,Route_A_Modern,success,success,success,success,1,1,1,1
jae_342f7f11b04a,2006_LEADERSHIP-STYLES-OF-CURRENT-EXTENSION-LEADERS.pdf,2006,2005-2009,Route_A_Modern,success,success,success,success,1,1,1,1
jae_6328a50af5ab,2006_LEARNING-STYLE-AND-PERSONALITY-TYPE-PREFERENCES-OF-COMMUNITY-DEVELOPMENT-EXTENSION-EDUCATORS.pdf,2006,2005-2009,Route_A_Modern,success,success,success,success,1,1,1,1
jae_15e54d8ecc3d,2006_LOCAL-FARM-BUREAU-LEADERSHIP-NEEDS-ASSESSMENT-A-QUALITATIVE-STUDY.pdf,2006,2005-2009,Route_A_Modern,success,success,success,success,1,1,1,1
jae_29e33f956452,2006_MEASURING-LEARNING-IN-THE-AFFECTIVE-DOMAIN-USING-REFLECTIVE-WRITING-ABOUT-A-VIRTUAL-INTERNATIONAL-AGRICULTURE-EXPERIENCE.pdf,2006,2005-2009,Route_A_Modern,success,success,success,success,1,1,1,1
jae_bf8872e2bff2,2006_MODERNIZING-THE-AGRICULTURAL-EDUCATION-CURRICULUM-AN-ANALYSIS-OF-AGRICULTURAL-EDUCATION-TEACHERS-ATTITUDES-KNOWLEDGE-AND-UNDERSTANDING-OF-BIOTECHNOLOGY.pdf,2006,2005-2009,Route_A_Modern,success,success,success,success,1,1,1,1
jae_e3468c4f0525,2006_SCIENCE-ACHIEVEMENT-OF-HIGH-SCHOOL-STUDENTS-IN-COMPLETE-PROGRAMS-OF-AGRISCIENCE-EDUCATION.pdf,2006,2005-2009,Route_A_Modern,success,success,success,success,1,1,1,1
jae_499d22985e4e,2006_TEACHER-ATTRITION-AMONG-WOMEN-IN-SECONDARY-AGRICULTURAL-EDUCATION.pdf,2006,2005-2009,Route_A_Modern,success,success,success,success,1,1,1,1
jae_59bf2294dd19,2006_TEACHER-EFFICACY-OF-NOVICE-TEACHERS-IN-AGRICULTURAL-EDUCATION-IN-OHIO-AT-THE-END-OF-THE-SCHOOL-YEAR.pdf,2006,2005-2009,Route_A_Modern,success,success,success,success,1,1,1,1
jae_10fcddf62b19,2006_TEACHER-PREPARATION-AND-IN-SERVICE-NEEDS-OF-GEORGIA-AGRICULTURE-TEACHERS.pdf,2006,2005-2009,Route_A_Modern,success,success,success,success,1,1,1,1
jae_1bd19f67ffea,2006_TEACHING-LEADERSHIP-IN-AGRICULTURAL-SCIENCE-BEHAVIORAL-FACTORS-THAT-INFLUENCE-SECONDARY-AGRICULTURAL-SCIENCE-LEADERSHIP-INSTRUCTION.pdf,2006,2005-2009,Route_A_Modern,success,success,success,success,1,1,1,1
jae_b39706a5e739,2006_THE-INFLUENCE-OF-PERSONALITY-TYPE-ON-THE-EXTENT-COOPERATING-TEACHERS-PROVIDE-PSYCHOSOCIAL-ASSISTANCE-TO-STUDENT-TEACHERS.pdf,2006,2005-2009,Route_A_Modern,success,success,success,success,1,1,1,1
jae_fc878f10ccc3,2006_THE-INFLUENCE-OF-STUDENT-LEARNING-EXPERIENCE-LEVEL-AND-LEARNING-STYLE-ON-ACHIEVEMENT.pdf,2006,2005-2009,Route_A_Modern,success,success,success,success,1,1,1,1
jae_ae064f5899c1,2006_THE-INFLUENCE-OF-STUDENT-LEARNING-STYLE-ON-CRITICAL-THINKING-SKILL.pdf,2006,2005-2009,Route_A_Modern,success,success,success,success,1,1,1,1
jae_7efa4ae90d91,2006_THE-RELATIONSHIP-BETWEEN-LEARNING-STYLES-LEARNING-ENVIRONMENTS-AND-STUDENT-SUCCESS.pdf,2006,2005-2009,Route_A_Modern,success,success,success,success,1,1,1,1
jae_be9fa73356b7,2006_WHO-IS-DRIVING-THE-PICKUP-TRUCK-A-CALL-FOR-PROFESSIONAL-LEADERSHIP.pdf,2006,2005-2009,Route_A_Modern,success,success,success,success,1,1,1,1
jae_781542dec96f,10.5032_jae.2007.03037.pdf,2007,2005-2009,Route_A_Modern,success,success,success,success,1,1,1,1
jae_40b044d96b44,2007_A-Comparison-Of-The-Cognitive-Behaviors-Exhibited-By-Secondary-Agriculture-And-Science-Teachers.pdf,2007,2005-2009,Route_A_Modern,success,success,success,success,1,1,1,1
jae_57646d21f72d,2007_A-Historical-Review-Of-Leadership-Development-In-The-FFA-And-4-H.pdf,2007,2005-2009,Route_A_Modern,success,success,success,success,1,1,1,1
jae_ed0d22c1c5f2,2007_A-Longitudinal-Examination-Of-Teaching-Efficacy-Of-Agricultural-Science-Student-Teachers-At-Four-Different-Institutions.pdf,2007,2005-2009,Route_A_Modern,success,success,success,success,1,1,1,1
jae_2f640d084d9d,2007_A-Model-For-The-Study-Of-Reading-In-Agriscience.pdf,2007,2005-2009,Route_A_Modern,success,success,success,success,1,1,1,1
jae_3faff3661e02,2007_A-Two-Decade-1981-2000-Analysis-Of-The-Literature-Cited-In-The-Journal-Of-Agricultural-Education.pdf,2007,2005-2009,Route_A_Modern,success,success,success,success,1,1,1,1
jae_2a430e93249f,2007_Agricultural-Education-At-The-Tuskeegee-Normal-And-Industrial-School.pdf,2007,2005-2009,Route_A_Modern,success,success,success,success,1,1,1,1
jae_43edad2a12ed,2007_Agricultural-Issues-Of-Significance-To-Iowa-Crop-Producers-And-Their-Educational-Implications.pdf,2007,2005-2009,Route_A_Modern,success,success,success,success,1,1,1,1
jae_bb296819535c,2007_Agricultural-Science-Teachers-Barriers-Roles-And-Information-Source-Preferences-For-Teaching-Biotechnology-Topics.pdf,2007,2005-2009,Route_A_Modern,success,success,success,success,1,1,1,1
jae_2beca3a3fa47,2007_An-Analysis-Of-Diversity-Inclusion-In-North-Carolina-Secondary-Agricultural-Education-Programs.pdf,2007,2005-2009,Route_A_Modern,success,success,success,success,1,1,1,1
jae_1ad4d9b4c1be,2007_An-Investigation-Of-Time-Distribution-Of-Pre-Service-Teachers-While-Interning.pdf,2007,2005-2009,Route_A_Modern,success,success,success,success,1,1,1,1
jae_b83a21b08e72,2007_Barriers-Support-And-Collaboration-A-Comparison-Of-Science-And-Agriculture-Teachers-Perceptions-Regarding-Integration-Of-Science-Into-The-Agricultural-Education-Curriculum.pdf,2007,2005-2009,Route_A_Modern,success,success,success,success,1,1,1,1
jae_9589d3db2743,2007_Biotechnology-An-Assessment-Of-Agricultural-Science-Teachers-Knowledge-And-Attitudes.pdf,2007,2005-2009,Route_A_Modern,success,success,success,success,1,1,1,1
jae_103872838069,2007_Changes-In-Student-Teacher-Perceptions-Of-The-Student-Teacher-Cooperating-Teacher-Relationship-Throughout-The-Student-Teaching-Semester.pdf,2007,2005-2009,Route_A_Modern,success,success,success,success,1,1,1,1
jae_680904ac5a5d,2007_Course-Experiences-And-Perceptions-Of-Farmers-In-Esfahan-As-A-Basis-For-A-Competency-Profile-Of-Extension-Instructors.pdf,2007,2005-2009,Route_A_Modern,success,success,success,success,1,1,1,1
jae_db170bf0f44f,2007_Early-Field-Experience-Documents-In-Agricultural-Education.pdf,2007,2005-2009,Route_A_Modern,success,success,success,success,1,1,1,1
jae_2e02c9611440,2007_Effect-Of-Instructional-Strategy-On-Critical-Thinking-And-Content-Knowledge-Using-Problem-Based-Learning-In-The-Secondary-Classroom.pdf,2007,2005-2009,Route_A_Modern,success,success,success,success,1,1,1,1
jae_0125ceb48695,2007_Exploring-The-Paradox-Of-Supervised-Agricultural-Experience-Programs-In-Agricultural-Education.pdf,2007,2005-2009,Route_A_Modern,success,success,success,success,1,1,1,1
jae_db0f7613f234,2007_Farmers-Perception-Of-Integrated-Soil-Fertility-And-Nutrient-Management-For-Sustainable-Crop-Production-A-Study-Of-Rural-Areas-In-Bangladesh.pdf,2007,2005-2009,Route_A_Modern,success,success,success,success,1,1,1,1
jae_4544012a508b,2007_Influence-Of-The-Relationship-Between-The-Student-Teacher-And-Cooperating-Teacher-On-Student-Teacher-S-Decision-To-Enter-Teaching.pdf,2007,2005-2009,Route_A_Modern,success,success,success,success,1,1,1,1
jae_f0ca73a509b0,2007_Integrating-Science-Into-The-Agricultural-Education-Curriculum-Do-Science-And-Agriculture-Teachers-Agree-.pdf,2007,2005-2009,Route_A_Modern,success,success,success,success,1,1,1,1
jae_0cb57920be99,2007_Knowledge-Skills-And-Abilities-For-Agricultural-Science-Teachers-A-Focus-Group-Approach.pdf,2007,2005-2009,Route_A_Modern,success,success,success,success,1,1,1,1
jae_94b6621c9746,2007_My-Facebook-Friends.pdf,2007,2005-2009,Route_A_Modern,success,success,success,success,1,1,1,1
jae_cb9fe8aae25a,2007_Overcoming-Gender-Bias-With-Self-Efficacy-A-Case-Study-Of-Women-Agricultural-Education-Teachers-And-Preservice-Students.pdf,2007,2005-2009,Route_A_Modern,success,success,success,success,1,1,1,1
jae_7e73b7cab8ba,2007_Perceived-Growth-Versus-Actual-Growth-In-Executive-Leadership-Competencies-An-Application-Of-The-Stair-Step-Behaviorally-Anchored-Evaluation-Approach.pdf,2007,2005-2009,Route_A_Modern,success,success,success,success,1,1,1,1
jae_ce5fae5e7802,2007_Possible-Factors-In-Matching-Student-Teachers-With-Cooperating-Teachers.pdf,2007,2005-2009,Route_A_Modern,success,success,success,success,1,1,1,1
jae_e1bb0230d216,2007_Pre-Service-Teachers-Knowledge-And-Teaching-Comfort-Levels-For-Agricultural-Science-And-Technology-Objectives.pdf,2007,2005-2009,Route_A_Modern,success,success,success,success,1,1,1,1
jae_38b4d425efc4,2007_Preferred-Leadership-Style-Of-Agricultural-Education-Teachers-And-The-Connection-To-Personal-Characteristics.pdf,2007,2005-2009,Route_A_Modern,success,success,success,success,1,1,1,1
jae_a37ec2355aab,2007_Problems-Faced-By-High-School-Agricultural-Education-Teachers.pdf,2007,2005-2009,Route_A_Modern,success,success,success,success,1,1,1,1
jae_44c6ac16d2a0,2007_Recruitment-And-Retention-Strategies-Utilized-By-1890-Land-Grant-Institutions-In-Relation-To-African-American-Students.pdf,2007,2005-2009,Route_A_Modern,success,success,success,success,1,1,1,1
jae_262a0c467bba,2007_Relationships-Between-Personality-Type-And-Teaching-Efficacy-Of-Student-Teachers.pdf,2007,2005-2009,Route_A_Modern,success,success,success,success,1,1,1,1
jae_ba5a00dfd2dd,2007_State-FFA-Officers-Confidence-And-Trustworthiness-Of-Biotechnology-Information-Sources.pdf,2007,2005-2009,Route_A_Modern,success,success,success,success,1,1,1,1
jae_1532bf9a2b86,2007_Supervisory-Behaviors-Of-Cooperating-Agricultural-Education-Teachers.pdf,2007,2005-2009,Route_A_Modern,success,success,success,success,1,1,1,1
jae_052e22260878,2007_Technology-Enhanced-Agricultural-Education-Learning-Environments-An-Assessment-Of-Student-Perceptions.pdf,2007,2005-2009,Route_A_Modern,success,success,success,success,1,1,1,1
jae_be7103dad0b5,2007_The-Benefits-Of-Teaching-And-Learning-About-Agriculture-In-Elementary-And-Junior-High-Schools.pdf,2007,2005-2009,Route_A_Modern,success,success,success,success,1,1,1,1
jae_cc1b1cf7b499,2007_The-Effect-Participating-In-A-Pre-Veterinary-Learning-Community-Or-Freshmen-Interest-Group-FIG-Has-On-The-Odds-New-Animal-Science-Majors-Graduate.pdf,2007,2005-2009,Route_A_Modern,success,success,success,success,1,1,1,1
jae_a341f3739d39,2007_The-Instructional-Planning-Experiences-Of-Beginning-Teachers.pdf,2007,2005-2009,Route_A_Modern,success,success,success,success,1,1,1,1
jae_4de332126cf9,2007_The-Project-Method-In-Agricultural-Education-Then-And-Now.pdf,2007,2005-2009,Route_A_Modern,success,success,success,success,1,1,1,1
jae_96b4879bde6a,2007_The-Psychometric-Properties-Of-The-Agricultural-Hazardous-Occupations-Order-Certification-Training-Program-Written-Examinations.pdf,2007,2005-2009,Route_A_Modern,success,success,success,success,1,1,1,1
jae_6b16b7986de6,2007_The-Relationship-Between-Teaching-Efficacy-And-Personality-Type-Of-Cooperating-Teachers.pdf,2007,2005-2009,Route_A_Modern,success,success,success,success,1,1,1,1
jae_724ef1d0a27f,2007_The-Role-Of-Sandwich-In-Service-Program-In-Developing-Agricultural-Science-Teachers-In-Delta-State-Nigeria.pdf,2007,2005-2009,Route_A_Modern,success,success,success,success,1,1,1,1
jae_18fb07caafa5,2007_Training-Needs-Of-New-Mexico-Agricultural-Education-Teachers-Related-To-Inclusion-Of-Students-With-Special-Needs.pdf,2007,2005-2009,Route_A_Modern,success,success,success,success,1,1,1,1
jae_a487f34dce7e,2007_Types-And-Cognitive-Levels-Of-Questions-Asked-By-Professors-During-College-Of-Agriculture-Class-Sessions.pdf,2007,2005-2009,Route_A_Modern,success,success,success,success,1,1,1,1
jae_6644286fb894,2007_Using-Electronic-Audience-Response-Systems-In-High-School-Agriscience-Courses.pdf,2007,2005-2009,Route_A_Modern,success,success,success,success,1,1,1,1
jae_9d6360bdbb6c,2007_Viewing-Agricultural-Education-Research-Through-A-Qualitative-Lens.pdf,2007,2005-2009,Route_A_Modern,success,success,success,success,1,1,1,1
jae_74276e07b54d,2008_49.3.10.pdf,2008,2005-2009,Route_A_Modern,success,success,success,success,1,1,1,1
jae_3a27fa5ab114,2008_49.3.11.pdf,2008,2005-2009,Route_A_Modern,success,success,success,success,1,1,1,1
jae_c2c51ff8df45,2008_49.3.7.pdf,2008,2005-2009,Route_A_Modern,success,success,success,success,1,1,1,1
jae_b79717d145b7,2008_49.3.8.pdf,2008,2005-2009,Route_A_Modern,success,success,success,success,1,1,1,1
jae_07968f4ed900,2008_49.3.9.pdf,2008,2005-2009,Route_A_Modern,success,success,success,success,1,1,1,1
jae_50be430e0726,2008_A-QUALITATIVE-STUDY-OF-TECHNOLOGY-BASED-TRAINING-IN-ORGANIZATIONS-THAT-HIRE-AGRICULTURE-AND-LIFE-SCIENCES-STUDENTS.pdf,2008,2005-2009,Route_A_Modern,success,success,success,success,1,1,1,1
jae_27a625f75987,2008_AGRICULTURAL-LITERACY-CLARIFYING-A-VISION-FOR-PRACTICAL-APPLICATION.pdf,2008,2005-2009,Route_A_Modern,success,success,success,success,1,1,1,1
jae_212dd5c00397,2008_AN-ASSESSMENT-OF-THE-EMPLOYABILITY-SKILLS-NEEDED-BY-GRADUATES-IN-THE-COLLEGE-OF-AGRICULTURE-FOOD-AND-NATURAL-RESOURCES-AT-THE-UNIVERSITY-OF-MISSOURI.pdf,2008,2005-2009,Route_A_Modern,success,success,success,success,1,1,1,1
jae_f9c8e5feb2f5,2008_AN-EVALUATION-OF-INNER-CITY-YOUTH-GARDEN-PROGRAM-PARTICIPANTS-DIETARY-BEHAVIOR-AND-GARDEN-AND-NUTRITION-KNOWLEDGE.pdf,2008,2005-2009,Route_A_Modern,success,success,success,success,1,1,1,1
jae_dbd4ece8a7c1,2008_ASSESSING-TEACHER-SELF-EFFICACY-AND-JOB-SATISFACTION-OF-EARLY-CAREER-AGRICULTURE-TEACHERS-IN-KENTUCKY.pdf,2008,2005-2009,Route_A_Modern,success,success,success,success,1,1,1,1
jae_ad62cbad0316,2008_CAREER-DEVELOPMENT-EVENT-PARTICIPATION-AND-PROFESSIONAL-DEVELOPMENT-NEEDS-OF-KANSAS-AGRICULTURAL-EDUCATION-TEACHERS.pdf,2008,2005-2009,Route_A_Modern,success,success,success,success,1,1,1,1
jae_abb4c84ae3fa,2008_CAREER-EXPLORATORY-BEHAVIORS-OF-POSTSECTONDARY-AGRICULTURE-STUDENTS.pdf,2008,2005-2009,Route_A_Modern,success,success,success,success,1,1,1,1
jae_d72f7b4ec1e8,2008_COLLABORATION-BETWEEN-SCIENCE-AND-AGRICULTURE-TEACHERS.pdf,2008,2005-2009,Route_A_Modern,success,success,success,success,1,1,1,1
jae_c9ee5821748d,2008_DESCRIPTION-OF-THE-USE-OF-GREENHOUSE-FACILITIES-BY-SECONDARY-AGRICULTURAL-EDUCATION-INSTRUCTORS-IN-ARIZONA.pdf,2008,2005-2009,Route_A_Modern,success,success,success,success,1,1,1,1
jae_d6333938d592,2008_DEVELOPING-BEST-PRACTICES-OF-TEACHER-INDUCTION.pdf,2008,2005-2009,Route_A_Modern,success,success,success,success,1,1,1,1
jae_93ba722afa03,2008_DOES-A-CURRICULUM-INTEGRATION-INTERVENTION-TO-IMPROVE-THE-MATHEMATICS-ACHIEVEMENT-OF-STUDENTS-DIMINISH-THEIR-ACQUISITION-OF-TECHNICAL-COMPETENCE-AN-EXPERIMENTAL-STUDY-IN-AGRICULTURAL-MECHANICS.pdf,2008,2005-2009,Route_A_Modern,success,success,success,success,1,1,1,1
jae_59f62e3d6503,2008_ESTABLISHING-NURTURING-PROPAGATING-AND-MARKETING-OUR-CONNECTIONS-IN-AGRICULTURAL-EDUCATION.pdf,2008,2005-2009,Route_A_Modern,success,success,success,success,1,1,1,1
jae_772ddc97ff79,2008_EXAMINING-THE-INSTRUCTIONAL-PLANNING-PROCESS-TAUGHT-IN-AGRICULTURAL-EDUCATION-TEACHER-PREPARATION-PROGRAMS-PERSPECTIVES-OF-UNIVERSITY-FACULTY.pdf,2008,2005-2009,Route_A_Modern,success,success,success,success,1,1,1,1
jae_c56cfecc64fc,2008_FACTORS-RELATED-TO-THE-DEVELOPMENTAL-EXPERIENCES-OF-YOUTH-SERVING-AS-4-H-CAMP-COUNSELORS.pdf,2008,2005-2009,Route_A_Modern,success,success,success,success,1,1,1,1
jae_50f7746d9810,2008_FACTORS-THAT-INFLUENCE-THE-DECISION-TO-PARTICIPATE-IN-YOUTH-ORGANIZATIONS-IN-RURAL-HIGH-SCHOOLS-IN-THREE-STATES.pdf,2008,2005-2009,Route_A_Modern,success,success,success,success,1,1,1,1
jae_2f6d77efeb02,2008_FIFTEEN-YEAR-ENROLLMENT-TRENDS-RELATED-TO-THE-THREE-COMPONENTS-OF-COMPREHENSIVE-AGRICULTURAL-EDUCATION-PROGRAMS.pdf,2008,2005-2009,Route_A_Modern,success,success,success,success,1,1,1,1
jae_5e4e0cd5f956,2008_FORECASTING-DOCTORAL-LEVEL-CONTENT-IN-AGRICULTURAL-EDUCATION-VIEWPOINTS-OF-ENGAGED-SCHOLARS-IN-THE-UNITED-STATES.pdf,2008,2005-2009,Route_A_Modern,success,success,success,success,1,1,1,1
jae_3247830294e6,2008_INFLUENCE-OF-CAREER-EXPLORATION-PROCESS-BEHAVIORS-ON-AGRICULTURE-STUDENTS-LEVEL-OF-CAREER-CERTAINTY.pdf,2008,2005-2009,Route_A_Modern,success,success,success,success,1,1,1,1
jae_8e756e9445c0,2008_INTEGRATING-SCIENCE-IN-THE-AGRICULTURE-CURRICULUM-AGRICULTURE-TEACHER-PERCEPTIONS-OF-THE-OPPORTUNITIES-BARRIERS-AND-IMPACT-ON-STUDENT-ENROLLMENT.pdf,2008,2005-2009,Route_A_Modern,success,success,success,success,1,1,1,1
jae_68d193144bc9,2008_INTERNET-AS-AN-INFORMATION-SOURCE-ATTITUDES-AND-USAGE-OF-STUDENTS-ENROLLED-IN-A-COLLEGE-OF-AGRICULTURE-COURSE.pdf,2008,2005-2009,Route_A_Modern,success,success,success,success,1,1,1,1
jae_e08f8e1fac51,2008_INVESTIGATING-COMMUNITY-FACTORS-AS-PREDICTORS-OF-RURAL-11THGRADE-AGRICULTURAL-SCIENCE-STUDENTS-CHOICE-OF-CAREERS-IN-AGRICULTURE.pdf,2008,2005-2009,Route_A_Modern,success,success,success,success,1,1,1,1
jae_93b7a4925717,2008_IT-S-IN-THE-GENES-EXPLORING-RELATIONSHIPS-BETWEEN-CRITICAL-THINKING-AND-PROBLEM-SOLVING-IN-UNDERGRADUATE-AGRISCIENCE-STUDENTS-SOLUTIONS-TO-PROBLEMS-IN-MENDELIAN-GENETICS.pdf,2008,2005-2009,Route_A_Modern,success,success,success,success,1,1,1,1
jae_f3f9c32a9d27,2008_OVERTLY-TEACHING-CRITICAL-THINKING-AND-INQUIRY-BASED-LEARNING-A-COMPARISON-OF-TWO-UNDERGRADUATE-BIOTECHNOLOGY-CLASSES.pdf,2008,2005-2009,Route_A_Modern,success,success,success,success,1,1,1,1
jae_c0204fc088b3,2008_PEER-MODELING-AND-TEACHING-EFFICACY-THE-INFLUENCE-OF-TWO-STUDENT-TEACHERS-AT-THE-SAME-TIME.pdf,2008,2005-2009,Route_A_Modern,success,success,success,success,1,1,1,1
jae_07c050e921f8,2008_PREDICTING-SCORES-OF-BEGINNING-AGRICULTURAL-EDUCATION-TEACHERS-ON-THE-PRAXIS-II-EXAMINATION.pdf,2008,2005-2009,Route_A_Modern,success,success,success,success,1,1,1,1
jae_f4ebbd46a5a5,2008_PREPARATION-OF-AGRICULTURAL-EDUCATION-STUDENTS-TO-WORK-WITH-DIVERSE-POPULATIONS.pdf,2008,2005-2009,Route_A_Modern,success,success,success,success,1,1,1,1
jae_250cc23337cb,2008_PRESERVICE-AGRICULTURAL-EDUCATION-TEACHERS-SENSE-OF-TEACHING-SELF-EFFICACY.pdf,2008,2005-2009,Route_A_Modern,success,success,success,success,1,1,1,1
jae_bd76a2b17765,2008_PRESERVICE-AGRICULTURE-TEACHERS-PERCEPTIONS-OF-CAREER-BARRIERS-AND-SUPPORT.pdf,2008,2005-2009,Route_A_Modern,success,success,success,success,1,1,1,1
jae_6640ff5a8e5c,2008_PRIORITIES-FOR-UNDERGRADUATE-EDUCATION-AND-THE-INCLUSION-OF-INTERNATIONALIZED-CURRICULUM-IN-COLLEGES-OF-AGRICULTURE-INTERPRETING-THE-COMPARISON-DILEMMA-.pdf,2008,2005-2009,Route_A_Modern,success,success,success,success,1,1,1,1
jae_2127091dff73,2008_PROFESSIONAL-ROLES-AND-RESPONSIBILITIES-CHALLENGES-FOR-INDUCTION-TEACHERS.pdf,2008,2005-2009,Route_A_Modern,success,success,success,success,1,1,1,1
jae_9c2f86c10004,2008_TEACHER-BURNOUT-AND-JOB-SATISFACTION-AMONG-AGRICULTURAL-EDUCATION-TEACHERS.pdf,2008,2005-2009,Route_A_Modern,success,success,success,success,1,1,1,1
jae_61bfc88a4b64,2008_TEACHING-ADVANCED-LIFE-SCIENCES-IN-AN-ANIMAL-CONTEXT-AGRICULTURAL-SCIENCE-TEACHER-VOICES.pdf,2008,2005-2009,Route_A_Modern,success,success,success,success,1,1,1,1
jae_2c4cac440659,2008_TEXAS-4-H-AGENTS-PERCEPTIONS-OF-SELECTED-COMPETENCIES-IN-THE-4-H-PROFESSIONAL-RESEARCH-KNOWLEDGE-AND-COMPETENCIES-MODEL.pdf,2008,2005-2009,Route_A_Modern,success,success,success,success,1,1,1,1
jae_057de8701816,2008_THE-CONTRIBUTIONS-OF-E-M-TIFFANY-AND-THE-FFA-CREED-TO-LEADERSHIP-DEVELOPMENT-WITHIN-THE-FFA.pdf,2008,2005-2009,Route_A_Modern,success,success,success,success,1,1,1,1
jae_54316c354ee2,2008_THE-DEVELOPMENT-OF-THE-INTEGRATED-THREE-COMPONENT-MODEL-OF-AGRICULTURAL-EDUCATION.pdf,2008,2005-2009,Route_A_Modern,success,success,success,success,1,1,1,1
jae_d6c52095a565,2008_TOTAL-PROGRAM-EFFICACY-A-COMPARISON-OF-TRADITIONALLY-AND-ALTERNATIVELY-CERTIFIED-AGRICULTURE-TEACHERS.pdf,2008,2005-2009,Route_A_Modern,success,success,success,success,1,1,1,1
jae_9f0eb16c876b,2008_TRANSACTIONAL-TRANSFORMATIONAL-OR-LAISSEZ-FAIRE-LEADERSHIP-AN-ASSESSMENT-OF-COLLEGE-OF-AGRICULTURE-ACADEMIC-PROGRAM-LEADERS-DEANS-LEADERSHIP-STYLES.pdf,2008,2005-2009,Route_A_Modern,success,success,success,success,1,1,1,1
jae_81e6f0f3ae36,2008_WORKLOAD-DISTRIBUTION-AMONG-AGRICULTURE-TEACHERS.pdf,2008,2005-2009,Route_A_Modern,success,success,success,success,1,1,1,1
jae_b3b6bea08340,2009_A-Comparison-of-Traditional-and-Self-Paced-Instruction-Knowledge-Gained-in-a-Food-Safety-Certification-Course.pdf,2009,2005-2009,Route_A_Modern,success,success,success,success,1,1,1,1
jae_cb165553e41e,2009_A-Trend-Study-Technology-Adoption-in-the-Teaching-Learning-Process-by-Secondary-Agriscience-Teachers-2002-and-2007.pdf,2009,2005-2009,Route_A_Modern,success,success,success,success,1,1,1,1
jae_c9dc03d70efe,2009_Agricultural-In-Service-Needs-of-Introductory-Level-Career-and-Technical-Education-Teachers.pdf,2009,2005-2009,Route_A_Modern,success,success,success,success,1,1,1,1
jae_7c32ad74311b,2009_Agricultural-Science-and-Technology-Teachers-Perceptions-of-iPod-and-MP3-Technology-Integration-Into-Curricular-and-Cocurricular-Activities.pdf,2009,2005-2009,Route_A_Modern,success,success,success,success,1,1,1,1
jae_cb649345853a,2009_An-Analysis-of-the-Priority-Needs-of-Cooperative-Extension-at-the-County-Level.pdf,2009,2005-2009,Route_A_Modern,success,success,success,success,1,1,1,1
jae_265b3d0e3109,2009_An-Assessment-of-Extension-Education-Curriculum-at-Land-Grant-Universities.pdf,2009,2005-2009,Route_A_Modern,success,success,success,success,1,1,1,1
jae_487cf8107a3a,2009_An-Assessment-of-Problems-Faced-by-High-School-Agricultural-Education-Teachers.pdf,2009,2005-2009,Route_A_Modern,success,success,success,success,1,1,1,1
jae_a107cda016e6,2009_Are-Teachers-Ready-to-Integrate-Science-Concepts-into-Secondary-Agriculture-Programs-.pdf,2009,2005-2009,Route_A_Modern,success,success,success,success,1,1,1,1
jae_9dd53105acc1,2009_Attitudes-Educational-and-Career-Choices-of-Food-and-Agricultural-Sciences-Institute-Participants.pdf,2009,2005-2009,Route_A_Modern,success,success,success,success,1,1,1,1
jae_801c0b478d81,2009_Attitudes-and-Stages-of-Concern-of-Elementary-Teachers-Toward-Agriculture-as-a-Context-for-Teaching-Across-Grade-Level-Content-Area-Standards.pdf,2009,2005-2009,Route_A_Modern,success,success,success,success,1,1,1,1
jae_f8b1a0ebb547,2009_Changes-in-Student-Teachers-Intention-to-Teach-During-Student-Teaching.pdf,2009,2005-2009,Route_A_Modern,success,success,success,success,1,1,1,1
jae_5a5b54115881,2009_Cognitive-Potential-How-Different-are-Agriculture-Students-.pdf,2009,2005-2009,Route_A_Modern,success,success,success,success,1,1,1,1
jae_ba6d959f26ff,2009_Curricular-Needs-of-Students-with-Specific-Learning-Disabilities-in-Illinois-Secondary-Agricultural-Education-Programs.pdf,2009,2005-2009,Route_A_Modern,success,success,success,success,1,1,1,1
jae_f9bc00291a3e,2009_Describing-the-Cognitive-Level-of-Professor-Discourse-and-Student-Cognition-in-College-of-Agriculture-Class-Sessions.pdf,2009,2005-2009,Route_A_Modern,success,success,success,success,1,1,1,1
jae_5ac8922f55a2,2009_Does-a-Math-Enhanced-Curriculum-and-Instructional-Approach-Diminish-Students-Attainment-of-Technical-Skills-A-Year-Long-Experimental-Study-in-Agricultural-Power-and-Technology.pdf,2009,2005-2009,Route_A_Modern,success,success,success,success,1,1,1,1
jae_11780185ff2c,2009_Educational-Excellence-Connecting-the-Right-Dots.pdf,2009,2005-2009,Route_A_Modern,success,success,success,success,1,1,1,1
jae_9d97d126c25b,2009_Effect-of-Enrollment-in-Agriscience-on-Students-Performance-in-Science-on-the-High-School-Graduation-Test.pdf,2009,2005-2009,Route_A_Modern,success,success,success,success,1,1,1,1
jae_474c1f606472,2009_Employers-Perceptions-of-Recent-Agricultural-Communications-Graduates-Workplace-Habits-and-Communication-Skills.pdf,2009,2005-2009,Route_A_Modern,success,success,success,success,1,1,1,1
jae_78cce022d152,2009_Engaging-Hispanic-Students-in-Agricultural-Education-and-the-FFA-A-Three-Year-Case-Study.pdf,2009,2005-2009,Route_A_Modern,success,success,success,success,1,1,1,1
jae_102f988489ab,2009_Evaluation-of-Agricultural-Professionals-Perceptions-and-Knowledge-on-Sustainable-Agriculture-A-Useful-Step-in-the-Development-of-an-Online-Extension-Program.pdf,2009,2005-2009,Route_A_Modern,success,success,success,success,1,1,1,1
jae_670bf548a1b1,2009_Examining-Differences-in-Middle-School-Student-Achievement-on-a-Criterion-Referenced-Competency-Test-CRCT-in-Science.pdf,2009,2005-2009,Route_A_Modern,success,success,success,success,1,1,1,1
jae_710683a30948,2009_Examining-iPod-Use-by-Texas-Agricultural-Science-and-Technology-Teachers.pdf,2009,2005-2009,Route_A_Modern,success,success,success,success,1,1,1,1
jae_27b4ae98c78c,2009_Exploring-Principals-Perceptions-of-Supervised-Agricultural-Experience.pdf,2009,2005-2009,Route_A_Modern,success,success,success,success,1,1,1,1
jae_6132609c00e5,2009_Identifying-Quality-Indicators-of-SAE-and-FFA-A-Delphi-Approach.pdf,2009,2005-2009,Route_A_Modern,success,success,success,success,1,1,1,1
jae_45e321cfbe38,2009_Integrating-Academics-into-Agriculture-Programs-A-Delphi-Study-to-Determine-Perceptions-of-the-National-Agriscience-Teacher-Ambassador-Academy-Participants.pdf,2009,2005-2009,Route_A_Modern,success,success,success,success,1,1,1,1
jae_02d2b6f280bd,2009_Issues-Facing-Urban-Agriscience-Teachers-A-Delphi-Study.pdf,2009,2005-2009,Route_A_Modern,success,success,success,success,1,1,1,1
jae_f832521ad4a4,2009_Job-Related-Stress-Among-Secondary-Agricultural-Education-Teachers-A-Comparison-Study.pdf,2009,2005-2009,Route_A_Modern,success,success,success,success,1,1,1,1
jae_21ebf007093c,2009_Perceptions-of-the-National-Agriscience-Teacher-Ambasssador-Academy-Toward-Integrating-Science-Into-School-Based-Agricultural-Education-Curriculum.pdf,2009,2005-2009,Route_A_Modern,success,success,success,success,1,1,1,1
jae_ce518e33095f,2009_Predicting-Agricultural-Education-Student-Teachers-Intention-to-Enter-Teaching.pdf,2009,2005-2009,Route_A_Modern,success,success,success,success,1,1,1,1
jae_6ff13adcdaee,2009_Relationships-Between-Special-Education-Confidence-Knowledge-and-Selected-Demographics-for-Agricultural-Education-Student-Teachers.pdf,2009,2005-2009,Route_A_Modern,success,success,success,success,1,1,1,1
jae_cce3695b7979,2009_Scientific-Inquiry-in-Agricultural-Education-Teacher-Preparation-A-Look-at-Teacher-Educators-Perceptions.pdf,2009,2005-2009,Route_A_Modern,success,success,success,success,1,1,1,1
jae_bb13300e1068,2009_Secondary-Agricultural-Science-as-Content-and-Context-for-Teaching.pdf,2009,2005-2009,Route_A_Modern,success,success,success,success,1,1,1,1
jae_43a50a45a62d,2009_Selected-Effects-of-a-Curriculum-Integration-Intervention-on-the-Mathematics-Performance-of-Secondary-Students-Enrolled-in-an-Agricultural-Power-and-Technology-Course-An-Experimental-Study.pdf,2009,2005-2009,Route_A_Modern,success,success,success,success,1,1,1,1
jae_a4bdab9468a7,2009_Structured-Communication-Effects-on-Teaching-Efficacy-of-Student-Teachers.pdf,2009,2005-2009,Route_A_Modern,success,success,success,success,1,1,1,1
jae_3a39686a0935,2009_Summer-Enrichment-Programs-Providing-Agricultural-Literacy-and-Career-Exploration-to-Gifted-and-Talented-Students.pdf,2009,2005-2009,Route_A_Modern,success,success,success,success,1,1,1,1
jae_ea8ff77e4ad9,2009_The-Current-Status-of-Classroom-Inclusion-Activities-of-Secondary-Agriculture-Teachers.pdf,2009,2005-2009,Route_A_Modern,success,success,success,success,1,1,1,1
jae_1ad0f8ccee94,2009_The-Effect-of-an-Integrated-Course-Cluster-Learning-Community-on-the-Oral-and-Written-Communication-Skills-and-Technical-Content-Knowledge-of-Upper-Level-College-of-Agriculture-Students.pdf,2009,2005-2009,Route_A_Modern,success,success,success,success,1,1,1,1
jae_b0b57793575f,2009_The-Problem-of-Agricultural-and-Industrial-Education-for-African-Americans-A-Historical-Inquiry.pdf,2009,2005-2009,Route_A_Modern,success,success,success,success,1,1,1,1
jae_cb04d2911ebd,2009_The-Process-of-Supervision-with-Student-Teacher-Choice-A-Qualitative-Study.pdf,2009,2005-2009,Route_A_Modern,success,success,success,success,1,1,1,1
jae_7af0a64dd615,2009_Transformational-Leadership-Research-in-Agricultural-Education-A-Synthesis-of-the-Literature.pdf,2009,2005-2009,Route_A_Modern,success,success,success,success,1,1,1,1
jae_d5deccbe17c8,2009_When-Leadership-Counts-Engaging-Youth-Through-the-Washington-Leadership-Conference.pdf,2009,2005-2009,Route_A_Modern,success,success,success,success,1,1,1,1
jae_04f7d808ffea,2009_Winning-the-War-A-Historical-Analysis-of-the-FFA-During-World-War-II.pdf,2009,2005-2009,Route_A_Modern,success,success,success,success,1,1,1,1
jae_015a4587e12e,2009_Youth-Leadership-Development-Perceptions-and-Preferences-of-Urban-Students-Enrolled-in-a-Comprehensive-Agriculture-Program.pdf,2009,2005-2009,Route_A_Modern,success,success,success,success,1,1,1,1
jae_78afdeb0b631,2010_A-Comparison-of-First-and-Fifth-Year-Agriculture-Teachers-on-Personal-Teaching-Efficacy-General-Teaching-Efficacy-and-Content-Efficacy.pdf,2010,2010-2014,Route_A_Modern,success,success,success,success,1,1,1,1
jae_5c3e4102a96a,2010_Agricultural-Science-Graduate-Student-Education-and-Public-Scholarship.pdf,2010,2010-2014,Route_A_Modern,success,success,success,success,1,1,1,1
jae_2ac80becbd6f,2010_Agriculture-Teacher-Perceptions-of-Preparation-to-Integrate-Science-and-Their-Current-Use-of-Inquiry-Based-Learning.pdf,2010,2010-2014,Route_A_Modern,success,success,success,success,1,1,1,1
jae_d42463b1d727,2010_Agriscience-Student-Engagement-in-Scientific-Inquiry-Representations-of-Scientific-Processes-and-Nature-of-Science.pdf,2010,2010-2014,Route_A_Modern,success,success,success,success,1,1,1,1
jae_f514c05fe46a,2010_An-Examination-of-Life-Skill-Development-by-Louisiana-4-H-Club-Officers.pdf,2010,2010-2014,Route_A_Modern,success,success,success,success,1,1,1,1
jae_2081c96f4087,2010_An-Investigation-of-Missouri-Secondary-Agriculture-Teachers-Perceptions-of-Interorganizational-Cooperative-Behavior.pdf,2010,2010-2014,Route_A_Modern,success,success,success,success,1,1,1,1
jae_1969922a9943,2010_Beyond-Mere-Enrollment-Level-of-Youth-Organization-Participation-as-a-Predictor-of-Collegiate-Academic-Success-and-Retention.pdf,2010,2010-2014,Route_A_Modern,success,success,success,success,1,1,1,1
jae_b2511657d2d6,2010_Career-Influences-of-Agricultural-Extension-Agents.pdf,2010,2010-2014,Route_A_Modern,success,success,success,success,1,1,1,1
jae_42633e1f5884,2010_Characteristics-of-Beginning-Agriculture-Teachers-and-Their-Commitment-to-Teaching.pdf,2010,2010-2014,Route_A_Modern,success,success,success,success,1,1,1,1
jae_c71d70155f71,2010_Creating-a-Culture-that-Fosters-Disciplinary-Literacy-in-Agricultural-Sciences.pdf,2010,2010-2014,Route_A_Modern,success,success,success,success,1,1,1,1
jae_ddb0d0f02808,2010_Creative-and-Effective-Teaching-Behaviors-of-University-Instructors-as-Perceived-by-Students.pdf,2010,2010-2014,Route_A_Modern,success,success,success,success,1,1,1,1
jae_2076967a124f,2010_Defining-Agricultural-Education-Instructional-Quality.pdf,2010,2010-2014,Route_A_Modern,success,success,success,success,1,1,1,1
jae_f1542bb7b67c,2010_Developing-an-Instrument-to-Measure-the-Utilization-of-Principles-of-Teaching-and-Learning-During-Class-Sessions-.pdf,2010,2010-2014,Route_A_Modern,success,success,success,success,1,1,1,1
jae_5426678150a7,2010_Does-Prior-College-Credit-Matter-A-Longitudinal-Investigation-of-Academic-Success-Retention-and-Degree-Completion.pdf,2010,2010-2014,Route_A_Modern,success,success,success,success,1,1,1,1
jae_b73c81e1d362,2010_Early-Career-Agriculture-Teachers-Efficacy-Toward-Teaching-Students-with-Special-Needs.pdf,2010,2010-2014,Route_A_Modern,success,success,success,success,1,1,1,1
jae_bbc493496f8f,2010_Economic-Impact-of-Supervised-Agricultural-Experiences-Returns-from-SAE-Investment-Costs-in-Texas-2007-2008.pdf,2010,2010-2014,Route_A_Modern,success,success,success,success,1,1,1,1
jae_ae31ccabffc7,2010_Eugene-Davenport-s-Education-for-Efficiency.pdf,2010,2010-2014,Route_A_Modern,success,success,success,success,1,1,1,1
jae_9305c1f470cd,2010_Exploring-Interaction-between-Student-Teachers-During-the-Student-Teaching-Experience.pdf,2010,2010-2014,Route_A_Modern,success,success,success,success,1,1,1,1
jae_6a4ef8e6bdfe,2010_Factors-Influencing-Relational-Satisfaction-Within-An-Agricultural-Education-Mentoring-Program.pdf,2010,2010-2014,Route_A_Modern,success,success,success,success,1,1,1,1
jae_8867aa18259d,2010_Food-Safety-Inservice-Educational-Needs-of-Agriculture-Teachers.pdf,2010,2010-2014,Route_A_Modern,success,success,success,success,1,1,1,1
jae_4bdb8d901253,2010_How-Oklahoma-State-University-Students-Spent-their-Time-Student-Teaching-in-Agricultural-Education-A-Fall-versus-Spring-Semester-Comparison-with-Implications-for-Teacher-Education.pdf,2010,2010-2014,Route_A_Modern,success,success,success,success,1,1,1,1
jae_9ddb7c75ca3d,2010_Identifying-Confidence-Levels-and-Instructional-Strategies-of-High-School-Agricultural-Education-Teachers-When-Working-with-Students-with-Special-Needs.pdf,2010,2010-2014,Route_A_Modern,success,success,success,success,1,1,1,1
jae_b2016001bf15,2010_Implementation-of-Supervised-Agricultural-Experience-Programs-The-agriculture-teachers-perspective.pdf,2010,2010-2014,Route_A_Modern,success,success,success,success,1,1,1,1
jae_e9b76266c1ff,2010_Influences-on-Agricultural-Agents-Decisions-to-Remain-in-an-Extension-Career.pdf,2010,2010-2014,Route_A_Modern,success,success,success,success,1,1,1,1
jae_cdd27d115372,2010_Inservice-Needs-of-Utah-Agriculture-Teachers.pdf,2010,2010-2014,Route_A_Modern,success,success,success,success,1,1,1,1
jae_af8a24919323,2010_Integrating-Agricultural-Entrepreneurship-into-High-School-Agriculture-Curriculum.pdf,2010,2010-2014,Route_A_Modern,success,success,success,success,1,1,1,1
jae_c35970b9d655,2010_Is-Extension-Still-Reaching-Stakeholders-An-Assessment-of-Minor-Crop-Producers-Educational-Needs-and-Use-of-Cooperative-Extension-Services.pdf,2010,2010-2014,Route_A_Modern,success,success,success,success,1,1,1,1
jae_fec1bfeb6c0d,2010_Leadership-Courses-Required-in-Agricultural-Teacher-Education-Programs.pdf,2010,2010-2014,Route_A_Modern,success,success,success,success,1,1,1,1
jae_6496b0ff9eca,2010_Learning-Disabled-Student-Needs-Met-Through-Curriculum-Redesign-of-the-Illinois-Agricultural-Education-Core-Curriculum.pdf,2010,2010-2014,Route_A_Modern,success,success,success,success,1,1,1,1
jae_a34c934d4f39,2010_Likelihood-of-Students-in-the-Formal-Education-System-in-Trinidad-to-Pursue-Agriculture-as-a-Profession-and-the-Implications-for-Development.pdf,2010,2010-2014,Route_A_Modern,success,success,success,success,1,1,1,1
jae_a212af41152d,2010_Perceptions-of-Agricultural-Education-Instructors-of-the-Relationship-of-Shooting-Sports-in-Agricultural-Education.pdf,2010,2010-2014,Route_A_Modern,success,success,success,success,1,1,1,1
jae_1a3449c4d914,2010_Perceptions-of-Agriculture-Teachers-toward-Including-Students-with-Disabilities.pdf,2010,2010-2014,Route_A_Modern,success,success,success,success,1,1,1,1
jae_10676001e3be,2010_Perceptions-of-Preservice-Teachers-Toward-Integrating-Science-Into-School-Based-Agricultural-Education-Curriculum.pdf,2010,2010-2014,Route_A_Modern,success,success,success,success,1,1,1,1
jae_a9546906d860,2010_Pioneers-in-an-Emerging-Field-Who-Were-the-Early-Agricultural-Educators-.pdf,2010,2010-2014,Route_A_Modern,success,success,success,success,1,1,1,1
jae_a3b26c928a47,2010_Preparing-Future-Secondary-Agricultural-Education-Teachers-To-Work-With-Students-With-Learning-Disabilities-Reports-from-Teacher-Educators.pdf,2010,2010-2014,Route_A_Modern,success,success,success,success,1,1,1,1
jae_416cd5104a7c,2010_Preparing-for-Conducting-and-Evaluating-Workshops-for-Agricultural-Technical-School-Instructors-in-Egypt.pdf,2010,2010-2014,Route_A_Modern,success,success,success,success,1,1,1,1
jae_3211d8ca85c9,2010_Program-Needs-of-Middle-School-Agricultural-Education-Teachers-A-Delphi-Study.pdf,2010,2010-2014,Route_A_Modern,success,success,success,success,1,1,1,1
jae_0986b86f5743,2010_Recounting-the-Legacy-The-History-and-Use-of-FFA-Camps-for-Leadership-and-Recreation.pdf,2010,2010-2014,Route_A_Modern,success,success,success,success,1,1,1,1
jae_4ba731c6d3c1,2010_Teaching-Partnerships-The-Use-of-Peer-Facilitators-in-the-College-Classroom.pdf,2010,2010-2014,Route_A_Modern,success,success,success,success,1,1,1,1
jae_c4df23f3addd,2010_The-Application-of-Supervisory-Options-for-Instructional-Leaders-Framework-Within-the-Fields-of-Agriculture-Science-Math-and-English-Education.pdf,2010,2010-2014,Route_A_Modern,success,success,success,success,1,1,1,1
jae_8a007635d24d,2010_The-Conceptualization-and-Investment-of-Leadership-Development-by-Department-Heads-in-Colleges-of-Agriculture-at-Land-Grant-Universities.pdf,2010,2010-2014,Route_A_Modern,success,success,success,success,1,1,1,1
jae_c9e7c74f9bd1,2010_The-Effect-of-Using-Vee-Maps-Versus-Standard-Laboratory-Reports-on-Achieving-Student-Content-Knowledge.pdf,2010,2010-2014,Route_A_Modern,success,success,success,success,1,1,1,1
jae_dd1870cdac40,2010_The-Effectiveness-of-Women-s-Agricultural-Education-Programs-A-Survey-from-Annie-s-Project.pdf,2010,2010-2014,Route_A_Modern,success,success,success,success,1,1,1,1
jae_26ba458790f7,2010_The-Relationship-Between-Teacher-Self-Efficacy-and-the-Professional-Development-Experiences-of-Agricultural-Education-Teachers-Candidates.pdf,2010,2010-2014,Route_A_Modern,success,success,success,success,1,1,1,1
jae_456494e8c317,2010_Toward-an-Intellectual-Common-for-Agricultural-Education.pdf,2010,2010-2014,Route_A_Modern,success,success,success,success,1,1,1,1
jae_6f86a913d8da,2010_Towards-a-Competency-based-Extension-Education-Curriculum-A-Delphi-Study.pdf,2010,2010-2014,Route_A_Modern,success,success,success,success,1,1,1,1
jae_4fff2eb5e8c4,2010_Usability-Evaluation-of-an-Online-Media-Resource-Guide.pdf,2010,2010-2014,Route_A_Modern,success,success,success,success,1,1,1,1
jae_9042d15b1213,2010_Using-Case-Scenarios-to-Determine-the-Perceptions-of-Secondary-Agriculture-Teachers-and-4-H-Youth-Development-Personnel-Regarding-Interorganizational-Cooperation.pdf,2010,2010-2014,Route_A_Modern,success,success,success,success,1,1,1,1
jae_755f59caa080,2010_What-is-Scholarship-Faculty-Knowledge-and-Perceptions-of-the-Scholarship-of-Teaching-and-Learning-.pdf,2010,2010-2014,Route_A_Modern,success,success,success,success,1,1,1,1
jae_5e9af399c04f,2011_52.2.15.pdf,2011,2010-2014,Route_A_Modern,success,success,success,success,1,1,1,1
jae_a59264e10e5b,2011_52.3.6.pdf,2011,2010-2014,Route_A_Modern,success,success,success,success,1,1,1,1
jae_13d25a119df6,2011_52.3.7.pdf,2011,2010-2014,Route_A_Modern,success,success,success,success,1,1,1,1
jae_ae63158fcef9,2011_52.3.8.pdf,2011,2010-2014,Route_A_Modern,success,success,success,success,1,1,1,1
jae_c173707dcebb,2011_A-Descriptive-Interpretive-Analysis-of-Students-Oral-Verbalization-During-the-Use-of-Think-Aloud-Pair-Problem-Solving-While-Troubleshooting.pdf,2011,2010-2014,Route_A_Modern,success,success,success,success,1,1,1,1
jae_04644ed6b775,2011_A-Longitudinal-Study-to-Determine-if-Wiki-Work-Builds-Community-among-Agricultural-Adult-Education-Students.pdf,2011,2010-2014,Route_A_Modern,success,success,success,success,1,1,1,1
jae_73f082cb0b34,2011_A-Needs-Assessment-to-Determine-Knowledge-and-Ability-of-Egyptian-Agricultural-Technical-School-Teachers-Related-to-Supervised-Agricultural-Experience.pdf,2011,2010-2014,Route_A_Modern,success,success,success,success,1,1,1,1
jae_9c5f1ec63d23,2011_A-Qualitative-Study-of-Agricultural-Literacy-in-Urban-Youth-Understanding-for-Democratic-Participation-in-Renewing-the-Agri-food-System.pdf,2011,2010-2014,Route_A_Modern,success,success,success,success,1,1,1,1
jae_73ae93f1a805,2011_A-Qualitative-Study-of-Agricultural-Literacy-in-Urban-Youth-What-Do-Elementary-Students-Understand-about-the-Agri-food-System-.pdf,2011,2010-2014,Route_A_Modern,success,success,success,success,1,1,1,1
jae_10fe7675049b,2011_Agricultural-Education-Teacher-Leaders-Development-of-Ownership-and-Responsibility-for-the-Profession-through-Participation-in-Continuing-Professional-Education-Program-Planning-A-Case-Study.pdf,2011,2010-2014,Route_A_Modern,success,success,success,success,1,1,1,1
jae_574ca0ecf8f2,2011_Agriscience-Teachers-Concern-Profiles-for-Content-Area-Reading-Strategies.pdf,2011,2010-2014,Route_A_Modern,success,success,success,success,1,1,1,1
jae_385f670306bd,2011_An-Analysis-of-National-Agriscience-Teacher-Ambassadors-Stages-of-Concern-Regarding-Inquiry-Based-Instruction.pdf,2011,2010-2014,Route_A_Modern,success,success,success,success,1,1,1,1
jae_d4dd2a45e644,2011_An-Evaluation-of-Successful-Collaboration-Among-Agricultural-Science-Teachers-and-Extension-Agents-in-Texas.pdf,2011,2010-2014,Route_A_Modern,success,success,success,success,1,1,1,1
jae_bdc04531a080,2011_An-Exploration-of-Reflection-Expression-of-Learning-Style-in-an-International-Experiential-Learning-Context.pdf,2011,2010-2014,Route_A_Modern,success,success,success,success,1,1,1,1
jae_bcbfddc655df,2011_An-Organizational-Approach-to-Understanding-Evaluation-in-Extension.pdf,2011,2010-2014,Route_A_Modern,success,success,success,success,1,1,1,1
jae_e6f33866bfd8,2011_Assessing-Agricultural-Literacy-Elements-of-Project-Food-Land-and-People-in-K-5-Using-the-Food-and-Fiber-Systems-Literacy-Standards.pdf,2011,2010-2014,Route_A_Modern,success,success,success,success,1,1,1,1
jae_3fe8d554046c,2011_Assessing-the-Animal-Science-Technical-Skills-Needed-by-Secondary-Agricultural-Education-Graduates-for-Employment-in-the-Animal-Industries-A-Modified-Delphi-Study.pdf,2011,2010-2014,Route_A_Modern,success,success,success,success,1,1,1,1
jae_ed7e5f0d8960,2011_Assessing-the-Learning-Needs-of-Student-Teachers-in-Texas-Regarding-Management-of-the-Agricultural-Mechanics-Laboratory-Implications-for-the-Professional-Development-of-Early-Career-Teachers-in-Agricultural-Education.pdf,2011,2010-2014,Route_A_Modern,success,success,success,success,1,1,1,1
jae_88173b6b288c,2011_Assessment-of-Egyptian-Agricultural-Technical-School-Instructors-Ability-to-Implement-Experiential-Learning-Activities.pdf,2011,2010-2014,Route_A_Modern,success,success,success,success,1,1,1,1
jae_25b31062fa6f,2011_Changes-in-Teacher-Self-Efficacy-from-the-Student-Teaching-Experience-through-the-Third-Year-of-Teaching.pdf,2011,2010-2014,Route_A_Modern,success,success,success,success,1,1,1,1
jae_70c12d7071d2,2011_Characteristics-of-Distinguished-Programs-of-Agricultural-Education.pdf,2011,2010-2014,Route_A_Modern,success,success,success,success,1,1,1,1
jae_d46d46f71468,2011_Considering-Professional-Identity-to-Enhance-Agriculture-Teacher-Development.pdf,2011,2010-2014,Route_A_Modern,success,success,success,success,1,1,1,1
jae_b15c1e0aaa12,2011_Cultivating-Change-Through-Peer-Teaching.pdf,2011,2010-2014,Route_A_Modern,success,success,success,success,1,1,1,1
jae_7b4c386e946b,2011_Determinants-of-Pre-Service-Students-Choice-to-Teach-Secondary-Agricultural-Education.pdf,2011,2010-2014,Route_A_Modern,success,success,success,success,1,1,1,1
jae_4ba3b6192c3e,2011_Developing-a-Paradigm-Model-of-Youth-Leadership-Development-and-Community-Engagement-A-Grounded-Theory.pdf,2011,2010-2014,Route_A_Modern,success,success,success,success,1,1,1,1
jae_0607f1649751,2011_Effects-of-Inquiry-based-Agriscience-Instruction-on-Student-Achievement.pdf,2011,2010-2014,Route_A_Modern,success,success,success,success,1,1,1,1
jae_3e86078ab02d,2011_Effects-of-Regulatory-Self-Questioning-on-Secondary-Level-Students-Problem-Solving-Performance.pdf,2011,2010-2014,Route_A_Modern,success,success,success,success,1,1,1,1
jae_acdaa62c8c8f,2011_Effects-of-Think-Aloud-Pair-Problem-Solving-on-Secondary-Level-Students-Performance-in-Career-and-Technical-Education-Courses.pdf,2011,2010-2014,Route_A_Modern,success,success,success,success,1,1,1,1
jae_52a7d1e3bd7e,2011_Effects-of-a-Recruitment-Workshop-on-Selected-Urban-High-School-Students-Self-efficacy-and-Attitudes-toward-Agriculture-as-a-Subject-College-Major-and-Career.pdf,2011,2010-2014,Route_A_Modern,success,success,success,success,1,1,1,1
jae_39fe58dc86c9,2011_Enhancing-the-Quality-of-Manuscripts-Submitted-to-the-Journal-of-Agricultural-Education-Perceptions-of-Experienced-Reviewers.pdf,2011,2010-2014,Route_A_Modern,success,success,success,success,1,1,1,1
jae_d7de3f70e124,2011_Entry-level-Technical-Skills-that-Agricultural-Industry-Experts-Expected-Students-to-Learn-through-Their-Supervised-Agricultural-Experiences-A-Modified-Delphi-Study.pdf,2011,2010-2014,Route_A_Modern,success,success,success,success,1,1,1,1
jae_6a10919ae13f,2011_Evaluating-the-Influences-on-Extension-Professionals-Engagement-in-Leadership-Roles.pdf,2011,2010-2014,Route_A_Modern,success,success,success,success,1,1,1,1
jae_9f030af08894,2011_Exploring-Relationships-Between-Teaching-Efficacy-and-Student-Teacher-Cooperating-Teacher-Relationships.pdf,2011,2010-2014,Route_A_Modern,success,success,success,success,1,1,1,1
jae_8c20f1532fff,2011_Getting-to-the-Bottom-Line-How-Using-Evaluation-Results-to-Enhance-Extension-Programs-can-Lead-to-Greater-Levels-of-Accountability.pdf,2011,2010-2014,Route_A_Modern,success,success,success,success,1,1,1,1
jae_8c327d49bb38,2011_Greenhouse-Facility-Management-Experts-Identification-of-Competencies-and-Teaching-Methods-to-Support-Secondary-Agricultural-Education-Instructors-A-Modified-Delphi-Study.pdf,2011,2010-2014,Route_A_Modern,success,success,success,success,1,1,1,1
jae_3513d37e7064,2011_Impact-of-Gender-Ethnicity-Year-in-School-Social-Economic-Status-and-State-Standardized-Assessment-Scores-on-Student-Content-Knowledge-Achievement-When-Using-Vee-Maps-as-a-Formative-Assessment-Tool.pdf,2011,2010-2014,Route_A_Modern,success,success,success,success,1,1,1,1
jae_7ca65c55b097,2011_Impacts-of-American-Agricultural-Education-Student-Teachers-on-Eleven-Community-Members-in-A-New-South-Wales-Australia-Community-A-Qualitative-Study.pdf,2011,2010-2014,Route_A_Modern,success,success,success,success,1,1,1,1
jae_abedcc516e03,2011_Influence-of-Selected-Personal-Characteristics-on-Florida-Master-Gardener-s-Instructional-Efficacy.pdf,2011,2010-2014,Route_A_Modern,success,success,success,success,1,1,1,1
jae_82f7363f98e8,2011_Inquiry-Based-Instruction-for-Students-with-Special-Needs-in-School-Based-Agricultural-Education.pdf,2011,2010-2014,Route_A_Modern,success,success,success,success,1,1,1,1
jae_f203cf3e17bc,2011_Inquiry-based-Instruction-How-is-it-Utilized-Accepted-and-Assessed-in-Schools-with-National-Agriscience-Teacher-Ambassadors-.pdf,2011,2010-2014,Route_A_Modern,success,success,success,success,1,1,1,1
jae_9873ed2f3f72,2011_Interactions-Among-Instructional-Efficacy-Motivational-Orientations-and-Adult-Characteristics-on-Master-Gardener-Tenure.pdf,2011,2010-2014,Route_A_Modern,success,success,success,success,1,1,1,1
jae_6c43212eeec3,2011_Just-How-Much-Can-School-Pupils-Learn-from-School-Gardening-A-Study-of-Two-Supervised-Agricultural-Experience-Approaches-in-Uganda.pdf,2011,2010-2014,Route_A_Modern,success,success,success,success,1,1,1,1
jae_b7e860d8880c,2011_Organizational-Climate-of-the-American-Association-for-Agricultural-Education.pdf,2011,2010-2014,Route_A_Modern,success,success,success,success,1,1,1,1
jae_dd3215e47f6e,2011_Outcomes-of-Integrated-Agriscience-Processes-A-Synthesis-of-Research.pdf,2011,2010-2014,Route_A_Modern,success,success,success,success,1,1,1,1
jae_3336a1d5bf49,2011_Perceptions-and-Barriers-of-Four-Female-Agricultural-Educators-Across-Generations-A-Qualitative-Study.pdf,2011,2010-2014,Route_A_Modern,success,success,success,success,1,1,1,1
jae_d45f4b261b22,2011_Predictors-of-Job-Satisfaction-Among-Selected-Agriculture-Faculty.pdf,2011,2010-2014,Route_A_Modern,success,success,success,success,1,1,1,1
jae_4ac4893e686b,2011_Purposes-Activities-and-Documentation-of-Early-Field-Experience-in-Agricultural-Teacher-Education-A-National-Delphi-Study.pdf,2011,2010-2014,Route_A_Modern,success,success,success,success,1,1,1,1
jae_0e9614e83bf8,2011_Reporting-and-Interpreting-Effect-Size-in-Quantitative-Agricultural-Education-Research.pdf,2011,2010-2014,Route_A_Modern,success,success,success,success,1,1,1,1
jae_bde164677a48,2011_Taking-Agricultural-Education-to-The-Next-Level.pdf,2011,2010-2014,Route_A_Modern,success,success,success,success,1,1,1,1
jae_10d912cb57c8,2011_Teaching-Effectively-Award-Winning-Faculty-Share-Their-Views.pdf,2011,2010-2014,Route_A_Modern,success,success,success,success,1,1,1,1
jae_fccc4073129c,2011_The-Agricultural-Teacher-s-Struggle-for-Balance-Between-Career-and-Family.pdf,2011,2010-2014,Route_A_Modern,success,success,success,success,1,1,1,1
jae_ff316a554c38,2011_The-Benefits-and-Barriers-Toward-Diversity-Inclusion-Regarding-Agricultural-Science-Teachers-in-Texas-Secondary-Agricultural-Education-Programs.pdf,2011,2010-2014,Route_A_Modern,success,success,success,success,1,1,1,1
jae_b3ba4a7722e0,2011_The-Effect-of-an-Interest-Approach-on-Knowledge-Attitudes-and-Engagement-of-High-School-Agricultural-Science-Students.pdf,2011,2010-2014,Route_A_Modern,success,success,success,success,1,1,1,1
jae_8e0a6fdfc4f3,2011_The-Influence-of-Self-Esteem-and-Selected-Demographic-Characteristics-on-First-Semester-Academic-Achievement-of-Students-Enrolled-in-a-College-of-Agriculture.pdf,2011,2010-2014,Route_A_Modern,success,success,success,success,1,1,1,1
jae_55d05ed009ea,2011_The-Relationship-Between-Experience-and-Self-Perceptions-of-Knowledge-and-Relevance-of-Teaching-Competencies-of-Faculty-in-a-College-of-Agricultural-and-Life-Sciences.pdf,2011,2010-2014,Route_A_Modern,success,success,success,success,1,1,1,1
jae_97e33aaa207e,2011_Undergraduate-Research-in-Agriculture-Constructivism-and-the-Scholarship-of-Discovery.pdf,2011,2010-2014,Route_A_Modern,success,success,success,success,1,1,1,1
jae_f8b32fae2d19,2011_Understanding-the-Value-of-Volunteer-Involvement.pdf,2011,2010-2014,Route_A_Modern,success,success,success,success,1,1,1,1
jae_eb35d78a479a,2011_Utilizing-Natural-Cognitive-Tendencies-to-Enhance-Agricultural-Education-Programs.pdf,2011,2010-2014,Route_A_Modern,success,success,success,success,1,1,1,1
jae_8e0594bc0f44,2011_Value-and-Expectations-of-Supervised-Agricultural-Experiences-as-Expressed-by-Agriculture-Instructors-in-Oklahoma-Who-were-Alternatively-Certified.pdf,2011,2010-2014,Route_A_Modern,success,success,success,success,1,1,1,1
jae_65789885e29a,10.5032_jae.2012.04187.pdf,2012,2010-2014,Route_A_Modern,success,success,success,success,1,1,1,1
jae_771c3be3b9e7,2012_53.1.7.pdf,2012,2010-2014,Route_A_Modern,success,success,success,success,1,1,1,1
jae_4a99264d6efe,2012_53.1.8.pdf,2012,2010-2014,Route_A_Modern,success,success,success,success,1,1,1,1
jae_976638435491,2012_53.4.13.pdf,2012,2010-2014,Route_A_Modern,success,success,success,success,1,1,1,1
jae_c9cd597e7930,2012_53.4.14.pdf,2012,2010-2014,Route_A_Modern,success,success,success,success,1,1,1,1
jae_e3de0144ed54,2012_A-Content-Analysis-of-Teaching-Philosophy-Statements-of-Award-Winning-Colleges-of-Agriculture-Professors.pdf,2012,2010-2014,Route_A_Modern,success,success,success,success,1,1,1,1
jae_a01625c10af5,2012_A-Delphi-Approach-to-the-Preparation-of-Early-Career-Agricultural-Educators-in-the-Curriculum-Area-of-Agricultural-Mechanics-Fully-Qualified-and-Highly-Motivated-or-Status-Quo-.pdf,2012,2010-2014,Route_A_Modern,success,success,success,success,1,1,1,1
jae_7027d617a826,2012_A-Multi-State-Factor-Analytic-and-Psychometric-Meta-Analysis-of-Agricultural-Mechanics-Laboratory-Management-Competencies.pdf,2012,2010-2014,Route_A_Modern,success,success,success,success,1,1,1,1
jae_5871b7b6716f,2012_A-Tribute-to-My-Ag-Teacher-2011-AAAE-Distinguished-Lecture.pdf,2012,2010-2014,Route_A_Modern,success,success,success,success,1,1,1,1
jae_8309c3b2bbbc,2012_Adjusting-the-Passing-Scores-for-Gearing-Up-for-Safety-Production-Agriculture-Safety-Training-for-Youth-Curriculum-Test-Instruments.pdf,2012,2010-2014,Route_A_Modern,success,success,success,success,1,1,1,1
jae_09f3e46ff62c,2012_Agricultural-Education-Early-Field-Experience-Through-the-Lens-of-the-EFE-Model.pdf,2012,2010-2014,Route_A_Modern,success,success,success,success,1,1,1,1
jae_07535314233f,2012_Aligning-Kolb-s-Experiential-Learning-Theory-with-a-Comprehensive-Agricultural-Education-Model.pdf,2012,2010-2014,Route_A_Modern,success,success,success,success,1,1,1,1
jae_75ff775c851e,2012_An-Analysis-of-Post-Secondary-Agricultural-Education-Students-Choice-to-Teach.pdf,2012,2010-2014,Route_A_Modern,success,success,success,success,1,1,1,1
jae_1ea22d55b86f,2012_An-Assessment-of-Students-Perceptions-Toward-Factors-Influencing-Supervised-Agricultural-Experience-Participation.pdf,2012,2010-2014,Route_A_Modern,success,success,success,success,1,1,1,1
jae_15cd1022e36a,2012_An-Exploration-of-Graduate-Student-Satisfaction-with-Advising-in-Departments-of-Agricultural-Education-Leadership-Communications-and-Extension.pdf,2012,2010-2014,Route_A_Modern,success,success,success,success,1,1,1,1
jae_6f11fe5d9765,2012_Assessing-the-Effect-of-Using-a-Science-Enhanced-Curriculum-to-Improve-Agriculture-Students-Science-Scores-A-Causal-Comparative-Study.pdf,2012,2010-2014,Route_A_Modern,success,success,success,success,1,1,1,1
jae_f794c98a2674,2012_Assessing-the-Teacher-Self-Efficacy-of-Agriculture-Instructors-and-Their-Early-Career-Employment-Status-A-Comparison-of-Certification-Types.pdf,2012,2010-2014,Route_A_Modern,success,success,success,success,1,1,1,1
jae_80e5a4beba9f,2012_Building-Rural-Communities-through-School-based-Agriculture-Programs.pdf,2012,2010-2014,Route_A_Modern,success,success,success,success,1,1,1,1
jae_7f202f548000,2012_Developing-an-Instrument-to-Examine-Master-Gardeners-Participation-Motives.pdf,2012,2010-2014,Route_A_Modern,success,success,success,success,1,1,1,1
jae_d75471582d05,2012_Effects-of-Inquiry-based-Agriscience-Instruction-and-Subject-Matter-based-Instruction-on-Student-Argumentation-Skills.pdf,2012,2010-2014,Route_A_Modern,success,success,success,success,1,1,1,1
jae_5855ff2e3d89,2012_Effects-of-Inquiry-based-Agriscience-Instruction-on-Student-Scientific-Reasoning.pdf,2012,2010-2014,Route_A_Modern,success,success,success,success,1,1,1,1
jae_a42c942a2c2d,2012_Entry-level-Technical-Skills-that-Teachers-Expected-Students-to-Learn-through-Supervised-Agricultural-Experiences-SAEs-A-Modified-Delphi-Study.pdf,2012,2010-2014,Route_A_Modern,success,success,success,success,1,1,1,1
jae_f69cfaf59ef8,2012_Evidence-for-Experiential-Learning-in-Undergraduate-Teaching-Farm-Courses.pdf,2012,2010-2014,Route_A_Modern,success,success,success,success,1,1,1,1
jae_278d2636c411,2012_Experiential-Learning-Using-Second-Life-R-A-Content-Analysis-of-Student-Reflective-Writing.pdf,2012,2010-2014,Route_A_Modern,success,success,success,success,1,1,1,1
jae_92a9b0cb75bf,2012_Factors-Influencing-or-Discouraging-Secondary-School-Students-FFA-Participation.pdf,2012,2010-2014,Route_A_Modern,success,success,success,success,1,1,1,1
jae_a6d782704450,2012_Florida-Preservice-Agricultural-Education-Teachers-Mathematics-Ability-and-Efficacy.pdf,2012,2010-2014,Route_A_Modern,success,success,success,success,1,1,1,1
jae_1035e62be5c3,2012_Identifying-Concerns-of-Preservice-and-In-service-Teachers-in-Agricultural-Education.pdf,2012,2010-2014,Route_A_Modern,success,success,success,success,1,1,1,1
jae_56905cb9e8be,2012_Incorporating-Learning-Objects-in-a-Curriculum-Redesign-to-Meet-Needs-of-Students-with-Specific-Learning-Disabilities-in-Illinois-Agricultural-Education-Programs.pdf,2012,2010-2014,Route_A_Modern,success,success,success,success,1,1,1,1
jae_fcee0ae22c6b,2012_Instructor-Verbal-and-Nonverbal-Immediacy-and-the-Relationship-with-Student-Self-efficacy-and-Task-Value-Motivation.pdf,2012,2010-2014,Route_A_Modern,success,success,success,success,1,1,1,1
jae_517941c1a1a7,2012_Investigating-Students-Satisfaction-with-eLearning-Courses-The-Effect-of-Learning-Environment-and-Social-Presence.pdf,2012,2010-2014,Route_A_Modern,success,success,success,success,1,1,1,1
jae_416ebdca583e,2012_Investigating-the-International-Awareness-of-Students-Meeting-Their-International-Dimension-Requirement-through-Course-Offerings-in-a-College-of-Agriculture.pdf,2012,2010-2014,Route_A_Modern,success,success,success,success,1,1,1,1
jae_fb71b4a08be3,2012_Measuring-the-Relationship-between-Agriculture-Teachers-Self-Efficacy-Outcome-Expectation-Interest-and-their-use-of-Interactive-Whiteboards.pdf,2012,2010-2014,Route_A_Modern,success,success,success,success,1,1,1,1
jae_a1381830479b,2012_Mentoring-Abilities-and-Beliefs-of-Ohio-Secondary-Agricultural-Education-Mentor-Teachers.pdf,2012,2010-2014,Route_A_Modern,success,success,success,success,1,1,1,1
jae_1bc859a75b97,2012_Perceptions-of-Florida-Secondary-School-Principals-toward-Agricultural-Education.pdf,2012,2010-2014,Route_A_Modern,success,success,success,success,1,1,1,1
jae_c5bbd71787f3,2012_Perceptions-of-North-Carolina-High-School-Agricultural-Educators-Regarding-Students-with-Special-Needs-Participating-in-Supervised-Agricultural-Experience-and-FFA-Activities.pdf,2012,2010-2014,Route_A_Modern,success,success,success,success,1,1,1,1
jae_b95ed5acdebe,2012_Perceptions-of-Teaching-Ability-During-the-Student-Teaching-Experience-in-Agricultural-Education.pdf,2012,2010-2014,Route_A_Modern,success,success,success,success,1,1,1,1
jae_8647e9dde75c,2012_Preservice-Agricultural-Education-Teachers-Mathematics-Ability.pdf,2012,2010-2014,Route_A_Modern,success,success,success,success,1,1,1,1
jae_7dba04a9f8ad,2012_Program-Evaluation-Competencies-of-Extension-Professionals-Implications-for-Continuing-Professional-Development.pdf,2012,2010-2014,Route_A_Modern,success,success,success,success,1,1,1,1
jae_7c26f52f9712,2012_Scientific-Basis-vs-Contextualized-Teaching-and-Learning-The-Effect-on-the-Achievement-of-Postsecondary-Students.pdf,2012,2010-2014,Route_A_Modern,success,success,success,success,1,1,1,1
jae_193d46c8e685,2012_Social-Media-in-Education-The-Relationship-Between-Past-Use-and-Current-Perceptions.pdf,2012,2010-2014,Route_A_Modern,success,success,success,success,1,1,1,1
jae_386d317cef58,2012_Supervised-Agricultural-Experience-An-Examination-of-Student-Knowledge-and-Participation.pdf,2012,2010-2014,Route_A_Modern,success,success,success,success,1,1,1,1
jae_b8d673d8c374,2012_Teacher-Induction-Programs-in-Agricultural-Education-Description-of-the-Role-of-AAAE-Higher-Education-Teacher-Preparation-Programs.pdf,2012,2010-2014,Route_A_Modern,success,success,success,success,1,1,1,1
jae_2ac165be7fbf,2012_Teacher-Job-Satisfaction-and-Burnout-Viewed-through-Social-Comparisons.pdf,2012,2010-2014,Route_A_Modern,success,success,success,success,1,1,1,1
jae_a5404afa71bf,2012_Teachers-Use-of-Agricultural-Laboratories-in-Secondary-Agricultural-Education.pdf,2012,2010-2014,Route_A_Modern,success,success,success,success,1,1,1,1
jae_fef24768fdc9,2012_Technology-Acceptance-Related-to-Second-LifeTM-Social-Networking-TwitterTM-and-Content-Management-Systems-Are-Agricultural-Students-Ready-Willing-and-Able-.pdf,2012,2010-2014,Route_A_Modern,success,success,success,success,1,1,1,1
jae_97862bdfbe37,2012_The-Effect-of-Teacher-Demographic-and-Personal-Characteristics-on-Perceptions-of-Diversity-Inclusion-in-Agricultural-Education-Programs.pdf,2012,2010-2014,Route_A_Modern,success,success,success,success,1,1,1,1
jae_7a6b20e9cd91,2012_The-Impact-of-Preparing-Agriculture-Faculty-to-Influence-Student-Critical-Thinking-Disposition.pdf,2012,2010-2014,Route_A_Modern,success,success,success,success,1,1,1,1
jae_5ef6b6e7f0b2,2012_The-Influence-of-Cognitive-Diversity-on-Group-Problem-Solving-Strategy.pdf,2012,2010-2014,Route_A_Modern,success,success,success,success,1,1,1,1
jae_89bfbfad3b0c,2012_The-Influence-of-School-Culture-on-Environmental-Education-Integration-A-Case-Study-of-an-Urban-Private-School-System.pdf,2012,2010-2014,Route_A_Modern,success,success,success,success,1,1,1,1
jae_30da8c8c4d76,2012_The-Influence-of-Time-Management-Practices-on-Job-Stress-Level-among-Beginning-Secondary-Agriculture-Teachers.pdf,2012,2010-2014,Route_A_Modern,success,success,success,success,1,1,1,1
jae_4a1562397cb5,2012_Trends-Affecting-Ohio-State-University-Extension-in-the-21st-Century-and-the-Implications-for-Human-Capital.pdf,2012,2010-2014,Route_A_Modern,success,success,success,success,1,1,1,1
jae_36a429f2d66c,2012_Undergraduate-Involvement-in-Extracurricular-Activities-and-Leadership-Development-in-College-of-Agriculture-and-Life-Sciences-Students.pdf,2012,2010-2014,Route_A_Modern,success,success,success,success,1,1,1,1
jae_d9718e8e7f8e,2012_Using-a-Preflective-Activity-to-Identify-Faculty-Beliefs-Prior-to-an-International-Professional-Development-Experience.pdf,2012,2010-2014,Route_A_Modern,success,success,success,success,1,1,1,1
jae_f2cee2b25c57,2012_Verbal-Immediacy-and-Audio-Video-Technology-Use-in-Online-Course-Delivery-What-Do-University-Agricultural-Education-Students-Think-.pdf,2012,2010-2014,Route_A_Modern,success,success,success,success,1,1,1,1
jae_3b0ca7843414,10.5032_jae.2013.04222.pdf,2013,2010-2014,Route_A_Modern,success,success,success,success,1,1,1,1
jae_8414c887345b,2013_54.3.14.pdf,2013,2010-2014,Route_A_Modern,success,success,success,success,1,1,1,1
jae_8bd8af7c151a,2013_54.3.15.pdf,2013,2010-2014,Route_A_Modern,success,success,success,success,1,1,1,1
jae_147ade2cf063,2013_54.3.16.pdf,2013,2010-2014,Route_A_Modern,success,success,success,success,1,1,1,1
jae_fd52a497f01d,2013_54.3.17.pdf,2013,2010-2014,Route_A_Modern,success,success,success,success,1,1,1,1
jae_60fb6fb82146,2013_54.3.8.pdf,2013,2010-2014,Route_A_Modern,success,success,success,success,1,1,1,1
jae_950624fe1833,2013_A-20-Year-Comparison-of-Teachers-Agricultural-Mechanics-Laboratory-Management-Competency.pdf,2013,2010-2014,Route_A_Modern,success,success,success,success,1,1,1,1
jae_46255c268ed5,2013_Agrarianism-An-Ideology-of-the-National-FFA-Organization.pdf,2013,2010-2014,Route_A_Modern,success,success,success,success,1,1,1,1
jae_755955d859ee,2013_An-Analysis-of-FFA-Chapter-Demographics-as-Compared-to-Schools-and-Communities.pdf,2013,2010-2014,Route_A_Modern,success,success,success,success,1,1,1,1
jae_f1bba630f3ad,2013_An-Examination-of-the-Learning-Activities-Cognitive-Level-of-Instruction-and-Teacher-Immediacy-Behaviors-of-Successful-Instructors-in-a-College-of-Agriculture.pdf,2013,2010-2014,Route_A_Modern,success,success,success,success,1,1,1,1
jae_29e6009c72c4,2013_An-Exploration-of-the-Motivational-Profile-of-Secondary-Urban-Agriculture-Students.pdf,2013,2010-2014,Route_A_Modern,success,success,success,success,1,1,1,1
jae_3853f3a6983d,2013_An-Investigation-of-School-Connectedness-Among-Agricultural-Education-Students.pdf,2013,2010-2014,Route_A_Modern,success,success,success,success,1,1,1,1
jae_dbe59e85b543,2013_An-Observational-Analysis-of-Agricultural-Education-Faculty-During-On-Site-Supervisory-Visits-with-Pre-service-Teachers.pdf,2013,2010-2014,Route_A_Modern,success,success,success,success,1,1,1,1
jae_f8609f5d4450,2013_Assessing-the-Impact-of-a-Semester-long-Course-in-Agricultural-Mechanics-on-Pre-service-Agricultural-Education-Teachers-Importance-Confidence-and-Knowledge-of-Welding.pdf,2013,2010-2014,Route_A_Modern,success,success,success,success,1,1,1,1
jae_5d3ba78c43b7,2013_Assessing-the-Motivators-and-Barriers-Influencing-Undergraduate-Students-Choices-to-Participate-in-International-Experiences.pdf,2013,2010-2014,Route_A_Modern,success,success,success,success,1,1,1,1
jae_12896d78b02f,2013_Barriers-and-Solutions-to-Recruitment-Strategies-of-Students-into-Post-Secondary-Agricultural-Education-Programs-A-Focus-Group-Approach.pdf,2013,2010-2014,Route_A_Modern,success,success,success,success,1,1,1,1
jae_a696365c0947,2013_Classroom-Instruction-and-FFA-SAE-Responsibilities-Creating-the-Most-Stress-for-Female-Teachers-in-the-Southeast.pdf,2013,2010-2014,Route_A_Modern,success,success,success,success,1,1,1,1
jae_7887fc6481c7,2013_Competencies-and-Experiences-Needed-by-Pre-service-Agricultural-Educators-to-Teach-Globalized-Curricula-A-Modified-Delphi-Study.pdf,2013,2010-2014,Route_A_Modern,success,success,success,success,1,1,1,1
jae_5c45db0307f1,2013_Developing-Metrics-for-Effective-Teaching-in-Extension-Education-A-Multi-State-Factor-Analytic-and-Psychometric-Analysis-of-Effective-Teaching.pdf,2013,2010-2014,Route_A_Modern,success,success,success,success,1,1,1,1
jae_2c21f5fb5088,2013_Development-and-Evolution-of-Agriculturally-Related-Merit-Badges-Offered-by-the-Boy-Scouts-of-America.pdf,2013,2010-2014,Route_A_Modern,success,success,success,success,1,1,1,1
jae_4f717e156fe3,2013_Diffusion-of-Social-Media-Among-County-4-H-Programs-in-Tennessee.pdf,2013,2010-2014,Route_A_Modern,success,success,success,success,1,1,1,1
jae_55bbb90ef2c1,2013_Does-Prior-Experience-in-Secondary-Agricultural-Mechanics-Affect-Pre-service-Agricultural-Education-Teachers-Intentions-to-Enroll-in-Post-secondary-Agricultural-Mechanics-Coursework-.pdf,2013,2010-2014,Route_A_Modern,success,success,success,success,1,1,1,1
jae_b2e6e17d353a,2013_Effects-of-Mathematics-Integration-in-a-Teaching-Methods-Course-on-Self-Efficacy-of-Preservice-Agricultural-Education-Teachers.pdf,2013,2010-2014,Route_A_Modern,success,success,success,success,1,1,1,1
jae_31774f64ef95,2013_Engaging-Students-in-Constructive-Youth-Adult-Relationships-A-Case-Study-of-Urban-School-based-Agriculture-Students-and-Positive-Adult-Mentors.pdf,2013,2010-2014,Route_A_Modern,success,success,success,success,1,1,1,1
jae_2456b42cbdf5,2013_Evaluating-the-Effectiveness-of-Traditional-Training-Methods-in-Non-Traditional-Training-Programs-for-Adult-Learners-through-a-Pre-test-Post-test-Comparison-of-Food-Safety-Knowledge.pdf,2013,2010-2014,Route_A_Modern,success,success,success,success,1,1,1,1
jae_27a098aeb2b7,2013_Examining-the-Professional-Technical-and-General-Knowledge-Competencies-Needed-by-Beginning-School-Based-Agricultural-Education-Teachers.pdf,2013,2010-2014,Route_A_Modern,success,success,success,success,1,1,1,1
jae_6d4f189c6538,2013_Exploring-Relationships-between-Presage-Variables-of-Florida-Preservice-Agricultural-Education-Teachers-Related-to-Teaching-Contextualized-Mathematics.pdf,2013,2010-2014,Route_A_Modern,success,success,success,success,1,1,1,1
jae_f2a2dcfec351,2013_Exploring-Science-Teaching-Efficacy-of-CASE-Curriculum-Teachers-A-Post-Then-Pre-Assessment.pdf,2013,2010-2014,Route_A_Modern,success,success,success,success,1,1,1,1
jae_7acc0f6ed188,2013_Exploring-the-Relationship-between-Professor-Student-Rapport-and-Students-Expectancy-for-Success-and-Values-Goals-in-College-of-Agriculture-Classrooms.pdf,2013,2010-2014,Route_A_Modern,success,success,success,success,1,1,1,1
jae_e7ba4c66b9b0,2013_Exploring-the-Technical-Expression-of-Academic-Knowledge-The-Science-in-CTE-Pilot-Study.pdf,2013,2010-2014,Route_A_Modern,success,success,success,success,1,1,1,1
jae_90b2c89a3a0c,2013_Factors-Related-to-Teachers-Intention-to-Leave-the-Classroom-Early.pdf,2013,2010-2014,Route_A_Modern,success,success,success,success,1,1,1,1
jae_638efd32aa9c,2013_Factrs-Influencing-Agricultural-Leadershp-Students-Behavioral-Intentions-Examining-the-Potental-Use-of-Mobile-Technology-in-Courses.pdf,2013,2010-2014,Route_A_Modern,success,success,success,success,1,1,1,1
jae_78bdcfa72103,2013_Focusing-on-the-Future-Understanding-Faculty-Intent-to-Lead-the-Land-Grant-System.pdf,2013,2010-2014,Route_A_Modern,success,success,success,success,1,1,1,1
jae_bda66769d61c,2013_How-Are-We-Educating-Agricultural-Students-A-National-Profile-of-Leadership-Capacities-and-Involvement-in-College-Compared-To-NonAgricultural-Peers.pdf,2013,2010-2014,Route_A_Modern,success,success,success,success,1,1,1,1
jae_1093fcf50450,2013_How-Six-Women-Deans-of-Agriculture-Have-Attained-Their-Leadership-Role-A-Qualitative-Study.pdf,2013,2010-2014,Route_A_Modern,success,success,success,success,1,1,1,1
jae_33f73243fcbe,2013_Identification-and-Validation-of-Agricultural-Hazardous-Occupations-Order-Certification-Program-Instructor-Criteria-and-Competencies.pdf,2013,2010-2014,Route_A_Modern,success,success,success,success,1,1,1,1
jae_ef914f47dcbd,2013_Identifying-STEM-Concepts-Associated-with-Junior-Livestock-Projects.pdf,2013,2010-2014,Route_A_Modern,success,success,success,success,1,1,1,1
jae_6c8715407b6a,2013_Instructional-Supervision-of-Agricultural-Education-Teachers-Perceptions-Regarding-Selected-Beliefs.pdf,2013,2010-2014,Route_A_Modern,success,success,success,success,1,1,1,1
jae_3f9cfc12bcc9,2013_Intrapersonal-Factors-Affecting-Technological-Pedagogical-Content-Knowledge-of-Agricultural-Education-Teachers.pdf,2013,2010-2014,Route_A_Modern,success,success,success,success,1,1,1,1
jae_e75c76f894ce,2013_Investigating-the-Effects-of-a-Math-Enhanced-Agricultural-Teaching-Methods-Course.pdf,2013,2010-2014,Route_A_Modern,success,success,success,success,1,1,1,1
jae_f783bc7f0531,2013_Leadership-Curriculum-and-Materials-Used-by-High-School-Agricultural-Science-Teachers-A-National-Study-of-the-Pre-LifeKnowledge-Days.pdf,2013,2010-2014,Route_A_Modern,success,success,success,success,1,1,1,1
jae_872803b91db5,2013_Preservice-Agricultural-Education-Teachers-Perceptions-of-Teaching-Assistants-Implications-for-Teacher-Education.pdf,2013,2010-2014,Route_A_Modern,success,success,success,success,1,1,1,1
jae_a4fd1b3aeacf,2013_Recruiting-Strategically-Increasing-Enrollment-in-Academic-Programs-of-Agriculture.pdf,2013,2010-2014,Route_A_Modern,success,success,success,success,1,1,1,1
jae_81770069907d,2013_Ripple-Effects.pdf,2013,2010-2014,Route_A_Modern,success,success,success,success,1,1,1,1
jae_96bc89910cda,2013_Sidewalks-and-City-Streets-A-Model-for-Vibrant-Agricultural-Education-in-Urban-American-Communities.pdf,2013,2010-2014,Route_A_Modern,success,success,success,success,1,1,1,1
jae_f11cfcafa5cf,2013_Socioscientific-Issues-based-Instruction-An-Investigation-of-Agriscience-Students-Content-Knowledge-based-on-Student-Variables.pdf,2013,2010-2014,Route_A_Modern,success,success,success,success,1,1,1,1
jae_05a1c021829d,2013_Student-Motivation-for-Involvement-in-Supervised-Agricultural-Experiences-An-HistoricalPerspective.pdf,2013,2010-2014,Route_A_Modern,success,success,success,success,1,1,1,1
jae_350435145ff3,2013_Student-Perceptions-of-Instructional-Methods-Towards-Alternative-Energy-Education.pdf,2013,2010-2014,Route_A_Modern,success,success,success,success,1,1,1,1
jae_6abe6b9d6a1c,2013_Student-and-Faculty-Perceptions-of-ICT-Use-in-Undergraduate-Agriculture-Courses.pdf,2013,2010-2014,Route_A_Modern,success,success,success,success,1,1,1,1
jae_3b12a4c5470d,2013_Sustainability-of-Professional-Development-to-Enhance-Student-Achievement-A-Shift-in-the-Professional-Development-Paradigm.pdf,2013,2010-2014,Route_A_Modern,success,success,success,success,1,1,1,1
jae_ffca4472d3ce,2013_Teacher-Behaviors-Contributing-to-Student-Content-Engagement-A-Socially-Constructed-Consensus-of-Undergraduate-Students-in-a-College-of-Agriculture.pdf,2013,2010-2014,Route_A_Modern,success,success,success,success,1,1,1,1
jae_0a36f7d53183,2013_Teachers-Perceptions-Regarding-Experiential-Learning-Attributes-in-Agricultural-Laboratories.pdf,2013,2010-2014,Route_A_Modern,success,success,success,success,1,1,1,1
jae_382dc896debe,2013_The-Effect-of-Human-Capital-on-Principals-Decisions-to-Interview-Candidates-in-Agricultural-Education-Implications-for-Pre-service-Teachers.pdf,2013,2010-2014,Route_A_Modern,success,success,success,success,1,1,1,1
jae_2803ec18a9a6,2013_The-Effects-of-Group-Leader-Learning-Style-on-Student-Knowledge-Gain-in-a-Leadership-Camp-Setting-A-Repeated-Measures-Experiment.pdf,2013,2010-2014,Route_A_Modern,success,success,success,success,1,1,1,1
jae_16e82793e22b,2013_The-Effects-of-a-Time-Management-Professional-Development-Seminar-on-Stress-and-Job-Satisfaction-of-Beginning-Agriscience-Teachers-in-West-Texas.pdf,2013,2010-2014,Route_A_Modern,success,success,success,success,1,1,1,1
jae_d3049dc31840,2013_The-History-of-Future-Farmer-Organizations-Around-the-World.pdf,2013,2010-2014,Route_A_Modern,success,success,success,success,1,1,1,1
jae_2ae99fcc8200,2013_The-Impact-of-Learning-Styles-on-Learning-Outcomes-at-FFA-Camp-What-Campers-Retain-Over-Time.pdf,2013,2010-2014,Route_A_Modern,success,success,success,success,1,1,1,1
jae_f151c4f1fe95,2013_The-Influence-of-Collaborative-Reflection-and-ThinkAloud-Protocols-on-Pre-Service-Teachers-Reflection-A-Mixed-Methods-Approach.pdf,2013,2010-2014,Route_A_Modern,success,success,success,success,1,1,1,1
jae_0b8754c15351,2013_The-Relationship-between-Students-Leadership-Style-and-Self-Directed-Learning-Level.pdf,2013,2010-2014,Route_A_Modern,success,success,success,success,1,1,1,1
jae_0c9074af1169,2013_The-Role-of-Collaboration-in-Secondary-Agriculture-Teacher-Career-Satisfactin-and-Career-Retention.pdf,2013,2010-2014,Route_A_Modern,success,success,success,success,1,1,1,1
jae_31b4bdb80585,2013_Two-Decades-of-Agricultural-Literacy-Research-A-Synthesis-of-the-Literature.pdf,2013,2010-2014,Route_A_Modern,success,success,success,success,1,1,1,1
jae_ffd60867f1dd,2013_Utilization-of-a-High-Stakes-High-School-Graduation-Exam-to-Assess-the-Impact-of-Agricultural-Education-A-Measure-of-Curriuculum-Integration.pdf,2013,2010-2014,Route_A_Modern,success,success,success,success,1,1,1,1
jae_fce52b86d6de,2013_Variable-Relationships-Affecting-Agriscience-Teachers-Stages-of-Concern-for-Content-Area-Reading-Strategies.pdf,2013,2010-2014,Route_A_Modern,success,success,success,success,1,1,1,1
jae_d2d1ed45f9ef,2013_Vocational-Programs-in-the-Federal-Bureau-of-Prisons-Examining-the-Potential-of-Agricultural-Education-Programs-for-Prisoners.pdf,2013,2010-2014,Route_A_Modern,success,success,success,success,1,1,1,1
jae_e6efe72e9050,2013_What-a-Degree-in-Agricultural-Leadership-Really-Means-Exploring-Student-Conceptualizations.pdf,2013,2010-2014,Route_A_Modern,success,success,success,success,1,1,1,1
jae_400c7d985ab6,2013_Why-Agricultural-Educators-Remain-in-the-Classroom.pdf,2013,2010-2014,Route_A_Modern,success,success,success,success,1,1,1,1
jae_464e938e79db,2014_-You-ve-Always-Got-Challenges-Resilience-and-the-Preservice-Teacher.pdf,2014,2010-2014,Route_A_Modern,success,success,success,success,1,1,1,1
jae_7c4129126ca6,2014_A-Comparison-and-Analysis-of-Preservice-Teachers-Oral-and-Written-Reflections.pdf,2014,2010-2014,Route_A_Modern,success,success,success,success,1,1,1,1
jae_f3061f2cbd32,2014_A-Comparison-of-Student-Engaged-Time-in-Agriculture-Instruction.pdf,2014,2010-2014,Route_A_Modern,success,success,success,success,1,1,1,1
jae_a053aa85a9d6,2014_A-Critical-Thinking-Benchmark-for-a-Department-of-Agricultural-Education-and-Studies.pdf,2014,2010-2014,Route_A_Modern,success,success,success,success,1,1,1,1
jae_4750bb69be14,2014_A-Cross-Case-Comparison-of-the-Academic-Integration-Human-Capital-Pre-service-Agricultural-Educators-Retain-Prior-to-Their-Teaching-Internship.pdf,2014,2010-2014,Route_A_Modern,success,success,success,success,1,1,1,1
jae_103f0ea28cee,2014_A-Multi-Institutional-Examination-of-the-Relationships-Between-High-School-Activity-Involvement-and-Leadership-Characteristics.pdf,2014,2010-2014,Route_A_Modern,success,success,success,success,1,1,1,1
jae_72860044b0e5,2014_Accessibility-and-Usage-of-Technology-by-North-Carolina-Agriculture-Teachers.pdf,2014,2010-2014,Route_A_Modern,success,success,success,success,1,1,1,1
jae_b8e1ea0933e2,2014_Agricultural-Education-in-an-Urban-Charter-School-Perspectives-and-Challenges.pdf,2014,2010-2014,Route_A_Modern,success,success,success,success,1,1,1,1
jae_88922164d440,2014_An-Analysis-of-K-12-Teachers-Conceptions-of-Agriculture-Prior-to-and-During-Engagement-in-an-Agricultural-Literacy-Program.pdf,2014,2010-2014,Route_A_Modern,success,success,success,success,1,1,1,1
jae_f79b068fc18c,2014_An-Assessment-of-the-Needs-of-Middle-School-Agricultural-Education-Instructors-in-Georgia.pdf,2014,2010-2014,Route_A_Modern,success,success,success,success,1,1,1,1
jae_8ad706c44fc1,2014_An-Examination-of-Usability-of-a-Virtual-Environment-for-Students-Enrolled-in-a-College-of-Agriculture.pdf,2014,2010-2014,Route_A_Modern,success,success,success,success,1,1,1,1
jae_f6fdc2534908,2014_Analyzing-Moir-s-Curve-A-Quantitative-Look-at-Attitudinal-Changes-in-Induction-Year-Agricultural-Educators.pdf,2014,2010-2014,Route_A_Modern,success,success,success,success,1,1,1,1
jae_522bf92fc63e,2014_Attracting-Youth-to-Agriculture-The-Career-Interests-of-Young-Farmers-Club-Members-in-Uganda.pdf,2014,2010-2014,Route_A_Modern,success,success,success,success,1,1,1,1
jae_b0175e45dd16,2014_Barriers-to-Participation-in-the-National-FFA-Organization-According-to-Urban-Agriculture-Students.pdf,2014,2010-2014,Route_A_Modern,success,success,success,success,1,1,1,1
jae_0c5c7d8afa49,2014_Climbing-the-Steps-Toward-a-Successful-Cooperating-Teacher-Student-Teacher-Mentoring-Relationship.pdf,2014,2010-2014,Route_A_Modern,success,success,success,success,1,1,1,1
jae_da59d4a5be6e,2014_Coping-Mechanisms-Utah-Agriculture-Teachers-Use-to-Manage-Teaching-Related-Stress.pdf,2014,2010-2014,Route_A_Modern,success,success,success,success,1,1,1,1
jae_9fc96c918d18,2014_Determining-the-Effects-that-the-Order-of-Abstraction-and-Type-of-Reflection-have-on-Content-Knowledge-When-Teaching-Experientially-An-Exploratory-Experiment.pdf,2014,2010-2014,Route_A_Modern,success,success,success,success,1,1,1,1
jae_7838f23c213b,2014_Determining-the-Science-Agriculture-and-Natural-Resource-and-Youth-Leadership-Outcomes-for-Students-Participating-in-an-Innovative-Middle-School-Agriscience-Program.pdf,2014,2010-2014,Route_A_Modern,success,success,success,success,1,1,1,1
jae_0a6e325a8036,2014_Developing-Attitudinal-Metrics-for-Induction-Year-Agricultural-Education-Teachers.pdf,2014,2010-2014,Route_A_Modern,success,success,success,success,1,1,1,1
jae_b1626b7e94eb,2014_Economic-Impacts-and-Program-Involvement-in-Agricultural-Mechanics-Competition-Projects-in-Texas.pdf,2014,2010-2014,Route_A_Modern,success,success,success,success,1,1,1,1
jae_763250cdf377,2014_Educating-the-Future-of-Agriculture-A-Focus-Group-Analysis-of-the-Programming-Needs-and-Preferences-of-Montana-Young-and-Beginning-Farmers-and-Ranchers.pdf,2014,2010-2014,Route_A_Modern,success,success,success,success,1,1,1,1
jae_d96b72d2cddd,2014_Effective-Professional-Development-in-Agriscience-Education-An-Examination-of-Core-Features.pdf,2014,2010-2014,Route_A_Modern,success,success,success,success,1,1,1,1
jae_9761ee01cc12,2014_Effects-of-Agricultural-Sales-CDE-Modules-on-Content-Knowledge-and-Argumentation-Skill.pdf,2014,2010-2014,Route_A_Modern,success,success,success,success,1,1,1,1
jae_d27dc05bae4e,2014_Effects-of-Mathematics-Integration-in-a-Teaching-Methods-Course-on-Mathematics-Ability-of-Preservice-Agricultural-Education-Teachers.pdf,2014,2010-2014,Route_A_Modern,success,success,success,success,1,1,1,1
jae_7903f1d22934,2014_Encouraging-Teacher-Change-within-the-Realities-of-School-based-Agricultural-Education-Lessons-from-Teachers-Initial-Use-of-Socioscientific-Issues-based-Instruction.pdf,2014,2010-2014,Route_A_Modern,success,success,success,success,1,1,1,1
jae_38ee3925e1d1,2014_Enhancing-the-Capacity-to-Create-Behavior-Change-Extension-Key-Leaders-Opinions-about-Social-Marketing-and-Evaluation.pdf,2014,2010-2014,Route_A_Modern,success,success,success,success,1,1,1,1
jae_36afe0250f9a,2014_Evaluating-Extension-Based-Adult-Education-for-Agricultural-Labor-Supervisors.pdf,2014,2010-2014,Route_A_Modern,success,success,success,success,1,1,1,1
jae_f98d836950e4,2014_Examining-Camper-Learning-Outcomes-and-Knowledge-Retention-at-Oklahoma-FFA-Leadership-Camp.pdf,2014,2010-2014,Route_A_Modern,success,success,success,success,1,1,1,1
jae_21dc144b9934,2014_Examining-Oregon-Agriculture-Teachers-Professional-Development-Needs-by-Career-Phase.pdf,2014,2010-2014,Route_A_Modern,success,success,success,success,1,1,1,1
jae_b25bc1ae4729,2014_Examining-Student-Perceptions-of-Flipping-an-Agricultural-Teaching-Methods-Course.pdf,2014,2010-2014,Route_A_Modern,success,success,success,success,1,1,1,1
jae_9479453edd62,2014_Examining-the-Blogging-Habits-of-Agricultural-Leadership-Students-Understanding-Motivation-Use-and-Self-efficacy.pdf,2014,2010-2014,Route_A_Modern,success,success,success,success,1,1,1,1
jae_6041c6d148e5,2014_Exploring-the-Disconnect-Between-Mathematics-Ability-and-Mathematics-Efficacy-Among-Preservice-Agricultural-Education-Teachers.pdf,2014,2010-2014,Route_A_Modern,success,success,success,success,1,1,1,1
jae_1100770ba975,2014_Extension-Youth-Educators-Technology-Use-in-Youth-Development-Programming.pdf,2014,2010-2014,Route_A_Modern,success,success,success,success,1,1,1,1
jae_bce65afbb19b,2014_First-Generation-College-Students-Motivations-and-Support-Systems.pdf,2014,2010-2014,Route_A_Modern,success,success,success,success,1,1,1,1
jae_f0d743543cfe,2014_Flipping-an-Agricultural-Education-Teaching-Methods-Course.pdf,2014,2010-2014,Route_A_Modern,success,success,success,success,1,1,1,1
jae_b07e9de54d0c,2014_How-Cognitive-Style-and-Problem-Complexity-Affect-Preservice-Agricultural-Education-Teachers-Abilities-to-Solve-Problems-in-Agricultural-Mechanics.pdf,2014,2010-2014,Route_A_Modern,success,success,success,success,1,1,1,1
jae_3bba0fcc121e,2014_How-a-Serious-Digital-Game-Affected-Students-Animal-Science-and-Mathematical-Competence-in-Agricultural-Education.pdf,2014,2010-2014,Route_A_Modern,success,success,success,success,1,1,1,1
jae_960195098015,2014_Importance-and-Capability-of-Teaching-Agricultural-Mechanics-as-Perceived-by-Secondary-Agricultural-Educators.pdf,2014,2010-2014,Route_A_Modern,success,success,success,success,1,1,1,1
jae_1736641e9265,2014_Influence-of-FFA-Activities-on-Critical-Thinking-Skills-in-Texas-Three-Star-FFA-Chapters.pdf,2014,2010-2014,Route_A_Modern,success,success,success,success,1,1,1,1
jae_12133ff49b56,2014_Investigating-the-Linkage-between-Intrinsic-Motivation-and-Project-Team-Satisfaction-in-Undergraduate-Agricultural-Leadership-Students.pdf,2014,2010-2014,Route_A_Modern,success,success,success,success,1,1,1,1
jae_766dd24793f9,2014_Laboratory-Safety-Needs-of-Kentucky-School-Based-Agricultural-Mechanics-Teachers.pdf,2014,2010-2014,Route_A_Modern,success,success,success,success,1,1,1,1
jae_24518cd4c9a6,2014_Learning-Activities-Utilized-and-Readiness-for-the-Student-Teaching-Internship.pdf,2014,2010-2014,Route_A_Modern,success,success,success,success,1,1,1,1
jae_400355aee58c,2014_Level-of-Agricultural-Education-Advisory-Council-Implementation-in-Idaho-Secondary-Agricultural-Education-Programs.pdf,2014,2010-2014,Route_A_Modern,success,success,success,success,1,1,1,1
jae_6ae2ece1b5c5,2014_Louisiana-Extension-Educators-Perceptions-of-the-Benefit-and-Relevance-of-Participating-in-an-International-Extension-Experience-toward-Their-Career.pdf,2014,2010-2014,Route_A_Modern,success,success,success,success,1,1,1,1
jae_f4df54d99920,2014_Louisiana-Secondary-Agricultural-Educators-Perceptions-of-an-International-Experience-toward-Their-Teaching-Career.pdf,2014,2010-2014,Route_A_Modern,success,success,success,success,1,1,1,1
jae_1f639cb8dc61,2014_Mathematical-Strengths-and-Weaknesses-of-Preservice-Agricultural-Education-Teachers.pdf,2014,2010-2014,Route_A_Modern,success,success,success,success,1,1,1,1
jae_338855a46b61,2014_Mathematics-Efficacy-and-Professional-Development-Needs-of-Wyoming-Agricultural-Education-Teachers.pdf,2014,2010-2014,Route_A_Modern,success,success,success,success,1,1,1,1
jae_3735c0764076,2014_Measuring-Florida-Extension-Faculty-s-Agricultural-Paradigmatic-Preferences.pdf,2014,2010-2014,Route_A_Modern,success,success,success,success,1,1,1,1
jae_f906ca244bcc,2014_Novice-Agriculture-Teachers-General-Self-Efficacy-and-Sense-of-Community-Connectedness.pdf,2014,2010-2014,Route_A_Modern,success,success,success,success,1,1,1,1
jae_a3e4c0f5355c,2014_Opinion-Leadership-Development-Context-And-Audience-Characteristics-Count.pdf,2014,2010-2014,Route_A_Modern,success,success,success,success,1,1,1,1
jae_2a0315eae089,2014_Perceived-Self-Efficacy-of-Preservice-Agriculture-Teachers-toward-Specific-SAE-Competencies.pdf,2014,2010-2014,Route_A_Modern,success,success,success,success,1,1,1,1
jae_73980acb894e,2014_Perceived-Work-Life-Balance-Ability-Job-Satisfaction-and-Professional-Commitment-among-Agriculture-Teachers.pdf,2014,2010-2014,Route_A_Modern,success,success,success,success,1,1,1,1
jae_f548597a1cc7,2014_Preparing-Agricultural-Educators-For-The-World-Describing-Global-Competency-In-Agricultural-Teacher-Candidates.pdf,2014,2010-2014,Route_A_Modern,success,success,success,success,1,1,1,1
jae_88a97ac3caba,2014_Profiling-the-Youth-Leader-Personality-and-Emotional-Intelligence-Trends-and-Their-Relationship-to-Leadership-Skills.pdf,2014,2010-2014,Route_A_Modern,success,success,success,success,1,1,1,1
jae_ce9661cf9f6c,2014_Quantitative-Theoretical-and-Conceptual-Framework-Use-in-Agricultural-Education-Research.pdf,2014,2010-2014,Route_A_Modern,success,success,success,success,1,1,1,1
jae_61e1bef97682,2014_Reporting-and-Interpreting-Scores-Derived-from-Likert-type-Scales.pdf,2014,2010-2014,Route_A_Modern,success,success,success,success,1,1,1,1
jae_39ab89bd3d99,2014_Secondary-Agricultural-Education-Program-and-Human-Influences-on-Career-Decision-Self-Efficacy.pdf,2014,2010-2014,Route_A_Modern,success,success,success,success,1,1,1,1
jae_33c9294f5a35,2014_Student-Apathy-As-Defined-By-Secondary-Agricultural-Education-Students.pdf,2014,2010-2014,Route_A_Modern,success,success,success,success,1,1,1,1
jae_9b56bb95a7fc,2014_Students-Perceptions-of-Agriscience-when-Taught-Through-Inquiry-Based-Instruction.pdf,2014,2010-2014,Route_A_Modern,success,success,success,success,1,1,1,1
jae_78f5099dd49a,2014_Successful-Supervised-Agricultural-Experience-Programs-as-Defined-by-American-FFA-Degree-Star-Finalists.pdf,2014,2010-2014,Route_A_Modern,success,success,success,success,1,1,1,1
jae_1fe1f0975f33,2014_Supervision-of-Agricultural-Educators-in-Secondary-Schools-What-Do-Teachers-Want-From-Their-Principals-.pdf,2014,2010-2014,Route_A_Modern,success,success,success,success,1,1,1,1
jae_5cadeeef6bc8,2014_Teaching-Introductory-Life-Science-Courses-in-Colleges-of-Agriculture-Faculty-Experiences.pdf,2014,2010-2014,Route_A_Modern,success,success,success,success,1,1,1,1
jae_00ce5dd86f29,2014_Teaching-Transformational-Leadership-to-Undergraduate-Agricultural-Leadership-Students-Using-the-Personality-Trait-of-Agreeableness-To-Improve-Understanding.pdf,2014,2010-2014,Route_A_Modern,success,success,success,success,1,1,1,1
jae_9c614f3f8c08,2014_Teaching-with-Technology-North-Carolina-Agriculture-Teachers-Knowledge-Acquisition-Attitudes-and-Identified-Barriers.pdf,2014,2010-2014,Route_A_Modern,success,success,success,success,1,1,1,1
jae_ea66ac145aa7,2014_The-Evaluation-of-Multicultural-Teaching-Concerns-among-Pre-service-Teachers-in-the-South.pdf,2014,2010-2014,Route_A_Modern,success,success,success,success,1,1,1,1
jae_253650014075,2014_The-Thornless-Rose-A-Phenomenological-Look-at-Decisions-Career-Teachers-Make-to-Remain-in-the-Profession.pdf,2014,2010-2014,Route_A_Modern,success,success,success,success,1,1,1,1
jae_c1efa9a8b4af,2014_Understanding-Students-as-Followers-Discovering-the-Influence-of-Followership-Style-on-Self-Directed-Learning.pdf,2014,2010-2014,Route_A_Modern,success,success,success,success,1,1,1,1
jae_82bbb7616258,2014_Urban-FFA-Members-Sense-of-the-Organizational-Culture-of-the-FFA.pdf,2014,2010-2014,Route_A_Modern,success,success,success,success,1,1,1,1
jae_a564ac321ce4,2014_Use-of-Citations-within-Manuscripts-Published-by-the-Journal-of-Agricultural-Education.pdf,2014,2010-2014,Route_A_Modern,success,success,success,success,1,1,1,1
jae_6603c476c69b,2014_Walking-with-Giants.pdf,2014,2010-2014,Route_A_Modern,success,success,success,success,1,1,1,1
jae_770076e2149c,2014_What-are-the-teachers-experiences-when-implementing-the-Curriculum-for-Agricultural-Science-Education-.pdf,2014,2010-2014,Route_A_Modern,success,success,success,success,1,1,1,1
jae_b2d68d119434,2015_56.2.15.pdf,2015,2015-2019,Route_A_Modern,success,success,success,success,1,1,1,1
jae_b7b15de71771,2015_56.3.14rev.pdf,2015,2015-2019,Route_A_Modern,success,success,success,success,1,1,1,1
jae_427887e6c807,2015_A-Measure-of-Students-Motivation-to-Learn-Science-through-Agricultural-STEM-Emphasis.pdf,2015,2015-2019,Route_A_Modern,success,success,success,success,1,1,1,1
jae_c5390824dbd2,2015_A-Nationwide-Assessment-of-the-Scope-and-Impact-of-Agricultural-Leadership-Education.pdf,2015,2015-2019,Route_A_Modern,success,success,success,success,1,1,1,1
jae_b0d1ee77b6d9,2015_Achieving-Next-Generation-Science-Standards-Through-Agricultural-Contexts-A-Delphi-Study-of-Outdoor-Education-Experts.pdf,2015,2015-2019,Route_A_Modern,success,success,success,success,1,1,1,1
jae_a81f77724237,2015_Advising-an-Urban-FFA-Chapter-A-Narrative-of-Two-Urban-FFA-Advisors.pdf,2015,2015-2019,Route_A_Modern,success,success,success,success,1,1,1,1
jae_ee6ea11e3874,2015_An-Analysis-of-Adolescents-Science-Interest-and-Competence-in-Programs-with-and-without-a-Competitive-Component.pdf,2015,2015-2019,Route_A_Modern,success,success,success,success,1,1,1,1
jae_860f8d66339d,2015_An-Exploration-of-the-Formal-Agricultural-Education-System-in-Trinidad-and-Tobago.pdf,2015,2015-2019,Route_A_Modern,success,success,success,success,1,1,1,1
jae_907e59eed6a9,2015_An-Instrumental-Case-Study-of-Effective-Science-Integration-in-a-Traditional-Agricultural-Education-Program.pdf,2015,2015-2019,Route_A_Modern,success,success,success,success,1,1,1,1
jae_29dd23749949,2015_Assessing-the-Impact-of-Sequencing-Practicums-for-Welding-in-Agricultural-Mechanics.pdf,2015,2015-2019,Route_A_Modern,success,success,success,success,1,1,1,1
jae_8d008c223da9,2015_Beliefs-and-Attitudes-of-Secondary-Agriculture-Teachers-About-Global-Agriculture-Issues.pdf,2015,2015-2019,Route_A_Modern,success,success,success,success,1,1,1,1
jae_4ccd76121ec8,2015_Benefits-of-Career-Development-Events-as-Perceived-by-School-Based-Agricultural-Education-Teachers.pdf,2015,2015-2019,Route_A_Modern,success,success,success,success,1,1,1,1
jae_258707d0f469,2015_Bridging-Water-Issue-Knowledge-Gaps-Between-the-General-Public-and-Opinion-Leaders.pdf,2015,2015-2019,Route_A_Modern,success,success,success,success,1,1,1,1
jae_e11cc91ce645,2015_Can-Scientific-Reasoning-Scores-Predict-the-Likelihood-of-SBAE-Students-Intent-to-Pursue-a-STEM-Career-a-Career-in-Agriculture-or-Plan-to-Attend-College.pdf,2015,2015-2019,Route_A_Modern,success,success,success,success,1,1,1,1
jae_d786dd5239a4,2015_Career-and-Family-Balance-of-Texas-Agricultural-Science-Teachers-by-Gender.pdf,2015,2015-2019,Route_A_Modern,success,success,success,success,1,1,1,1
jae_3275e48da144,2015_Conflicts-of-Time-Examining-School-Schedules-in-Secondary-Agricultural-Programs.pdf,2015,2015-2019,Route_A_Modern,success,success,success,success,1,1,1,1
jae_1332c94ae675,2015_Consumers-Motivations-and-Dairy-Production-Beliefs-Regarding-Participation-in-an-Educational-Dairy-Farm-Event.pdf,2015,2015-2019,Route_A_Modern,success,success,success,success,1,1,1,1
jae_aca28ed6207d,2015_Cooperating-Teachers-Perspectives-of-Student-Teaching-Skills-and-Activities.pdf,2015,2015-2019,Route_A_Modern,success,success,success,success,1,1,1,1
jae_1147f598f560,2015_Critical-Theory-View-of-the-National-FFA-Convention.pdf,2015,2015-2019,Route_A_Modern,success,success,success,success,1,1,1,1
jae_5d5cff44c15f,2015_Determining-the-Effects-of-Reflection-Type-and-Cognitive-Style-on-Students-Content-Knowledge.pdf,2015,2015-2019,Route_A_Modern,success,success,success,success,1,1,1,1
jae_9c1fc703225f,2015_Do-What-is-Important.pdf,2015,2015-2019,Route_A_Modern,success,success,success,success,1,1,1,1
jae_861a4350cd72,2015_Does-Agricultural-Mechanics-Laboratory-Size-Affect-Agricultural-Education-Teachers-Job-Satisfaction-.pdf,2015,2015-2019,Route_A_Modern,success,success,success,success,1,1,1,1
jae_04c9fcd1b213,2015_Does-the-Number-of-Post-secondary-Agricultural-Mechanics-Courses-Completed-Affect-Teacher-Competence-.pdf,2015,2015-2019,Route_A_Modern,success,success,success,success,1,1,1,1
jae_0458da57341f,2015_Eamining-Year-long-Leadership-Gains-in-FFA-Members-by-Prior-FFA-Involvement-Class-Year-and-Gender.pdf,2015,2015-2019,Route_A_Modern,success,success,success,success,1,1,1,1
jae_af8eb1d33c57,2015_Effective-Practices-in-STEM-Integrtion-Describing-Teacher-Perceptions-and-Instructional-Method-Use.pdf,2015,2015-2019,Route_A_Modern,success,success,success,success,1,1,1,1
jae_9927dc9763aa,2015_Examining-the-Commn-Core-State-Standards-in-Agricultural-Education.pdf,2015,2015-2019,Route_A_Modern,success,success,success,success,1,1,1,1
jae_7aac9e510870,2015_Exploring-the-Effects-of-Active-Learning-on-High-School-Students-Outcomes-and-Teachers-Perceptions-of-Biotechnology-and-Genetics-Instruction.pdf,2015,2015-2019,Route_A_Modern,success,success,success,success,1,1,1,1
jae_fb1ff70e8cf9,2015_Exploring-the-Relationship-between-Self-Efficacy-and-Career-Commitment-among-Early-Career-Agriculture-Teachers.pdf,2015,2015-2019,Route_A_Modern,success,success,success,success,1,1,1,1
jae_168294ce9a64,2015_Factors-Contributing-to-Attrition-as-Reported-by-Leavers-of-Secondary-Agriculture-Programs.pdf,2015,2015-2019,Route_A_Modern,success,success,success,success,1,1,1,1
jae_43d5467e5a7e,2015_Factors-Impacting-Members-Decisions-to-Continue-FFA-Beyond-High-School.pdf,2015,2015-2019,Route_A_Modern,success,success,success,success,1,1,1,1
jae_bb01fefc3c0f,2015_Fundamental-Dimensions-and-Essential-Elements-of-Exemplary-Local-Extension-Units.pdf,2015,2015-2019,Route_A_Modern,success,success,success,success,1,1,1,1
jae_b22c9adacf7c,2015_Gendering-Agricultural-Education-A-Study-of-Historical-Pictures-of-Women-in-the-Agricultural-Education-Magazine.pdf,2015,2015-2019,Route_A_Modern,success,success,success,success,1,1,1,1
jae_9f0bd82777b6,2015_How-Time-Allocation-Impacts-Teacher-Efficacy-of-Student-Teaching-Interns-in-Agricultural-Education-A-Q-sort-Study.pdf,2015,2015-2019,Route_A_Modern,success,success,success,success,1,1,1,1
jae_a5e1ba15cb66,2015_In-service-Training-Needs-of-Agriculture-Teachers-for-Preparing-Them-to-Be-Effective-in-the-21st-Century.pdf,2015,2015-2019,Route_A_Modern,success,success,success,success,1,1,1,1
jae_588173e2e9ce,2015_Innovative-Classroom-Strategies-that-Prepare-College-Graduates-for-Workplace-Success.pdf,2015,2015-2019,Route_A_Modern,success,success,success,success,1,1,1,1
jae_f8603ca89048,2015_Inquiry-based-Instruction-Perceptions-of-National-Agriscience-Teacher-Ambassadors.pdf,2015,2015-2019,Route_A_Modern,success,success,success,success,1,1,1,1
jae_ea6331a0ca2c,2015_Intentions-of-Young-Farmers-Club-YFC-Members-to-Pursue-Career-Preparation-in-Agriculture-The-Case-of-Uganda.pdf,2015,2015-2019,Route_A_Modern,success,success,success,success,1,1,1,1
jae_12256c0ed919,2015_Interdiciplinary-Entrepreneurial-Leadership-Eduction-and-the-Development-of-Agricultural-Innovators.pdf,2015,2015-2019,Route_A_Modern,success,success,success,success,1,1,1,1
jae_eb931106b377,2015_Knowledge-and-Perceptions-of-Visual-Communications-Curriculum-in-Arkansas-Secondary-Agricultural-Classrooms-A-Closer-Look-at-Experiential-Learning-Integrations.pdf,2015,2015-2019,Route_A_Modern,success,success,success,success,1,1,1,1
jae_b2dc967fc93b,2015_Multicultural-Competence-A-Case-Study-of-Teachers-and-their-Student-Perceptions.pdf,2015,2015-2019,Route_A_Modern,success,success,success,success,1,1,1,1
jae_5db8b227cd2a,2015_Multiple-Case-Study-of-STEM-in-School-based-Agricultural-Education.pdf,2015,2015-2019,Route_A_Modern,success,success,success,success,1,1,1,1
jae_24923aa0ed6b,2015_Paxton-Revisited-The-Essence-of-the-Lived-Experiences-of-Urban-Agricultural-Education-Students.pdf,2015,2015-2019,Route_A_Modern,success,success,success,success,1,1,1,1
jae_17518dd18f73,2015_Peer-Review-in-Agricultural-Education-Interrater-Reliability-of-Manuscript-Reviews-for-the-2014-National-Agricultural-Education-Research-Conference.pdf,2015,2015-2019,Route_A_Modern,success,success,success,success,1,1,1,1
jae_225282d5c246,2015_Perceptions-of-Agriculture-Teachers-Regarding-Education-about-Biomass-Production-in-Iowa.pdf,2015,2015-2019,Route_A_Modern,success,success,success,success,1,1,1,1
jae_668c44cfc454,2015_Perceptions-of-Critical-Thinking-Task-Value-Autonomy-and-Science-Lab-Self-efficacy-A-Longitudinal-Examination-of-Students-CASE-Experience.pdf,2015,2015-2019,Route_A_Modern,success,success,success,success,1,1,1,1
jae_db63fdee28a2,2015_Preservice-Agriculture-Teachers-Perceived-Level-of-Readiness-in-an-Agricultural-Mechanics-Course.pdf,2015,2015-2019,Route_A_Modern,success,success,success,success,1,1,1,1
jae_b93fa0fbbc99,2015_Preservice-Agriculturl-Education-Teachers-Experiences-in-and-Anticipation-of-Content-Knowledge-Preparation.pdf,2015,2015-2019,Route_A_Modern,success,success,success,success,1,1,1,1
jae_9f7e798d8711,2015_Professional-Development-Needs-of-Beginning-Agricultural-Education-Teachers-in-Idaho.pdf,2015,2015-2019,Route_A_Modern,success,success,success,success,1,1,1,1
jae_9ef935334860,2015_Relevance-of-Student-Teaching-Skills-and-Activities-from-the-Perspective-of-the-Student-Teacher.pdf,2015,2015-2019,Route_A_Modern,success,success,success,success,1,1,1,1
jae_d86cf43408ae,2015_Science-Integrating-Learning-Objectives-A-Cooperative-Learning-Group-Process.pdf,2015,2015-2019,Route_A_Modern,success,success,success,success,1,1,1,1
jae_26cab2b545a2,2015_Student-Self-Perceptions-of-Leadership-in-Two-Missouri-FFA-Chapters-A-Collective-Case-Study.pdf,2015,2015-2019,Route_A_Modern,success,success,success,success,1,1,1,1
jae_608179dc78cb,2015_Supervised-Agricultural-Experience-Programs-An-Examination-of-Committed-Teachers-and-Student-Centered-Programs.pdf,2015,2015-2019,Route_A_Modern,success,success,success,success,1,1,1,1
jae_a8ffad9c5a1d,2015_Technology-Usage-of-Tennessee-Agriculture-Teachers.pdf,2015,2015-2019,Route_A_Modern,success,success,success,success,1,1,1,1
jae_030a8c46fff9,2015_The-Cultural-Adaptation-Process-During-a-Short-term-Study-Abroad-Experience-in-Swaziland.pdf,2015,2015-2019,Route_A_Modern,success,success,success,success,1,1,1,1
jae_f70def86cae0,2015_The-Effect-of-Strategic-Message-Selection-on-Residents-Intent-to-Conserve-Water-in-the-Landscape.pdf,2015,2015-2019,Route_A_Modern,success,success,success,success,1,1,1,1
jae_797c20d41501,2015_The-Impact-of-a-Capstone-Farm-Management-Course-on-Critical-Thinking-Abilities.pdf,2015,2015-2019,Route_A_Modern,success,success,success,success,1,1,1,1
jae_d7466d8361ca,2015_The-Infusion-of-Inquiry-based-Learning-into-School-Based-Agricultural-Education-A-Review-of-Literature.pdf,2015,2015-2019,Route_A_Modern,success,success,success,success,1,1,1,1
jae_7c83d69c8f35,2015_The-Relationships-between-Agriculture-Knowledge-Bases-for-Teaching-and-Sources-of-Knowledge.pdf,2015,2015-2019,Route_A_Modern,success,success,success,success,1,1,1,1
jae_e469fd8d8fcd,2015_Words-Speak-Louder-than-Action-A-Mixed-Methods-Case-Sudy.pdf,2015,2015-2019,Route_A_Modern,success,success,success,success,1,1,1,1
jae_7e0037b6d616,2015_Youth-driven-Youth-Adult-Partnerships-A-Phenoenological-Exploration-of-Agricultural-Education-Teachers-Experiences.pdf,2015,2015-2019,Route_A_Modern,success,success,success,success,1,1,1,1
jae_06132fffb7d2,2016_A-Case-Study-of-Learning-Motivation-and-Performance-Strategies-for-Teaching-and-Coaching-CDE-Teams.pdf,2016,2015-2019,Route_A_Modern,success,success,success,success,1,1,1,1
jae_ac8d715756aa,2016_A-National-Study-of-Work-Family-Balance-and-Job-Satisfaction-among-Agriculture-Teachers.pdf,2016,2015-2019,Route_A_Modern,success,success,success,success,1,1,1,1
jae_b59973d76223,2016_A-Qualitative-Analysis-of-Teachers-Perceptions-of-Common-Core-State-Standards-in-Agricultural-Education.pdf,2016,2015-2019,Route_A_Modern,success,success,success,success,1,1,1,1
jae_3a09ef10c305,2016_A-Qualitative-Examination-of-Success-Factors-for-Tenure-Track-Women-Faculty-in-Postsecondary-Agricultural-Education.pdf,2016,2015-2019,Route_A_Modern,success,success,success,success,1,1,1,1
jae_f1f859819ede,2016_Adoption-of-Information-and-Communication-Technologies-ICTs-by-Agricultural-Science-and-Extension-Teachers-in-Abuja-Nigeria.pdf,2016,2015-2019,Route_A_Modern,success,success,success,success,1,1,1,1
jae_b88d07996e2d,2016_Agricultural-Opinion-Leader-Communication-Channel-Preferences-An-Empirical-Analysis-of-Participants-of-Agricultural-and-Natural-Resource-Leadership-Development-Programs.pdf,2016,2015-2019,Route_A_Modern,success,success,success,success,1,1,1,1
jae_9c299bc28f2a,2016_An-Appreciative-Inquiry-Approach-to-Evaluating-Culture-Structure-and-Power-in-Agricultural-Teacher-Education-Program-Reform.pdf,2016,2015-2019,Route_A_Modern,success,success,success,success,1,1,1,1
jae_154fb408b8ca,2016_An-Early-Historical-Examination-of-the-Educational-Intent-of-Supervised-Agricultural-Experiences-SAEs-and-Project-Based-Learning-in-Agricultural-Education.pdf,2016,2015-2019,Route_A_Modern,success,success,success,success,1,1,1,1
jae_518acad0cf00,2016_An-Evaluation-of-the-Self-Efficacy-Theory-in-Agricultural-Education.pdf,2016,2015-2019,Route_A_Modern,success,success,success,success,1,1,1,1
jae_1108a0d45aa9,2016_An-Examination-of-Pre-service-Agricultural-Science-Teachers-Interest-and-Participation-in-International-Experiences-Motivations-and-Barriers.pdf,2016,2015-2019,Route_A_Modern,success,success,success,success,1,1,1,1
jae_59803728d557,2016_An-Observational-Analysis-of-Coaching-Behaviors-for-Career-Development-Event-Teams-A-Mixed-Methods-Study.pdf,2016,2015-2019,Route_A_Modern,success,success,success,success,1,1,1,1
jae_ff41346f32e5,2016_Analyzing-Student-Teacher-Critical-Thinking-through-Blogs-in-an-Electronic-Community-of-Practice.pdf,2016,2015-2019,Route_A_Modern,success,success,success,success,1,1,1,1
jae_276b484d9d95,2016_Biology-in-the-Agriculture-Classroom-A-Descriptive-Comparative-Study.pdf,2016,2015-2019,Route_A_Modern,success,success,success,success,1,1,1,1
jae_2062c2f3ffcd,2016_Consideration-of-Agricultural-Education-as-a-Career-A-Statewide-Examination-by-High-School-Class-Year-of-Predicting-Factors.pdf,2016,2015-2019,Route_A_Modern,success,success,success,success,1,1,1,1
jae_88832b20e9ce,2016_Deconstructing-Content-Knowledge-Coping-Strategies-and-their-Underlying-Influencers-for-Beginning-Agriculture-Teachers.pdf,2016,2015-2019,Route_A_Modern,success,success,success,success,1,1,1,1
jae_ecf3fd58af79,2016_Determining-the-Effects-of-Cognitive-Style-Problem-Complexity-and-Hypothesis-Generation-on-the-Problem-Solving-Ability-of-School-Based-Agricultural-Education-Students.pdf,2016,2015-2019,Route_A_Modern,success,success,success,success,1,1,1,1
jae_12c5e57d9240,2016_Development-and-Validation-of-an-Instrument-to-Assess-Youth-Motivation-to-Participate-in-Career-Development-Events.pdf,2016,2015-2019,Route_A_Modern,success,success,success,success,1,1,1,1
jae_fe080f019819,2016_Evaluating-Extension-Based-Leadership-Development-Programs-in-the-Southern-United-States.pdf,2016,2015-2019,Route_A_Modern,success,success,success,success,1,1,1,1
jae_e40372690aa4,2016_Examining-Undergraduate-Student-Attitude-towards-Interdisciplinary-Education.pdf,2016,2015-2019,Route_A_Modern,success,success,success,success,1,1,1,1
jae_c30532cb8ad3,2016_Expectation-Congruency-and-Psychosocial-Support-in-Formal-Agriculture-Teacher-Mentoring-Relationships.pdf,2016,2015-2019,Route_A_Modern,success,success,success,success,1,1,1,1
jae_d5f9517320d8,2016_Exploring-Agricultural-Communications-Students-Perceptions-of-Communication-Apprehension-and-Writing-Apprehension-in-the-Classroom.pdf,2016,2015-2019,Route_A_Modern,success,success,success,success,1,1,1,1
jae_f1f83ee20598,2016_Exploring-the-Relationship-between-Critical-Thinking-Style-and-Water-Conservation-Behavior-Implications-for-Extension.pdf,2016,2015-2019,Route_A_Modern,success,success,success,success,1,1,1,1
jae_69bf4760a721,2016_Exploring-the-Role-of-Agriculture-Teachers-in-Core-Academic-Integration.pdf,2016,2015-2019,Route_A_Modern,success,success,success,success,1,1,1,1
jae_d5352164fe6f,2016_Extension-Agents-Perceptions-of-a-Blended-Approach-to-Onboarding.pdf,2016,2015-2019,Route_A_Modern,success,success,success,success,1,1,1,1
jae_7c7f302f3e95,2016_Globalizing-the-Undergraduate-Experience-in-Agricultural-Leadership-Education-Extension-and-Communication.pdf,2016,2015-2019,Route_A_Modern,success,success,success,success,1,1,1,1
jae_432ef42fe36e,2016_Identification-of-the-Competencies-Needed-to-Apply-Social-Marketing-to-Extension-Programming-Results-of-a-Delphi-Study.pdf,2016,2015-2019,Route_A_Modern,success,success,success,success,1,1,1,1
jae_15e48d46cc66,2016_Identifying-Student-Cultural-Awareness-and-Perceptions-of-Different-Cultures.pdf,2016,2015-2019,Route_A_Modern,success,success,success,success,1,1,1,1
jae_a9bf8ab36dd5,2016_Impacts-of-an-Agricultural-Leadership-Extension-Program-for-County-Officials.pdf,2016,2015-2019,Route_A_Modern,success,success,success,success,1,1,1,1
jae_9a14609774d2,2016_Influence-of-Knowledge-of-Content-and-Students-on-Beginning-Agriculture-Teachers-Approaches-to-Teaching-Content.pdf,2016,2015-2019,Route_A_Modern,success,success,success,success,1,1,1,1
jae_43720f69310b,2016_Informing-Extension-Program-Development-Through-Audience-Segmentation-Targeting-High-Water-Users.pdf,2016,2015-2019,Route_A_Modern,success,success,success,success,1,1,1,1
jae_959c02f5b0a6,2016_Knowledge-Skills-or-Attitudes-Beliefs-The-Contexts-of-Agricultural-Literacy-in-Upper-Elementary-Science-Curricula.pdf,2016,2015-2019,Route_A_Modern,success,success,success,success,1,1,1,1
jae_6f88f2bc1c52,2016_Leadership-Programming-Exploring-a-Path-to-Faculty-Engagement-in-Transformational-Leadership.pdf,2016,2015-2019,Route_A_Modern,success,success,success,success,1,1,1,1
jae_970bd0e7215e,2016_Part-of-What-We-Do-Teacher-Perceptions-of-STEM-Integration.pdf,2016,2015-2019,Route_A_Modern,success,success,success,success,1,1,1,1
jae_bd11a684e58b,2016_Saving-Citrus-Does-the-Next-Generation-see-GM-Science-as-a-Solution-.pdf,2016,2015-2019,Route_A_Modern,success,success,success,success,1,1,1,1
jae_c43ec4827c65,2016_Student-Perceptions-Concerning-their-Experience-in-a-Flipped-Undergraduate-Capstone-Course.pdf,2016,2015-2019,Route_A_Modern,success,success,success,success,1,1,1,1
jae_74ce52b39ef6,2016_Student-Teacher-Activities-Are-They-Relevant-The-University-Supervisor-s-Perspective.pdf,2016,2015-2019,Route_A_Modern,success,success,success,success,1,1,1,1
jae_6ef2fadca74d,2016_Student-Teacher-Dialogue-in-an-Electronic-Community-of-Practice-Cognition-Level-Related-to-the-INTASC-Standards.pdf,2016,2015-2019,Route_A_Modern,success,success,success,success,1,1,1,1
jae_1f547efa0d5b,2016_Student-to-Student-Interaction-in-Distance-Education-Classes-What-Do-Graduate-Students-Want-.pdf,2016,2015-2019,Route_A_Modern,success,success,success,success,1,1,1,1
jae_49cbb0d8251b,2016_Students-Motivations-Value-and-Decision-to-Participate-in-Service-Learning-at-the-National-FFA-Days-of-Service.pdf,2016,2015-2019,Route_A_Modern,success,success,success,success,1,1,1,1
jae_59aad0575d48,2016_Supervised-Agricultural-Experience-Programs-An-Examination-of-the-Development-and-Implementation-of-Urban-Programs.pdf,2016,2015-2019,Route_A_Modern,success,success,success,success,1,1,1,1
jae_992b6e93c6c9,2016_Supervisor-Involvement-and-Professional-Development-Needs-Associated-with-SAE-Programming-and-Safety.pdf,2016,2015-2019,Route_A_Modern,success,success,success,success,1,1,1,1
jae_04df765acda1,2016_Synthesis-of-Contemporary-SAE-Research-1994-2014.pdf,2016,2015-2019,Route_A_Modern,success,success,success,success,1,1,1,1
jae_35a725625382,2016_Teacher-perceived-Adequacy-of-Tools-and-Equipment-Available-to-Teach-Agricultural-Mechanics.pdf,2016,2015-2019,Route_A_Modern,success,success,success,success,1,1,1,1
jae_b481922a245e,2016_Teaching-STEM-through-Horticulture-Implementing-an-Edible-Plant-Curriculum-at-a-STEM-centric-Elementary-School.pdf,2016,2015-2019,Route_A_Modern,success,success,success,success,1,1,1,1
jae_6fac9393772c,2016_The-American-Association-for-Agricultural-Education-Our-Powerful-Professional-Organization-Made-up-of-Remarkable-Faculty-Members.pdf,2016,2015-2019,Route_A_Modern,success,success,success,success,1,1,1,1
jae_a274d98d6575,2016_The-Benefits-of-FFA-Membership-as-Part-of-Agricultural-Education.pdf,2016,2015-2019,Route_A_Modern,success,success,success,success,1,1,1,1
jae_f081f8429da8,2016_The-CROPS-Curriculum-Experiment-Evaluating-the-Farm-Safety-Knowledge-Gained-Among-Secondary-Appalachia-Youth.pdf,2016,2015-2019,Route_A_Modern,success,success,success,success,1,1,1,1
jae_9db665d7544b,2016_The-Chasm-Between-Beliefs-and-Practice-A-Case-Study-of-the-Epistemological-Positions-of-Pre-Service-Agricultural-Education-Teachers.pdf,2016,2015-2019,Route_A_Modern,success,success,success,success,1,1,1,1
jae_33bac72c2c4e,2016_The-Effects-of-Kolb-s-Experiential-Learning-Model-on-Successful-Intelligence-in-Secondary-Agriculture-Students.pdf,2016,2015-2019,Route_A_Modern,success,success,success,success,1,1,1,1
jae_ab1d09a4911f,2016_The-Impacts-of-a-School-Garden-Program-on-Urban-Middle-School-Youth.pdf,2016,2015-2019,Route_A_Modern,success,success,success,success,1,1,1,1
jae_bfb9e0558e88,2016_The-Importance-of-Source-A-Mixed-Methods-Analysis-of-Undergraduate-Students-Attitudes-Toward-Genetically-Modified-Food.pdf,2016,2015-2019,Route_A_Modern,success,success,success,success,1,1,1,1
jae_5b8f16a62606,2016_The-Meaning-and-Relevancy-of-Innovation-and-Entrepreneurship-An-Exploration-of-Agriculture-Teacher-Preparation-and-Perspectives.pdf,2016,2015-2019,Route_A_Modern,success,success,success,success,1,1,1,1
jae_2c5b6e023d93,2016_Undergraduate-Student-Course-Engagement-and-the-Influence-of-Student-Contextual-and-Teacher-Variables.pdf,2016,2015-2019,Route_A_Modern,success,success,success,success,1,1,1,1
jae_cf96b2803363,2016_Using-Perceived-Differences-in-Views-of-Agricultural-Water-Use-to-Inform-Practice.pdf,2016,2015-2019,Route_A_Modern,success,success,success,success,1,1,1,1
jae_d3b132490e5e,2016_Using-the-Tuning-Protocol-to-Generate-Peer-Feedback-During-Student-Teaching-Lesson-Plan-Development.pdf,2016,2015-2019,Route_A_Modern,success,success,success,success,1,1,1,1
jae_5f9afa37f920,2016_Variability-Versus-Continuity-Student-Teachers-Perceptions-of-Two-University-Supervision-Formats.pdf,2016,2015-2019,Route_A_Modern,success,success,success,success,1,1,1,1
jae_56163acb23e0,2016_Ways-of-Knowing-Sharing-and-Translating-Agricultural-Knowledge-and-Perspectives-Alternative-Epistemologies-across-Non-formal-and-Informal-Settings.pdf,2016,2015-2019,Route_A_Modern,success,success,success,success,1,1,1,1
jae_8f72af99f9dd,2016_Why-Agriculture-Teachers-Leave-A-National-Examination-of-Turnover-Intentions-and-Work-Family-Conflict.pdf,2016,2015-2019,Route_A_Modern,success,success,success,success,1,1,1,1
jae_3662f09a90ea,2017_58.2.7.pdf,2017,2015-2019,Route_A_Modern,success,success,success,success,1,1,1,1
jae_5cf8f7da89cc,2017_A-Comparative-Analysis-of-College-Readiness-Assessment-Results-of-Illinois-High-School-Agriculture-Students.pdf,2017,2015-2019,Route_A_Modern,success,success,success,success,1,1,1,1
jae_f9505e3a9dce,2017_A-Content-Analysis-of-the-2016-National-Teach-Ag-Day-s-Facebook-Posts.pdf,2017,2015-2019,Route_A_Modern,success,success,success,success,1,1,1,1
jae_3a5e34524bcd,2017_A-Multidimensional-Needs-Assessment-of-Social-Emotional-Learning-Skill-Areas.pdf,2017,2015-2019,Route_A_Modern,success,success,success,success,1,1,1,1
jae_e30290ff9fa8,2017_A-National-Study-of-Work-Characterisitcs-and-Work-Family-Conflict-among-Secondary-Agricultural-Educators.pdf,2017,2015-2019,Route_A_Modern,success,success,success,success,1,1,1,1
jae_3b9b2782cdd6,2017_A-Profile-of-Agricultural-Education-Teachers-with-Exemplary-Rural-Agricultural-Entrepreneurship-Education-Programs.pdf,2017,2015-2019,Route_A_Modern,success,success,success,success,1,1,1,1
jae_be666b31bf38,2017_A-Quasi-Experimental-Examination-Cognitive-Sequencing-of-Instruction-Using-Experiential-Learning-Theory-for-STEM-Concepts-in-Agricultural-Education.pdf,2017,2015-2019,Route_A_Modern,success,success,success,success,1,1,1,1
jae_0d20d7258494,2017_Advisory-Councils-in-Tennessee-School-Based-Agricultural-Education-Programs.pdf,2017,2015-2019,Route_A_Modern,success,success,success,success,1,1,1,1
jae_77ba091beeaf,2017_Agriculture-Teacher-Awareness-and-Application-of-Self-Regulation-Strategies.pdf,2017,2015-2019,Route_A_Modern,success,success,success,success,1,1,1,1
jae_b6f5380fc813,2017_An-Exploration-of-How-Attire-Shapes-High-School-Students-Perceptions-of-Agriculture-Teachers.pdf,2017,2015-2019,Route_A_Modern,success,success,success,success,1,1,1,1
jae_9d81343a566c,2017_An-Exploration-of-Relationships-between-Teaching-Practices-in-Secondary-Agricultural-Education-Programs-and-Student-Engagement.pdf,2017,2015-2019,Route_A_Modern,success,success,success,success,1,1,1,1
jae_a87b0a7723e6,2017_An-Investigation-of-Factors-that-Influence-the-Hypothesis-Generation-Ability-of-Students-in-School-Based-Agricultural-Education-Programs-when-Troubleshooting-Small-Gasline-Engines.pdf,2017,2015-2019,Route_A_Modern,success,success,success,success,1,1,1,1
jae_7324c87670f5,2017_Analyzing-Relationship-between-Four-Teacher-Competence-Areas-and-Commitment-to-Teaching.pdf,2017,2015-2019,Route_A_Modern,success,success,success,success,1,1,1,1
jae_803ce31fdb3b,2017_Assessing-Tennessee-Livestock-Producers-Awareness-Attitudes-and-Perceptions-of-Right-of-Way-Hay-Harvesting.pdf,2017,2015-2019,Route_A_Modern,success,success,success,success,1,1,1,1
jae_95dff3ea6fa3,2017_Building-Extension-Partnerships-with-Government-to-Further-Water-Conservation-Efforts.pdf,2017,2015-2019,Route_A_Modern,success,success,success,success,1,1,1,1
jae_2eee8eb77909,2017_Capital-A-Capital-E-Ripples-in-the-Agricultural-Education-Pool.pdf,2017,2015-2019,Route_A_Modern,success,success,success,success,1,1,1,1
jae_5ee66f6901ed,2017_Characteristics-of-Enthusiastic-and-Growing-School-Based-Agricultural-Education-Teachers-A-Delphi-Approach.pdf,2017,2015-2019,Route_A_Modern,success,success,success,success,1,1,1,1
jae_9b4e60829c06,2017_Concerns-of-Female-Preservice-Teachers-in-Teaching-and-Supervising-the-Agricultural-Mechanics-Laboratory.pdf,2017,2015-2019,Route_A_Modern,success,success,success,success,1,1,1,1
jae_61b69b7cbb83,2017_Connecting-Problem-solving-Style-to-Peer-Evaluations-of-Performance-in-Secondary-Cooperative-Learning-Projects.pdf,2017,2015-2019,Route_A_Modern,success,success,success,success,1,1,1,1
jae_9a4a9a17b52e,2017_Conversing-about-Citrus-Greening-Extension-s-Role-in-Educating-about-Genetic-Modification-Science-as-a-Solution.pdf,2017,2015-2019,Route_A_Modern,success,success,success,success,1,1,1,1
jae_d4c19be19866,2017_Describing-Parents-Perceptions-Valuation-and-Support-of-Study-Abroad-Programs-at-Three-Southern-Land-Grant-Universities.pdf,2017,2015-2019,Route_A_Modern,success,success,success,success,1,1,1,1
jae_9ffa04850938,2017_Determining-Change-in-Students-Writing-Apprehension-Scores-in-a-Writing-Intensive-Course-A-Pre-Test-Post-Test-Design.pdf,2017,2015-2019,Route_A_Modern,success,success,success,success,1,1,1,1
jae_dc0ff7994ece,2017_Developing-Self-Efficacy-Exploring-Preservice-Coursework-Teaching-and-Professional-Development-Experiences.pdf,2017,2015-2019,Route_A_Modern,success,success,success,success,1,1,1,1
jae_a904c704037d,2017_Discovering-Quality-in-Teacher-Education-Perceptions-Concerning-What-Makes-and-Effective-Cooperating-Teacher.pdf,2017,2015-2019,Route_A_Modern,success,success,success,success,1,1,1,1
jae_5a2e9f2fce86,2017_Effects-of-the-Order-of-Abstraction-and-Type-of-Reflection-on-Content-Knowledge-when-Teaching-Experientially-in-a-High-School-Classroom.pdf,2017,2015-2019,Route_A_Modern,success,success,success,success,1,1,1,1
jae_c9513ac30d8e,2017_Encouraging-Engagement-in-Water-Conservation-Can-Trust-from-Extension-Create-Change-.pdf,2017,2015-2019,Route_A_Modern,success,success,success,success,1,1,1,1
jae_3818a0277c0f,2017_Enhancing-Extension-Programs-by-Discussion-Water-Conservation-Technology-Adoption-with-Growers.pdf,2017,2015-2019,Route_A_Modern,success,success,success,success,1,1,1,1
jae_282f9f17cd66,2017_Enhancing-Student-Teacher-Supervision-Through-Hybridization-Adding-e-Supervision-to-the-Mix.pdf,2017,2015-2019,Route_A_Modern,success,success,success,success,1,1,1,1
jae_90fcf4cda414,2017_Evaluation-of-an-Annual-Community-Focused-Agricultural-Literacy-Event.pdf,2017,2015-2019,Route_A_Modern,success,success,success,success,1,1,1,1
jae_74c01259a0c7,2017_Examining-Thought-Proceses-to-Understand-the-Impact-of-Water-Conservation-Messages-on-Attitude.pdf,2017,2015-2019,Route_A_Modern,success,success,success,success,1,1,1,1
jae_d1ddd333e65f,2017_Examining-the-Relationship-Between-the-Perceived-Adequacy-of-Tools-and-Equipmentand-Perceived-Competency-to-Teach-Agricultural-Mechanics.pdf,2017,2015-2019,Route_A_Modern,success,success,success,success,1,1,1,1
jae_8ac920d165f0,2017_Experiences-of-Agricultural-Education-Preservice-Teachers-Engaging-in-Critical-Friendships.pdf,2017,2015-2019,Route_A_Modern,success,success,success,success,1,1,1,1
jae_56183549791c,2017_Exploring-Elementary-Students-Scientific-Knolwedge-of-Agriculture-Using-Evidence-Centered-Design.pdf,2017,2015-2019,Route_A_Modern,success,success,success,success,1,1,1,1
jae_fb9264f8237d,2017_Exploring-How-Pedagogical-Strategies-Change-Student-Perceptions-of-Writing-Apprehension.pdf,2017,2015-2019,Route_A_Modern,success,success,success,success,1,1,1,1
jae_ce1df55ba21f,2017_Exploring-Relationships-between-Personal-Variables-Programmatic-Variables-and-Self-Efficacy-in-School-Based-Agricultural-Education.pdf,2017,2015-2019,Route_A_Modern,success,success,success,success,1,1,1,1
jae_bd7341c48290,2017_Facilities-in-School-Based-Agricultural-Education-SBAE-A-Historical-Inquiry.pdf,2017,2015-2019,Route_A_Modern,success,success,success,success,1,1,1,1
jae_6b92c02ea119,2017_Fctors-that-Influence-Engagement-in-Home-Food-Production-Perceptions-of-Citizens-of-Trinidad.pdf,2017,2015-2019,Route_A_Modern,success,success,success,success,1,1,1,1
jae_76a74d870a28,2017_Graduate-STEM-Based-Agriculture-Education-and-Women-Agriculturalists-An-Agency-Perspective.pdf,2017,2015-2019,Route_A_Modern,success,success,success,success,1,1,1,1
jae_37935dc926d2,2017_How-the-Quantity-of-Agricultural-Mechanics-Training-Received-at-the-Secondary-Level-Impact-Teacher-Perceived-Importance-of-Agricultural-Mechanics.pdf,2017,2015-2019,Route_A_Modern,success,success,success,success,1,1,1,1
jae_57f7bc3a4709,2017_Identifying-International-Agricultural-Concepts-for-Secondary-Agricultural-Education-Curriculum.pdf,2017,2015-2019,Route_A_Modern,success,success,success,success,1,1,1,1
jae_d33e132d70a8,2017_Identifying-the-Needs-of-Opinion-Leaders-to-Encourage-Widespread-Adoption-of-Water-Conservation-and-Protection.pdf,2017,2015-2019,Route_A_Modern,success,success,success,success,1,1,1,1
jae_952a8da99bde,2017_Impacts-of-Personal-Experience-Informing-Water-Conservation-Extension-Education.pdf,2017,2015-2019,Route_A_Modern,success,success,success,success,1,1,1,1
jae_df494061bcee,2017_Instructors-Use-of-the-Principles-of-Teaching-and-Learning-During-College-Class-Sessions.pdf,2017,2015-2019,Route_A_Modern,success,success,success,success,1,1,1,1
jae_1e52becc2604,2017_Leadership-Learning-Opportunities-in-Agriculture-Food-and-Natural-Resources-Education-The-Role-of-the-Teacher.pdf,2017,2015-2019,Route_A_Modern,success,success,success,success,1,1,1,1
jae_5a706391b2a6,2017_Long-term-Impacts-of-a-Faculty-Development-Program-for-the-Internationalization-of-Curriculum-in-Higher-Education.pdf,2017,2015-2019,Route_A_Modern,success,success,success,success,1,1,1,1
jae_52d21ff4f0de,2017_Millenial-and-Non-millenial-Agriculture-Teachers-Current-and-Ideal-Emphasis-on-the-Three-Components-of-the-Agricultural-Education-Program.pdf,2017,2015-2019,Route_A_Modern,success,success,success,success,1,1,1,1
jae_a5295fbce78e,2017_Online-Certificate-Program-Moves-Participants-to-Advanced-Stages-of-Concern-for-Social-Marketing.pdf,2017,2015-2019,Route_A_Modern,success,success,success,success,1,1,1,1
jae_2810e9dd88d3,2017_Perceptions-of-Agricultural-Leadership-Academic-Programs-of-1862-Land-Grant-Universities.pdf,2017,2015-2019,Route_A_Modern,success,success,success,success,1,1,1,1
jae_511d7c5ffefa,2017_Power-of-Statistical-Tests-Used-to-Address-Nonresponse-Error-in-the-Journal-of-Agricultural-Education.pdf,2017,2015-2019,Route_A_Modern,success,success,success,success,1,1,1,1
jae_1d7918cab0b3,2017_Preliminary-Development-of-an-Attrition-Risk-Assessment-Instrument-for-Secondary-Agricultural-Educators.pdf,2017,2015-2019,Route_A_Modern,success,success,success,success,1,1,1,1
jae_9fd5580ba9a9,2017_Previous-Experience-Not-Required-Contextualizing-the-Choice-to-Teach-School-Based-Agricultural-Education.pdf,2017,2015-2019,Route_A_Modern,success,success,success,success,1,1,1,1
jae_0e73434a813d,2017_Professional-Development-Needs-of-Mid-Career-Agriculture-Teachers.pdf,2017,2015-2019,Route_A_Modern,success,success,success,success,1,1,1,1
jae_57f941505ee5,2017_Role-of-the-Agricultural-Industry-and-Judging-Events-in-Formation-of-the-Future-Farmers-of-America.pdf,2017,2015-2019,Route_A_Modern,success,success,success,success,1,1,1,1
jae_152afe697fbc,2017_School-Culture-s-Influence-on-Beginning-Agriculture-Teachers-Job-Satisfaction-and-Teacher-Self-Efficacy.pdf,2017,2015-2019,Route_A_Modern,success,success,success,success,1,1,1,1
jae_31d3ec1cc7bf,2017_Seeing-What-They-See-A-Photovoice-Analysis-of-Exploratory-Early-Field-Experiences.pdf,2017,2015-2019,Route_A_Modern,success,success,success,success,1,1,1,1
jae_5c590c6c8fef,2017_Shaping-Pedagogical-Content-Knowledge-for-Experienced-Agriculture-Teachers-in-the-Plant-Sciences-A-Grounded-Theory.pdf,2017,2015-2019,Route_A_Modern,success,success,success,success,1,1,1,1
jae_f694d8aa6ea8,2017_Skills-Students-Need-in-the-Real-World-Competencies-Desired-by-Agricultural-and-Natural-Resources-Industry-Leaders.pdf,2017,2015-2019,Route_A_Modern,success,success,success,success,1,1,1,1
jae_31c4c3a7cf11,2017_State-Wide-Self-Assessment-of-General-Program-Standards-for-Agricultural-Education.pdf,2017,2015-2019,Route_A_Modern,success,success,success,success,1,1,1,1
jae_867620ebba28,2017_Students-Perceptions-of-School-Based-Agricultural-Education-Through-an-Initial-Early-Field-Experience.pdf,2017,2015-2019,Route_A_Modern,success,success,success,success,1,1,1,1
jae_d978aec953bd,2017_Supervised-Agricultural-Experience-Instruction-in-Agricultural-Teacher-Education-Programs-A-National-Descriptive-Study.pdf,2017,2015-2019,Route_A_Modern,success,success,success,success,1,1,1,1
jae_38d6981d084d,2017_Teachers-Beliefs-about-the-Purpose-of-Agricultural-Education-and-its-Influence-on-their-Pedagogical-Content-Knowledge.pdf,2017,2015-2019,Route_A_Modern,success,success,success,success,1,1,1,1
jae_9ac44becb357,2017_Teaching-with-Animals-The-Role-of-Animal-Ambassadors-in-Improving-Presenter-Communication-Skills.pdf,2017,2015-2019,Route_A_Modern,success,success,success,success,1,1,1,1
jae_14442287ba97,2017_The-Black-Swans-of-Agricultural-Education-A-Glimpse-into-theLived-Experiencesthat-Shapte-Urban-Agricultural-Educators-Meaning-in-Work.pdf,2017,2015-2019,Route_A_Modern,success,success,success,success,1,1,1,1
jae_75347832b2a6,2017_The-Conflicts-of-Agriculture-Exploring-the-Agricultural-Ideologies-of-University-Agricultural-Education-Students.pdf,2017,2015-2019,Route_A_Modern,success,success,success,success,1,1,1,1
jae_ca004eaf51fb,2017_The-Effect-of-Social-Media-on-University-Students-Perceptions-of-the-Beef-Industry.pdf,2017,2015-2019,Route_A_Modern,success,success,success,success,1,1,1,1
jae_d68364e827e1,2017_The-Effects-of-an-Experiential-Approach-to-Learning-on-Student-Motivation.pdf,2017,2015-2019,Route_A_Modern,success,success,success,success,1,1,1,1
jae_a777f1ebd949,2017_The-Mentoring-Experience-Leadership-Development-Program-Perspectives.pdf,2017,2015-2019,Route_A_Modern,success,success,success,success,1,1,1,1
jae_14152a53af8e,2017_The-Politics-of-Extension-Water-Programming-Determining-if-Affiliation-Impacts-Participation.pdf,2017,2015-2019,Route_A_Modern,success,success,success,success,1,1,1,1
jae_4e58d3861d88,2017_The-Role-of-Teachers-in-Facilitating-Mathematics-Learning-Opprtunities-in-Agriculture-Food-and-Natural-Resources.pdf,2017,2015-2019,Route_A_Modern,success,success,success,success,1,1,1,1
jae_d1d7f839149a,2017_Towards-Developing-an-Industry-Validated-Food-Technology-Curriculum-in-Afghanistan.pdf,2017,2015-2019,Route_A_Modern,success,success,success,success,1,1,1,1
jae_9a97607b371a,2017_U-S-Adults-with-Agricultural-Experience-Report-More-Genetic-Engineering-Familiarity-than-Those-Without.pdf,2017,2015-2019,Route_A_Modern,success,success,success,success,1,1,1,1
jae_e6faa74c6623,2017_Undergraduate-Knowledge-Legitimation-Strategies-Metacognition-and-Epistemological-Development.pdf,2017,2015-2019,Route_A_Modern,success,success,success,success,1,1,1,1
jae_289dd9ab6356,2017_Using-Audience-Segmentation-to-Tailor-Residential-Irrigation-Water-Conservation-Programs.pdf,2017,2015-2019,Route_A_Modern,success,success,success,success,1,1,1,1
jae_3aa9e40a617b,2017_Using-Critical-Thinking-Styles-of-Opinion-Leaders-to-Drive-Extension-Communication.pdf,2017,2015-2019,Route_A_Modern,success,success,success,success,1,1,1,1
jae_9cbd66f68115,2017_Using-Epistemological-Positions-and-Orientations-to-Instruction-to-Explore-School-Based-Agricultural-Educators-Perpetual-Identities-A-Q-Short-Study.pdf,2017,2015-2019,Route_A_Modern,success,success,success,success,1,1,1,1
jae_d02b83793664,2017_Using-Home-Irrigation-Users-Perceptions-to-Inform-Water-Conservation-Programs.pdf,2017,2015-2019,Route_A_Modern,success,success,success,success,1,1,1,1
jae_712beae55788,2017_Using-the-Theory-of-Planned-Behavior-to-Encourage-Water-Conservation-among-Extensin-Clients.pdf,2017,2015-2019,Route_A_Modern,success,success,success,success,1,1,1,1
jae_c51b7c47b677,2017_When-Defining-Agriculture-and-Science-Explicit-is-not-a-Bad-Word.pdf,2017,2015-2019,Route_A_Modern,success,success,success,success,1,1,1,1
jae_d85757915faa,2017_You-Seize-What-Pops-Up-A-Qualitative-Investigation-of-The-Core-Features-of-School-Based-Agricultural-Education-Professional-Development.pdf,2017,2015-2019,Route_A_Modern,success,success,success,success,1,1,1,1
jae_a71cda81d90a,2018_59.4.12_rev.pdf,2018,2015-2019,Route_A_Modern,success,success,success,success,1,1,1,1
jae_c1a983cb45c2,2018_A-Capstone-Experience-Impacts-of-a-Behavioral-Style-Learning-Unit-on-Soft-Skill-Development-and-Team-Dynamics.pdf,2018,2015-2019,Route_A_Modern,success,success,success,success,1,1,1,1
jae_98a84e81c1e0,2018_A-Description-of-the-Professional-Identities-of-Arkansas-Agriculture-Teachers.pdf,2018,2015-2019,Route_A_Modern,success,success,success,success,1,1,1,1
jae_39e8e3c41d8c,2018_A-Measure-of-Self-Regulated-Learning-in-Online-Agriculture-Courses.pdf,2018,2015-2019,Route_A_Modern,success,success,success,success,1,1,1,1
jae_81d94e80e1f1,2018_A-Model-for-Understanding-Decision-Making-Related-to-Agriculture-and-Natural-Resource-Science-and-Technology.pdf,2018,2015-2019,Route_A_Modern,success,success,success,success,1,1,1,1
jae_a9244adba74d,2018_A-National-Analysis-of-School-Based-Agricultural-Education-Involvement-Graduation-STEM-Achievement-and-Income.pdf,2018,2015-2019,Route_A_Modern,success,success,success,success,1,1,1,1
jae_8c6225296296,2018_A-Practical-Solution-to-Developing-County-Extension-Director-s-Leadership-Skills-Exploring-the-Design-Delivery-and-Evaluation-of-an-Online-Leadership-Development-Program.pdf,2018,2015-2019,Route_A_Modern,success,success,success,success,1,1,1,1
jae_d8c3e1655978,2018_A-Profile-of-Exemplary-Rural-Agricultural-Entrepreneurship-Education-Programs.pdf,2018,2015-2019,Route_A_Modern,success,success,success,success,1,1,1,1
jae_1c8a9aa3480c,2018_Agricultural-Communications-Skills-Abilities-And-Knowledge-Desired-By-Employers-Compared-To-Current-Curriculum-A-Literary-Review.pdf,2018,2015-2019,Route_A_Modern,success,success,success,success,1,1,1,1
jae_cbf55177102f,2018_Agricultural-Mechanics-Lab-Safety-Practices-in-South-Texas.pdf,2018,2015-2019,Route_A_Modern,success,success,success,success,1,1,1,1
jae_820bd90aa116,2018_Agriculture-Teachers-Integrated-Belief-Systems-and-its-Influence-on-their-Pedagogical-Content-Knowledge.pdf,2018,2015-2019,Route_A_Modern,success,success,success,success,1,1,1,1
jae_18ca9a57038e,2018_Agriscience-Education-Through-Inquiry-Based-Learning-Investigating-Factors-that-Influence-the-Science-Competence-of-Middle-School-Students.pdf,2018,2015-2019,Route_A_Modern,success,success,success,success,1,1,1,1
jae_8fb60c6f01a2,2018_Alternative-Certification-A-Solution-or-an-Alternative-Problem-.pdf,2018,2015-2019,Route_A_Modern,success,success,success,success,1,1,1,1
jae_1f5d79cc7fa0,2018_An-Analysis-of-Education-related-Policies-Regarding-the-Participation-Potential-of-Homeschool-Students-in-Agricultural-Education-and-FFA.pdf,2018,2015-2019,Route_A_Modern,success,success,success,success,1,1,1,1
jae_b7e1e06d813b,2018_Applying-Eye-Tracking-Research-in-Education-and-Communication-to-Agricultural-Education-and-Communication-A-Review-of-Literature.pdf,2018,2015-2019,Route_A_Modern,success,success,success,success,1,1,1,1
jae_e2e3faf98eb3,2018_Assessing-the-Effects-of-the-Smartphone-as-a-Learning-Tool-on-the-Academic-Achievement-of-School-Based-Agricultural-Education-Students-in-Louisiana.pdf,2018,2015-2019,Route_A_Modern,success,success,success,success,1,1,1,1
jae_c80ad4b189a5,2018_Assessing-the-Technical-Expertise-and-Content-Needs-of-Alabama-Agriscience-Teachers.pdf,2018,2015-2019,Route_A_Modern,success,success,success,success,1,1,1,1
jae_8c4fe88aba27,2018_Beginning-SBAE-Teachers-Metal-Fabrication-Knowledge-Needs-Implications-for-Teacher-Preparation.pdf,2018,2015-2019,Route_A_Modern,success,success,success,success,1,1,1,1
jae_e035d7f8f111,2018_Can-Dissatisfaction-Relative-to-Perceived-Importance-Affect-Extension-Clients-Landscape-Management-Practices-.pdf,2018,2015-2019,Route_A_Modern,success,success,success,success,1,1,1,1
jae_08f76a925417,2018_Can-they-Relate-Teaching-Undergraduate-Students-about-Agricultural-and-Natural-Resource-Issues.pdf,2018,2015-2019,Route_A_Modern,success,success,success,success,1,1,1,1
jae_efe578643283,2018_Communicating-to-Landowners-in-the-Texas-Little-River-Watershed-A-Descriptive-Analysis-of-Their-Communication-Preferences-for-Receiving-Water-Related-Information.pdf,2018,2015-2019,Route_A_Modern,success,success,success,success,1,1,1,1
jae_0df5754c6efe,2018_Conceptualizing-Integrative-Agricultural-Education-Introductory-Framework-for-Integrating-Mathematics-in-Agricultural-Curriculum.pdf,2018,2015-2019,Route_A_Modern,success,success,success,success,1,1,1,1
jae_5b045513a73f,2018_Early-Field-Experience-Course-Students-Perceptions-of-School-based-Agricultural-Education-Laboratory-Environments.pdf,2018,2015-2019,Route_A_Modern,success,success,success,success,1,1,1,1
jae_30fc928bd9d6,2018_Effects-of-Question-Difficulty-and-Post-Question-Wait-Time-on-Cognitive-Engagement-A-Psychophysiological-Analysis.pdf,2018,2015-2019,Route_A_Modern,success,success,success,success,1,1,1,1
jae_e376fe5b6658,2018_Employee-Perceptions-of-Branding-Materials-and-External-Communications-for-a-State-Forestry-Organization.pdf,2018,2015-2019,Route_A_Modern,success,success,success,success,1,1,1,1
jae_836aaf8deaf6,2018_Evaluating-First-Year-Agriculture-Teachers-Use-of-Reflection.pdf,2018,2015-2019,Route_A_Modern,success,success,success,success,1,1,1,1
jae_d3a818fd044c,2018_Examining-Student-Perceptions-of-Their-Experience-in-a-TBL-Formatted-Capstone-Course.pdf,2018,2015-2019,Route_A_Modern,success,success,success,success,1,1,1,1
jae_abd07519aa8d,2018_Examining-Study-Abroad-Involvement-A-Descriptive-and-Comparative-Analysis-of-Agriculture-Teaching-Faculty.pdf,2018,2015-2019,Route_A_Modern,success,success,success,success,1,1,1,1
jae_e52a2653f4b0,2018_Examining-the-Critical-Moments-in-Information-Processing-of-Water-Conservation-Videos-within-Young-Farmers-and-Ranchers-A-Psychophysiological-Analysis.pdf,2018,2015-2019,Route_A_Modern,success,success,success,success,1,1,1,1
jae_c98ab6dbfaf5,2018_Experimental-Studies-in-School-based-Agricultural-Education-from-2006-2016-A-Synthesis-of-the-Literature-in-the-Journal-of-Agricultural-Education.pdf,2018,2015-2019,Route_A_Modern,success,success,success,success,1,1,1,1
jae_f19b4f41aca3,2018_Exploring-Undergraduate-Students-Attitude-Toward-Undocumented-Immigration-Implications-for-Agricultural-Education.pdf,2018,2015-2019,Route_A_Modern,success,success,success,success,1,1,1,1
jae_7efc872f566f,2018_Exploring-the-Effect-of-Personal-Norms-and-Perceived-Cost-of-Water-on-Conservation.pdf,2018,2015-2019,Route_A_Modern,success,success,success,success,1,1,1,1
jae_eda4b60c8063,2018_Factors-Contributing-to-Illinois-School-Based-Agriculture-Teachers-Final-Decision-to-Leave-the-Classroom.pdf,2018,2015-2019,Route_A_Modern,success,success,success,success,1,1,1,1
jae_7163bebb0357,2018_Flipped-Programs-Traditional-Agricultural-Education-in-Non-Traditional-Programs.pdf,2018,2015-2019,Route_A_Modern,success,success,success,success,1,1,1,1
jae_58c5d7df8ecc,2018_Forecasting-College-Students-Motivations-to-Study-Abroad-A-Pilot-Study.pdf,2018,2015-2019,Route_A_Modern,success,success,success,success,1,1,1,1
jae_83aa5cc673db,2018_Identifying-Extension-Agent-Needs-Associated-with-Communicating-about-Policies-and-Regulations.pdf,2018,2015-2019,Route_A_Modern,success,success,success,success,1,1,1,1
jae_3c63146b3345,2018_Identifying-Generational-Differences-to-Target-Extension-Programming-when-Discussing-Genetic-Modification.pdf,2018,2015-2019,Route_A_Modern,success,success,success,success,1,1,1,1
jae_bbb1c75ef703,2018_Identifying-the-First-Generation-Leaders-in-Agricultural-Education-The-Lost-Stimson-Manuscript.pdf,2018,2015-2019,Route_A_Modern,success,success,success,success,1,1,1,1
jae_892fe1a11b07,2018_Imaging-Service-Learning-in-The-Agricultural-Education-Magazine-from-1929-to-2009-Implications-for-the-Method-s-Reframing-and-Use.pdf,2018,2015-2019,Route_A_Modern,success,success,success,success,1,1,1,1
jae_d4f3dfbc7f76,2018_Impact-of-Agricultural-Mechanics-Camp-on-Intentions-To-Teach.pdf,2018,2015-2019,Route_A_Modern,success,success,success,success,1,1,1,1
jae_4d40fd555b40,2018_Impact-of-Teacher-Attire-on-Students-Views-of-Teacher-Credibility-Attitude-Homophily-and-Background-Homophily-within-School-based-Agricultural-Education-Programs.pdf,2018,2015-2019,Route_A_Modern,success,success,success,success,1,1,1,1
jae_07f609ca5985,2018_Influence-of-Social-Support-on-Teacher-Self-Efficacy-in-Novice-Agricultural-Education-Teachers.pdf,2018,2015-2019,Route_A_Modern,success,success,success,success,1,1,1,1
jae_1fc2dc69867e,2018_Influences-on-the-Perceived-Comfort-and-Training-Level-of-Personal-Protective-Equipment-in-the-Missouri-High-School-Agricultural-Mechanics-Laboratory.pdf,2018,2015-2019,Route_A_Modern,success,success,success,success,1,1,1,1
jae_fccd32524f67,2018_Information-Needs-and-Information-seeking-Behaviors-of-Urban-Food-Producers-Implications-for-Urban-Extension-Programs.pdf,2018,2015-2019,Route_A_Modern,success,success,success,success,1,1,1,1
jae_3c917475d40d,2018_Informing-Urban-Landscape-Water-Conservation-Extension-Programs-using-Behavioral-Research.pdf,2018,2015-2019,Route_A_Modern,success,success,success,success,1,1,1,1
jae_aebd3c21b5a5,2018_Instrument-Validity-in-Manuscripts-Published-in-the-Journal-of-Agricultural-Education-between-2007-and-2016.pdf,2018,2015-2019,Route_A_Modern,success,success,success,success,1,1,1,1
jae_8ea9c1a83892,2018_Interdisciplinary-Learning-Opportunities-in-Agriculture-Food-Natural-Resources-and-Science-The-Role-of-the-Teacher.pdf,2018,2015-2019,Route_A_Modern,success,success,success,success,1,1,1,1
jae_e22cb7f32366,2018_Is-There-an-App-for-That-Describing-Smartphone-Availability-and-Educational-Technology-Adoption-Level-of-Louisiana-School-Based-Agricultural-Educators.pdf,2018,2015-2019,Route_A_Modern,success,success,success,success,1,1,1,1
jae_71caded9645d,2018_Job-Stress-Burnout-and-Professional-Development-Needs-of-Mid-Career-Agricultural-Education-Teachers.pdf,2018,2015-2019,Route_A_Modern,success,success,success,success,1,1,1,1
jae_9b293536c4ae,2018_Lessons-Learned-Describing-the-Preservice-Preparation-Experiences-of-Early-Career-Award-Winning-Agricultural-Educators.pdf,2018,2015-2019,Route_A_Modern,success,success,success,success,1,1,1,1
jae_9ebbd5ef18aa,2018_Levels-of-STEM-Integration-through-Agriculture-Food-and-Natural-Resources.pdf,2018,2015-2019,Route_A_Modern,success,success,success,success,1,1,1,1
jae_527a58431996,2018_Measuring-Optimal-Experiences-of-CANR-Undergraduates-in-a-Leadership-Course.pdf,2018,2015-2019,Route_A_Modern,success,success,success,success,1,1,1,1
jae_84c7c79f105d,2018_National-Participation-in-School-Based-Agricultural-Education-Considering-Ethnicity-Sex-and-Income.pdf,2018,2015-2019,Route_A_Modern,success,success,success,success,1,1,1,1
jae_74504278dbcb,2018_Needs-Assessments-for-School-based-Agricultural-Education-Teachers-A-Review-of-Literature.pdf,2018,2015-2019,Route_A_Modern,success,success,success,success,1,1,1,1
jae_01a6ac4adbcf,2018_Organizational-Change-in-the-Land-Grant-System-A-Qualitative-Evaluation.pdf,2018,2015-2019,Route_A_Modern,success,success,success,success,1,1,1,1
jae_83ca15e90797,2018_Outcome-Framework-for-School-Garden-Program-Development-and-Evaluation-A-Delphi-Approach.pdf,2018,2015-2019,Route_A_Modern,success,success,success,success,1,1,1,1
jae_798a4103a756,2018_Over-The-Edge-Factors-Nudging-Mid-Career-School-Based-Agriculture-Teachers-Out-of-the-Profession.pdf,2018,2015-2019,Route_A_Modern,success,success,success,success,1,1,1,1
jae_4658b796548d,2018_Personal-Resilience-as-a-Predictor-of-Professional-Development-Engagement-and-Career-Satisfaction-of-Agriscience-Teachers.pdf,2018,2015-2019,Route_A_Modern,success,success,success,success,1,1,1,1
jae_071dd4edca44,2018_Predicting-Consumers-Local-Food-Attitude-with-Personal-Values-and-Local-Food-Online-Videos.pdf,2018,2015-2019,Route_A_Modern,success,success,success,success,1,1,1,1
jae_aabe6eb014f7,2018_Predicting-Likelihood-to-Pay-Attention-to-Agriculture-Related-Issues-in-the-News-with-Demographic-Characteristics.pdf,2018,2015-2019,Route_A_Modern,success,success,success,success,1,1,1,1
jae_0daa71582990,2018_Preservice-Agriculture-Teachers-Development-during-the-Early-Phase-of-Student-Teaching.pdf,2018,2015-2019,Route_A_Modern,success,success,success,success,1,1,1,1
jae_60efd188e9f2,2018_Reflective-Journeys-of-Five-Women-Agriculturists-in-Australia-A-Qualitative-Study.pdf,2018,2015-2019,Route_A_Modern,success,success,success,success,1,1,1,1
jae_8ecc273102d0,2018_STEM-Education-at-the-Nexus-of-the-3-Circle-Model.pdf,2018,2015-2019,Route_A_Modern,success,success,success,success,1,1,1,1
jae_45cebe91bd47,2018_Science-in-the-Garden-A-Qualitative-Analysis-of-School-based-Agricultural-Educators-Strategies.pdf,2018,2015-2019,Route_A_Modern,success,success,success,success,1,1,1,1
jae_83c5d6e21dfb,2018_Spanning-the-Gap-The-Confluence-of-Agricultural-Literacy-and-Being-Agriculturally-Literate.pdf,2018,2015-2019,Route_A_Modern,success,success,success,success,1,1,1,1
jae_1cfd28ebd364,2018_Student-Perceptions-of-Accelerated-Course-Delivery-Format-for-Teacher-Preparation-Coursework.pdf,2018,2015-2019,Route_A_Modern,success,success,success,success,1,1,1,1
jae_b93c28fb4c53,2018_Student-Perceptions-of-Soft-Skills-Career-Decision-Self-Efficacy-through-Participation-in-SAE.pdf,2018,2015-2019,Route_A_Modern,success,success,success,success,1,1,1,1
jae_00dfa93865e5,2018_Student-Perceptions-of-Workforce-Readiness-in-Agriculture.pdf,2018,2015-2019,Route_A_Modern,success,success,success,success,1,1,1,1
jae_3d8c462da600,2018_Successful-Secondary-Agricultural-Programs-Outside-the-Classroom-A-View-of-Champions.pdf,2018,2015-2019,Route_A_Modern,success,success,success,success,1,1,1,1
jae_aef22f71605f,2018_Sustainable-Water-Management-within-Agriculture-Food-and-Natural-Resources-Education.pdf,2018,2015-2019,Route_A_Modern,success,success,success,success,1,1,1,1
jae_aa2052f20531,2018_The-Development-of-Preservice-Agriculture-Teachers-Pedagogical-Content-Knowledge-through-a-Greenhouse-for-Teachers-Course.pdf,2018,2015-2019,Route_A_Modern,success,success,success,success,1,1,1,1
jae_d31234038c17,2018_The-Effect-of-Two-Different-Pedagogical-Delivery-Methods-on-Students-Retention-of-Knowledge-Over-Time.pdf,2018,2015-2019,Route_A_Modern,success,success,success,success,1,1,1,1
jae_52ecde4b80a9,2018_The-Impact-of-a-Short-Term-International-Experience-on-Undergraduate-Students-Cultural-Competency.pdf,2018,2015-2019,Route_A_Modern,success,success,success,success,1,1,1,1
jae_19eea6dadce1,2018_The-Influence-of-School-Based-Agricultural-Education-on-Preservice-Agriculture-Teachers-Choice-to-Teach.pdf,2018,2015-2019,Route_A_Modern,success,success,success,success,1,1,1,1
jae_8263320abad0,2018_The-Motivational-Changes-Pre-Service-Agricultural-Education-Teachers-Endure-while-Facilitating-Quality-Supervised-Agricultural-Experiences-A-Six-Week-Project-Based-Learning-Experience.pdf,2018,2015-2019,Route_A_Modern,success,success,success,success,1,1,1,1
jae_9581a26772c9,2018_The-State-of-the-Profession-STEM-in-Agricultural-Education.pdf,2018,2015-2019,Route_A_Modern,success,success,success,success,1,1,1,1
jae_ea37a2864451,2018_Understanding-Characteristics-Uses-Perceptions-and-Barriers-Related-to-School-Farms-in-Oregon.pdf,2018,2015-2019,Route_A_Modern,success,success,success,success,1,1,1,1
jae_f34c3738ec8b,2018_Urban-and-Rural-Latino-Students-Experiences-in-Agricultural-Education-Toward-Defining-Rural-Privilege.pdf,2018,2015-2019,Route_A_Modern,success,success,success,success,1,1,1,1
jae_8102fb30c41a,2018_Using-the-Six-Americas-Framework-to-Communicate-and-Educate-about-Global-Warming.pdf,2018,2015-2019,Route_A_Modern,success,success,success,success,1,1,1,1
jae_c15b6e508f64,2018_Why-.pdf,2018,2015-2019,Route_A_Modern,success,success,success,success,1,1,1,1
jae_374a731e91b0,2019_-Somos-Nosotros-Lived-Experiences-of-Latinx-ELL-Youth-Enrolled-in-Secondary-Agricultural-Education.pdf,2019,2015-2019,Route_A_Modern,success,success,success,success,1,1,1,1
jae_cf11c89d3aac,2019_A-Comparison-of-Early-Career-Agricultural-Teacher-Training-Received-Current-Practices-and-Perceptions-of-Instructional-Methods.pdf,2019,2015-2019,Route_A_Modern,success,success,success,success,1,1,1,1
jae_b0576c1f3d5e,2019_A-Critical-Study-of-Women-Graduate-Student-Experiences-in-Agricultural-and-Extension-Education.pdf,2019,2015-2019,Route_A_Modern,success,success,success,success,1,1,1,1
jae_3ca291fd3537,2019_A-Longitudinal-Evaluation-of-Conflict-Management-Capacity-Building-Efforts-in-Higher-Education.pdf,2019,2015-2019,Route_A_Modern,success,success,success,success,1,1,1,1
jae_e3a23ec4e140,2019_A-Metric-for-Prediciting-Student-Motivation-to-Participate-in-a-Study-Abroad-Course.pdf,2019,2015-2019,Route_A_Modern,success,success,success,success,1,1,1,1
jae_d2c7e6dc9bcb,2019_A-Multi-State-Evaluation-of-Secondary-Agricultural-Education-Students-Performance-on-Industry-Based-Standards.pdf,2019,2015-2019,Route_A_Modern,success,success,success,success,1,1,1,1
jae_c1a3cf5262c2,2019_A-National-Examination-of-the-Predictors-of-Volunteer-Utilization-in-School-Based-Agricultural-Education.pdf,2019,2015-2019,Route_A_Modern,success,success,success,success,1,1,1,1
jae_5daeda925a08,2019_A-New-Perspective-on-Adoption-Delivering-Water-Conservation-Extension-Programming-to-Nursery-and-Greenhouse-Growers.pdf,2019,2015-2019,Route_A_Modern,success,success,success,success,1,1,1,1
jae_3531d31580c7,2019_A-Social-Ecological-Resilience-Perspective-for-the-Social-Sciences-of-Agriculture-Food-and-Natural-Resources.pdf,2019,2015-2019,Route_A_Modern,success,success,success,success,1,1,1,1
jae_fa901cca8522,2019_Adult-Agriculture-and-Natural-Resource-Leadership-Development-Program-Participant-Characteristics-An-Evaluation-of-28-Programs.pdf,2019,2015-2019,Route_A_Modern,success,success,success,success,1,1,1,1
jae_a93cfaddb640,2019_Agricultural-Educators-and-the-Pandemic-An-Evaluation-of-Work-and-Life-Variables.pdf,2019,2015-2019,Route_A_Modern,success,success,success,success,1,1,1,1
jae_03fed85575aa,2019_Agricultural-Technical-Skills-Needed-by-Entry-Level-Agriculture-Teachers-A-Modified-Delphi-Study.pdf,2019,2015-2019,Route_A_Modern,success,success,success,success,1,1,1,1
jae_f66c677efbbf,2019_Agriculture-Student-Perceptions-of-Career-Success-Factors-Ranking-Attributes-of-Collegiate-Experiences.pdf,2019,2015-2019,Route_A_Modern,success,success,success,success,1,1,1,1
jae_81c2159697ea,2019_Agriscience-Teacher-Professional-Development-Focused-on-Teaching-STEM-Principles-in-the-Floriculture-Curriculum.pdf,2019,2015-2019,Route_A_Modern,success,success,success,success,1,1,1,1
jae_9105fb994531,2019_An-Evaluation-of-Social-Networks-within-a-Federally-Funded-Research-Project.pdf,2019,2015-2019,Route_A_Modern,success,success,success,success,1,1,1,1
jae_b9c99f58d536,2019_An-Examination-of-Changes-in-Student-Course-Evaluations-of-CALS-Faculty-after-Participating-in-a-Faculty-Development-Program.pdf,2019,2015-2019,Route_A_Modern,success,success,success,success,1,1,1,1
jae_c7902ac6b371,2019_An-Examination-of-Postsecondary-Agricultural-Education-Instructors-Perspectives-of-the-Case-Study-Instructional-Technique-and-the-Development-of-a-Model-to-Encourage-Use.pdf,2019,2015-2019,Route_A_Modern,success,success,success,success,1,1,1,1
jae_d8f7669cf17e,2019_An-Examination-of-the-Curricular-Resource-Use-and-Self-Efficacy-of-Utah-School-Based-Agricultural-Education-Teachers-An-Exploratory-Study.pdf,2019,2015-2019,Route_A_Modern,success,success,success,success,1,1,1,1
jae_3e24905e4f4c,2019_An-Exploration-of-Student-Collaboration-Networks-in-a-Team-Based-Capstone-Course.pdf,2019,2015-2019,Route_A_Modern,success,success,success,success,1,1,1,1
jae_0356a92ba38b,2019_An-Investigation-of-the-Routes-to-Certification-and-Turnover-Intentions-of-Wisconsin-Agriculture-Teachers.pdf,2019,2015-2019,Route_A_Modern,success,success,success,success,1,1,1,1
jae_17f79c281172,2019_Animals-in-Environmental-Education-Assessing-Individuals-Emotional-Reactions-to-Interactions-with-Wildlife.pdf,2019,2015-2019,Route_A_Modern,success,success,success,success,1,1,1,1
jae_0aef175e9b1c,2019_Are-Agriculture-Students-More-Career-Ready-A-Comparative-Analysis-of-Illinois-Juniors.pdf,2019,2015-2019,Route_A_Modern,success,success,success,success,1,1,1,1
jae_4bf31480078c,2019_Arizona-Agriculture-Teachers-Mathematical-Content-Knowledge.pdf,2019,2015-2019,Route_A_Modern,success,success,success,success,1,1,1,1
jae_59920c897239,2019_Assessing-School-based-Agricultural-Education-Teacher-Familiarity-Knowledge-and-Perceptions-of-Supervised-Agricultural-Experience-Categories.pdf,2019,2015-2019,Route_A_Modern,success,success,success,success,1,1,1,1
jae_fb92bb198863,2019_Assessing-the-Acceptance-of-Incorporating-Agriculture-into-Elementary-School-Curriculum.pdf,2019,2015-2019,Route_A_Modern,success,success,success,success,1,1,1,1
jae_c3b1aeeda3aa,2019_Benefits-of-Using-Service-Learning-in-the-Preparation-of-Teachers-An-Analysis-of-Agricultural-Education-Teacher-Educators-Beliefs-and-Intentions.pdf,2019,2015-2019,Route_A_Modern,success,success,success,success,1,1,1,1
jae_cdaffda47b21,2019_Beyond-Magic-Words-and-Symbols-Rethinking-Common-Practices-in-Quantitative-Research.pdf,2019,2015-2019,Route_A_Modern,success,success,success,success,1,1,1,1
jae_dcbd3af44bc6,2019_Civic-Engagement-Autonomy-and-Reflection-Factors-Influencing-Youth-s-Self-Perceived-Civic-Responsibility.pdf,2019,2015-2019,Route_A_Modern,success,success,success,success,1,1,1,1
jae_b63701efad80,2019_Coauthor-Network-Analysis-of-Journal-of-Agricultural-Education-Articles-from-2008-2017.pdf,2019,2015-2019,Route_A_Modern,success,success,success,success,1,1,1,1
jae_e9ea01d0e628,2019_College-and-Career-Ready-A-Snapshot-of-12th-Grade-National-FFA-Members.pdf,2019,2015-2019,Route_A_Modern,success,success,success,success,1,1,1,1
jae_091ae9b22541,2019_Communicating-with-4-H-Stakeholders-Examining-Social-Media-Use-in-Rural-and-Urban-Programs.pdf,2019,2015-2019,Route_A_Modern,success,success,success,success,1,1,1,1
jae_132e2879bbc6,2019_Communicating-with-Diverse-Audiences-about-Sustainable-Farming-Does-Rurality-Matter-.pdf,2019,2015-2019,Route_A_Modern,success,success,success,success,1,1,1,1
jae_c7d1c9b2a586,2019_Community-as-Context-and-Content-A-Land-Based-Learning-for-Primer-for-Agriculture-Food-and-Natural-Resources-Education.pdf,2019,2015-2019,Route_A_Modern,success,success,success,success,1,1,1,1
jae_be7dad1ec57e,2019_Comparative-Analysis-of-Students-Perceived-Agripreneurship-Competencies-and-Likelihood-to-become-Agripreneurs-depending-on-Learning-Approach-A-Report-from-Uganda.pdf,2019,2015-2019,Route_A_Modern,success,success,success,success,1,1,1,1
jae_8047cf521f39,2019_Comparing-Experiential-Learning-Techniques-and-Direct-Instruction-on-Student-Knowledge-of-Agriculture-in-Private-School-Students.pdf,2019,2015-2019,Route_A_Modern,success,success,success,success,1,1,1,1
jae_60d3b358f4a1,2019_Comparing-the-5E-Method-of-Inquiry-based-Instruction-and-the-Four-Stage-Model-of-Direct-Instruction-on-Students-Content-Knowledge-Achievement-in-an-ENR-Curriculum.pdf,2019,2015-2019,Route_A_Modern,success,success,success,success,1,1,1,1
jae_02755c11b209,2019_Competition-as-an-Instructional-Approach-in-School-Based-Agricultural-Education-SBAE-A-Historical-Review.pdf,2019,2015-2019,Route_A_Modern,success,success,success,success,1,1,1,1
jae_f08d8ae48686,2019_Content-Topic-Development-for-Elementary-Agricultural-Education-Curriculum.pdf,2019,2015-2019,Route_A_Modern,success,success,success,success,1,1,1,1
jae_cc2e306652dc,2019_Continuing-Professional-Education-and-Collaborations-Between-University-Faculty-and-Agricultural-Education-Teachers.pdf,2019,2015-2019,Route_A_Modern,success,success,success,success,1,1,1,1
jae_34542c1a20af,2019_Curricular-Resource-Use-and-the-Relationship-with-Teacher-Self-Efficacy-Among-New-Mexico-School-Based-Agricultural-Education-Teachers.pdf,2019,2015-2019,Route_A_Modern,success,success,success,success,1,1,1,1
jae_9b689494d6ad,2019_Decision-to-Enter-the-Classroom-as-an-Agriculture-Teacher-An-Exploratory-Qualitative-Investigation.pdf,2019,2015-2019,Route_A_Modern,success,success,success,success,1,1,1,1
jae_1196a0cd2114,2019_Describing-Volunteer-Involvement-in-School-Based-Agricultural-Education-Programs.pdf,2019,2015-2019,Route_A_Modern,success,success,success,success,1,1,1,1
jae_4f8e7cb5a3af,2019_Describing-the-Differences-in-the-Professional-Development-Needs-of-Traditionally-and-Alternatively-Certified-Agriculture-Teachers-in-Louisianna.pdf,2019,2015-2019,Route_A_Modern,success,success,success,success,1,1,1,1
jae_9ef2f02b6f2f,2019_Determining-the-Effects-of-the-Smartphone-as-a-Learning-Tool-on-the-Motivation-of-School-Based-Agricultural-Education-Students-in-Louisianna.pdf,2019,2015-2019,Route_A_Modern,success,success,success,success,1,1,1,1
jae_838118fdd5a7,2019_Deterrents-to-Service-Learning-s-use-as-a-Method-of-Instruction-in-the-Preparation-of-Agricultural-Education-Teachers-The-Beliefs-and-Intentions-of-Teacher-Educators.pdf,2019,2015-2019,Route_A_Modern,success,success,success,success,1,1,1,1
jae_26749fc21a87,2019_Development-and-Validation-of-a-Children-s-Agricultural-Literacy-Instrument-for-Local-Food.pdf,2019,2015-2019,Route_A_Modern,success,success,success,success,1,1,1,1
jae_953840c9a398,2019_Development-and-Validation-of-a-Rural-Stress-Instrument.pdf,2019,2015-2019,Route_A_Modern,success,success,success,success,1,1,1,1
jae_79e8beae253a,2019_Do-Teachers-Have-the-Skills-21st-Century-Skills-in-the-Agricultural-Education-Classroom-.pdf,2019,2015-2019,Route_A_Modern,success,success,success,success,1,1,1,1
jae_61008447a4b7,2019_Do-They-Believe-They-Can-Communicate-Assessing-College-Students-Perceived-Ability-to-Communicate-About-Agricultural-Sciences.pdf,2019,2015-2019,Route_A_Modern,success,success,success,success,1,1,1,1
jae_5b90700acc75,2019_Effectiveness-of-Utilizing-an-Evidence-Based-Safety-Curriculum-to-Increase-Student-Knowledge.pdf,2019,2015-2019,Route_A_Modern,success,success,success,success,1,1,1,1
jae_ab1d47a6b9ff,2019_Elevating-the-Impacts-of-Research-in-Agricultural-Education.pdf,2019,2015-2019,Route_A_Modern,success,success,success,success,1,1,1,1
jae_20b12919d371,2019_Evaluating-Interdisciplinary-Teaching-Curriculum-for-Agricultural-Science-Education.pdf,2019,2015-2019,Route_A_Modern,success,success,success,success,1,1,1,1
jae_60a999dd2d76,2019_Evaluating-Personality-Traits-as-a-Predictor-of-Undergraduate-Goal-Setting.pdf,2019,2015-2019,Route_A_Modern,success,success,success,success,1,1,1,1
jae_0a8fb990e78a,2019_Evaluating-the-Role-of-Leader-Member-Exchange-in-Leadership-Development-Program-Satisfaction.pdf,2019,2015-2019,Route_A_Modern,success,success,success,success,1,1,1,1
jae_5b570f6e95f0,2019_Evaluating-the-Virginia-Agriculture-Leaders-Obtaining-Results-VALOR-Program-Blogs-as-a-Reflection-Process.pdf,2019,2015-2019,Route_A_Modern,success,success,success,success,1,1,1,1
jae_fd7e0f4c9ac8,2019_Examining-Agricultural-Mechanics-Projects-and-Their-Use-as-Supervised-Agricultural-Experiences.pdf,2019,2015-2019,Route_A_Modern,success,success,success,success,1,1,1,1
jae_9e82020243d0,2019_Examining-University-level-Agricultural-Students-Safety-Climate-Attitudes-in-the-Agricultural-Mechanics-Labratory.pdf,2019,2015-2019,Route_A_Modern,success,success,success,success,1,1,1,1
jae_aa80ae10497b,2019_Examining-the-Effects-of-Reflection-Type-and-Abstraction-Order-on-Content-Knowledge-and-Content-Knowledge-Retention-During-Experiential-Learning.pdf,2019,2015-2019,Route_A_Modern,success,success,success,success,1,1,1,1
jae_7e6c1c5bd92a,2019_Examining-the-Reasons-Agricultural-Education-Teaching-Graduates-Choose-to-Enter-Leave-or-Stay-in-the-Teaching-Profession.pdf,2019,2015-2019,Route_A_Modern,success,success,success,success,1,1,1,1
jae_7669b8a29ef8,2019_Examining-the-Relationship-Between-Goal-Orientation-and-Individual-Characteristics-Amongst-Agricultural-Leadership-Development-Program-Participants.pdf,2019,2015-2019,Route_A_Modern,success,success,success,success,1,1,1,1
jae_723c55b18863,2019_Examining-the-Status-of-Middle-School-Agricultural-Education-Programs-in-the-United-States.pdf,2019,2015-2019,Route_A_Modern,success,success,success,success,1,1,1,1
jae_3bbe090aef72,2019_Exploring-Consumer-Financial-Support-to-Inform-Communication-about-Agricultural-Best-Management-Practices.pdf,2019,2015-2019,Route_A_Modern,success,success,success,success,1,1,1,1
jae_6cecea6db5b0,2019_Exploring-Content-Pedagogy-and-Literacy-Strategies-among-Preservice-Teachers-in-CASE-Institutes.pdf,2019,2015-2019,Route_A_Modern,success,success,success,success,1,1,1,1
jae_9b0a73c3ec30,2019_Exploring-Learning-Styles-Expressed-in-Teaching-Philosophies-Among-Agriculture-University-Teaching-Faculty.pdf,2019,2015-2019,Route_A_Modern,success,success,success,success,1,1,1,1
jae_8ecc42ae4eb2,2019_Exploring-Motivational-Strategies-Outcomes-and-Theories-within-the-Career-Development-Event-Preparation-Process.pdf,2019,2015-2019,Route_A_Modern,success,success,success,success,1,1,1,1
jae_5f8f90c60cab,2019_Exploring-Stress-and-Recovery-Among-High-Achieving-Career-Development-Event-Teams-A-Mixed-Methods-Study.pdf,2019,2015-2019,Route_A_Modern,success,success,success,success,1,1,1,1
jae_5c1230e72440,2019_Factors-Affecting-Turnover-Intention-of-Ohio-State-University-Extension-Program-Assistants.pdf,2019,2015-2019,Route_A_Modern,success,success,success,success,1,1,1,1
jae_c2945bf709c4,2019_Factors-Influencing-Socially-Responsible-Leadership-Development-in-College-of-Agriculture-Students.pdf,2019,2015-2019,Route_A_Modern,success,success,success,success,1,1,1,1
jae_d0745afe517c,2019_Fostering-Identity-Development-in-Teacher-Preparation-Service-Learning-s-Role-in-Empowering-Agricultural-Education-Majors-to-Teach-STEM-Concepts.pdf,2019,2015-2019,Route_A_Modern,success,success,success,success,1,1,1,1
jae_4bbaaaa35de9,2019_Happy-Spouse-Happy-Greenhouse-Perceptions-of-the-SBAE-Teacher-s-Spouse-Regarding-Agricultural-Education-as-a-Career.pdf,2019,2015-2019,Route_A_Modern,success,success,success,success,1,1,1,1
jae_a4fba36d1fca,2019_High-school-student-and-teacher-perceptions-of-an-online-learning-experience-integrating-STEM-and-poultry-science.pdf,2019,2015-2019,Route_A_Modern,success,success,success,success,1,1,1,1
jae_2bc0a3e65c87,2019_Identifying-Agriscience-Teachers-Instructional-Practice-Professional-Development-Needs-by-Certification-Type.pdf,2019,2015-2019,Route_A_Modern,success,success,success,success,1,1,1,1
jae_7cab438283ee,2019_Identifying-Challenges-Pre-service-Teachers-Encountered-When-Teaching-Curriculum-for-Agricultural-Science-Education-CASE-Coursework-during-Student-Teaching.pdf,2019,2015-2019,Route_A_Modern,success,success,success,success,1,1,1,1
jae_4ea5038e3946,2019_Identifying-the-Agricultural-Mechanics-Knowledge-and-Skills-Needed-by-Iowa-School-based-Agricultural-Education-Teachers.pdf,2019,2015-2019,Route_A_Modern,success,success,success,success,1,1,1,1
jae_d88c938d2f31,2019_Identifying-the-Characteristics-of-an-Effective-Agricultural-Education-Teacher-A-National-Study.pdf,2019,2015-2019,Route_A_Modern,success,success,success,success,1,1,1,1
jae_76ad33a810f2,2019_Images-from-the-Trenches-A-Visual-Narrative-of-the-Concerns-of-Agricultural-Education-Majors.pdf,2019,2015-2019,Route_A_Modern,success,success,success,success,1,1,1,1
jae_e572a4f6fb77,2019_Influencing-Factors-on-the-Pursuit-of-Graduate-Degrees-in-Agricultural-Social-Sciences.pdf,2019,2015-2019,Route_A_Modern,success,success,success,success,1,1,1,1
jae_64ef53321dad,2019_Integrating-Personal-Involvement-Goal-Orientation-and-Characteristics-of-Innovations-to-Inform-Fertilizer-Best-Practice-Video-Communcations.pdf,2019,2015-2019,Route_A_Modern,success,success,success,success,1,1,1,1
jae_63fa7a76b1f0,2019_International-Agricultural-Education-from-1975-to-Present-A-Research-Synthesis.pdf,2019,2015-2019,Route_A_Modern,success,success,success,success,1,1,1,1
jae_12fa20d6616a,2019_Interpersonal-Leadership-Competencies-of-Extension-Agents-in-Florida.pdf,2019,2015-2019,Route_A_Modern,success,success,success,success,1,1,1,1
jae_39187aac2561,2019_Making-Sense-of-the-Buzz-A-Systematic-Review-of-STEM-in-Agriculture-Food-and-Natural-Resources-Education-Literature.pdf,2019,2015-2019,Route_A_Modern,success,success,success,success,1,1,1,1
jae_3e1dcd3bc3a5,2019_Mathematics-Efficacy-and-Professional-Development-Needs-of-Tennessee-Agricultural-Education-Teachers.pdf,2019,2015-2019,Route_A_Modern,success,success,success,success,1,1,1,1
jae_9dbb0df5b8ab,2019_Measuring-Agricultural-Literacy-Grade-3-5-Instrument-Development-and-Validation.pdf,2019,2015-2019,Route_A_Modern,success,success,success,success,1,1,1,1
jae_3a781c549ff2,2019_More-Than-Winning-A-Mixed-Methods-Grounded-Theory-Investigation-of-the-Career-Development-Event-Preparation-Process.pdf,2019,2015-2019,Route_A_Modern,success,success,success,success,1,1,1,1
jae_022d94a246b7,2019_Motivational-Influences-on-Land-Grant-Faculty-Engagement-in-Science-Communication.pdf,2019,2015-2019,Route_A_Modern,success,success,success,success,1,1,1,1
jae_751c167ef0c7,2019_New-and-Emerging-Technologies-teacher-Needs-Adoption-Methods-and-Student-Engagement.pdf,2019,2015-2019,Route_A_Modern,success,success,success,success,1,1,1,1
jae_3eb9a6dc04a3,2019_One-Seed-at-a-Time-Prosocial-Youth-Development-in-an-Urban-Agriculture-Program.pdf,2019,2015-2019,Route_A_Modern,success,success,success,success,1,1,1,1
jae_377fd2f4eafb,2019_Organizational-Priorities-for-Advancing-Cooperative-Extension-in-Selected-Urban-Counties-in-Florida.pdf,2019,2015-2019,Route_A_Modern,success,success,success,success,1,1,1,1
jae_e45162152ae4,2019_Perceived-Factors-that-Influence-the-Success-of-Vertical-Transfer-Students-in-Agricultural-Education-A-Delphi-Study.pdf,2019,2015-2019,Route_A_Modern,success,success,success,success,1,1,1,1
jae_1b69d0df0f21,2019_Perceptions-of-High-School-Cooperating-Agricultural-Teachers-on-the-Performance-of-Student-Teachers.pdf,2019,2015-2019,Route_A_Modern,success,success,success,success,1,1,1,1
jae_6f194b082ff6,2019_Perceptions-of-Undergraduate-Agricultural-Education-Students-on-the-Effects-of-Question-Difficulty-and-Postquestion-Wait-time-on-Cognitive-and-Emotional-Processes.pdf,2019,2015-2019,Route_A_Modern,success,success,success,success,1,1,1,1
jae_34cdbc3c8de5,2019_Perceptions-of-Youth-Parents-Community-Volunteers-Corporate-Volunteers-and-4-H-Professionals-about-the-4-H-STEM-Career-Pathway-Model.pdf,2019,2015-2019,Route_A_Modern,success,success,success,success,1,1,1,1
jae_9aa68ae314c2,2019_Pioneering-Spirit-Examining-the-Motives-and-Experiences-of-Non-SBAE-Students-Majoring-in-Agricultural-Education.pdf,2019,2015-2019,Route_A_Modern,success,success,success,success,1,1,1,1
jae_e6067f58f393,2019_Post-secondary-Students-Perceptions-of-Career-Readiness-Skills.pdf,2019,2015-2019,Route_A_Modern,success,success,success,success,1,1,1,1
jae_8bd615b85718,2019_Predictors-of-Job-Satisfaction-Among-Extension-Program-Assistants.pdf,2019,2015-2019,Route_A_Modern,success,success,success,success,1,1,1,1
jae_19bf105c424c,2019_Preservice-Agricultural-Education-and-Secondary-Education-Teachers-Self-Efficacy-and-Professional-Identity.pdf,2019,2015-2019,Route_A_Modern,success,success,success,success,1,1,1,1
jae_38caaf492d23,2019_Preservice-Educators-Beliefs-and-Practices-of-Teaching-STEM-through-Agriculture-Food-and-Natural-Resources.pdf,2019,2015-2019,Route_A_Modern,success,success,success,success,1,1,1,1
jae_b0f95346e47b,2019_Preservice-Teacher-Perceptions-of-the-Role-an-Agriculture-Teacher-During-Their-Early-Field-Experience.pdf,2019,2015-2019,Route_A_Modern,success,success,success,success,1,1,1,1
jae_b246fed5b5bb,2019_Preservice-Teachers-Conceptualizations-of-Agricultural-Mechanics.pdf,2019,2015-2019,Route_A_Modern,success,success,success,success,1,1,1,1
jae_08d9097b371f,2019_Preservice-Teachers-Experiences-in-a-Required-Reading-in-the-Content-Area-Course.pdf,2019,2015-2019,Route_A_Modern,success,success,success,success,1,1,1,1
jae_e2c4edd7cd74,2019_Professional-Development-Engagement-and-Career-Satisfaction-of-Agriscience-Teachers.pdf,2019,2015-2019,Route_A_Modern,success,success,success,success,1,1,1,1
jae_4273ee1d6d14,2019_Professional-Life-Phases-Identifying-Professional-Development-Needs-for-Florida-Agriscience-Teachers.pdf,2019,2015-2019,Route_A_Modern,success,success,success,success,1,1,1,1
jae_5f4d44a2c5e9,2019_Queering-Agricultural-Education-Research-Challenges-and-Strategies-for-Advancing-Inclusion.pdf,2019,2015-2019,Route_A_Modern,success,success,success,success,1,1,1,1
jae_496b0cba6afc,2019_Recruitment-and-Retention-of-Agriculture-Teachers-in-the-Southeast-An-Empirical-Analysis-of-the-STAR-Program.pdf,2019,2015-2019,Route_A_Modern,success,success,success,success,1,1,1,1
jae_e62701b8ee80,2019_Reflections-on-Reform-A-Historical-Narrative-of-the-Relocation-of-the-Louisiana-FFA-Office.pdf,2019,2015-2019,Route_A_Modern,success,success,success,success,1,1,1,1
jae_dd4cd0954183,2019_Regenerative-Agriculture-and-Implications-for-Agriculture-Food-and-Natural-Resources-Education.pdf,2019,2015-2019,Route_A_Modern,success,success,success,success,1,1,1,1
jae_7bb18fb5cd8c,2019_STEM-Knowledge-Learning-Disabilities-and-Experiential-Learning-Influences-of-Sequencing-Instruction.pdf,2019,2015-2019,Route_A_Modern,success,success,success,success,1,1,1,1
jae_10356ca9fade,2019_School-District-Superintendents-and-Attorneys-Perceptions-of-the-Most-Important-Educational-Law-Issues-Impacting-Agricultural-Science-Teachers.pdf,2019,2015-2019,Route_A_Modern,success,success,success,success,1,1,1,1
jae_b546faf1b453,2019_School-based-Agricultural-Education-Teachers-Perceived-Professional-Development-Needs-Associated-with-Teaching-Classroom-Management-and-Technical-Agriculture.pdf,2019,2015-2019,Route_A_Modern,success,success,success,success,1,1,1,1
jae_a47aa35addee,2019_Secondary-Students-Perceptions-of-Inquiry-based-Learning-in-the-Agriculture-Classroom.pdf,2019,2015-2019,Route_A_Modern,success,success,success,success,1,1,1,1
jae_ac9653b93295,2019_Seeking-and-Engaging-Case-Study-Integration-to-Enhance-Critical-Thinking-About-Agricultural-Issues.pdf,2019,2015-2019,Route_A_Modern,success,success,success,success,1,1,1,1
jae_da1ba443771b,2019_State-Wide-Self-Assessment-of-General-Program-Standards-for-Agricultural-Education.pdf,2019,2015-2019,Route_A_Modern,success,success,success,success,1,1,1,1
jae_86565f5a6d79,2019_Success-Balance-but-Never-Both-Exploring-Reified-Forms-of-Success-in-School-Based-Agricultural-Education.pdf,2019,2015-2019,Route_A_Modern,success,success,success,success,1,1,1,1
jae_34f2d2869d2c,2019_Supporting-Students-Psychological-Needs-and-Motivation-within-School-Based-Agricultural-Education-Programs-A-Mixed-Methods-Study.pdf,2019,2015-2019,Route_A_Modern,success,success,success,success,1,1,1,1
jae_231a1963ec87,2019_Tagged-to-Teach-Ag-Day-Evaluating-the-Influence-of-a-Recruitment-Event-on-Students-Perceptions-of-Campus-Climate.pdf,2019,2015-2019,Route_A_Modern,success,success,success,success,1,1,1,1
jae_086d47d92157,2019_Teacher-Longevity-and-Career-Satisfaction-in-the-Secondary-Agricultural-Education-Classroom.pdf,2019,2015-2019,Route_A_Modern,success,success,success,success,1,1,1,1
jae_a1e307272dd6,2019_Teacher-Philosophies-of-Career-Development-Events-Implications-for-Curriculum-in-Agriculture-Food-and-Natural-Resources-Education.pdf,2019,2015-2019,Route_A_Modern,success,success,success,success,1,1,1,1
jae_9579f5d263c1,2019_Teacher-Retention-A-Relational-Perspective.pdf,2019,2015-2019,Route_A_Modern,success,success,success,success,1,1,1,1
jae_918a037453e5,2019_Teacher-Self-Efficacy-in-SBAE-Methods-Coursework-A-Mixed-Methods-Study.pdf,2019,2015-2019,Route_A_Modern,success,success,success,success,1,1,1,1
jae_e49e56235a34,2019_Teacher-Shortage-in-School-Based-Agricultural-Education-SBAE-A-Historical-Review.pdf,2019,2015-2019,Route_A_Modern,success,success,success,success,1,1,1,1
jae_92052b222aa6,2019_Teachers-Confidence-to-Integrate-Biology-in-Agriscience-Courses.pdf,2019,2015-2019,Route_A_Modern,success,success,success,success,1,1,1,1
jae_41481f66579c,2019_Teachers-Opinions-About-Virtual-Reality-Technology-in-School-based-Agricultural-Education.pdf,2019,2015-2019,Route_A_Modern,success,success,success,success,1,1,1,1
jae_3d696f52821f,2019_Technical-In-Service-Needs-of-Agriculture-Teachers-in-Georgia-by-Career-Pathway.pdf,2019,2015-2019,Route_A_Modern,success,success,success,success,1,1,1,1
jae_25560ed75f97,2019_The-Coach-Phenomena-Examining-the-Validity-of-the-Kolb-Educator-Role-Profile-in-Preservice-Agricultural-Education.pdf,2019,2015-2019,Route_A_Modern,success,success,success,success,1,1,1,1
jae_e0776bc756a1,2019_The-Community-Diagnostics-and-Social-Impact-Toolkit-Development-and-Validation-of-a-Reliable-Measure.pdf,2019,2015-2019,Route_A_Modern,success,success,success,success,1,1,1,1
jae_b801d02684fd,2019_The-Dimensions-of-Professional-Development-Needs-for-Secondary-Agricultural-Education-Teachers-Across-Career-Stages-A-Multiple-Case-Study-Comparison.pdf,2019,2015-2019,Route_A_Modern,success,success,success,success,1,1,1,1
jae_70780b2c1a5c,2019_The-Effect-Teacher-Led-Reflection-Plays-on-Students-Civic-Responsibility-Perceptions-Following-FFA-Civic-Engagement-Activities.pdf,2019,2015-2019,Route_A_Modern,success,success,success,success,1,1,1,1
jae_b21bb5007710,2019_The-Effect-of-Infographics-on-Recall-of-Information-about-Genetically-Modified-Foods.pdf,2019,2015-2019,Route_A_Modern,success,success,success,success,1,1,1,1
jae_4210bbc24c33,2019_The-Effect-of-Virtual-Reality-Technology-on-Welding-Skill-Performance.pdf,2019,2015-2019,Route_A_Modern,success,success,success,success,1,1,1,1
jae_dabbb54eeef0,2019_The-Forms-of-Dissonance-Experienced-by-U-S-University-Agriculture-Students-During-a-Study-Abroad-in-Nicaragua.pdf,2019,2015-2019,Route_A_Modern,success,success,success,success,1,1,1,1
jae_b4671f11e791,2019_The-Impact-of-Time-Spent-Student-Teaching-on-the-Decision-to-Enter-the-Field-A-Longitudinal-Study.pdf,2019,2015-2019,Route_A_Modern,success,success,success,success,1,1,1,1
jae_dfa4de1d2018,2019_The-Influence-of-Agriscience-Research-SAEs-on-Perceived-Self-Efficacy-of-21st-Century-Skill-Attainment.pdf,2019,2015-2019,Route_A_Modern,success,success,success,success,1,1,1,1
jae_88542a3ad78c,2019_The-Interaction-of-Learning-Style-on-Measures-of-Successful-Intelligence-in-Secondary-Agriculture-Students-Exposed-to-Experiential-and-Direct-Instruction.pdf,2019,2015-2019,Route_A_Modern,success,success,success,success,1,1,1,1
jae_ff2a51be3707,2019_The-Relationship-of-Prior-FFA-Membership-on-Perceived-Ability-to-Manage-an-FFA-Chapter.pdf,2019,2015-2019,Route_A_Modern,success,success,success,success,1,1,1,1
jae_7cf9a8b5072f,2019_The-Role-of-Collaboration-Throughout-the-Agricultural-Education-Student-Teaching-Experience.pdf,2019,2015-2019,Route_A_Modern,success,success,success,success,1,1,1,1
jae_2dceda049fc8,2019_The-Success-Trap-A-Case-Study-of-Early-Career-Agricultural-Education-Teachers-Conceptualizations-of-Work-Life-Balance.pdf,2019,2015-2019,Route_A_Modern,success,success,success,success,1,1,1,1
jae_4e2e18794fa7,2019_The-Validation-of-the-Effective-Teaching-Instrument-for-School-Based-Agricultural-Education-Teachers.pdf,2019,2015-2019,Route_A_Modern,success,success,success,success,1,1,1,1
jae_3e111fb7ebfc,2019_Trends-and-Challenges-Facing-Higher-Education-Implications-for-Agricultural-Education.pdf,2019,2015-2019,Route_A_Modern,success,success,success,success,1,1,1,1
jae_4e9b19f11252,2019_Trends-and-Impact-of-FFA-Affiliation-on-National-FFA-Organization-Student-Membership-A-Secondary-Analysis-of-Existing-Data.pdf,2019,2015-2019,Route_A_Modern,success,success,success,success,1,1,1,1
jae_9410961032ae,2019_USDA-Agricultural-Checkoff-Programs-YouTube-Presence-and-Video-Quality.pdf,2019,2015-2019,Route_A_Modern,success,success,success,success,1,1,1,1
jae_57020b3d4d3d,2019_Undergraduate-Project-Team-Satisfaction-Analysis-of-a-Theoretically-Derived-Structural-Model.pdf,2019,2015-2019,Route_A_Modern,success,success,success,success,1,1,1,1
jae_6aea22e4c5e7,2019_Undergraduate-Students-Perceptions-of-Team-Based-Learning-During-an-Introductory-Agricultural-Mechanics-Course-A-Mixed-Methods-Study.pdf,2019,2015-2019,Route_A_Modern,success,success,success,success,1,1,1,1
jae_406a86464978,2019_Understanding-How-Students-Beliefs-Influence-Their-Expectancy-to-Possess-Effective-Writing-Skills-in-the-Future.pdf,2019,2015-2019,Route_A_Modern,success,success,success,success,1,1,1,1
jae_e8ccb63e265a,2019_Using-Adoption-and-Perceived-Characteristics-of-Fertilizer-Innovations-to-Identify-Extension-Educational-Needs-of-Florida-s-Resedential-Audiences.pdf,2019,2015-2019,Route_A_Modern,success,success,success,success,1,1,1,1
jae_7ce91e6f8a78,2019_Using-Inquiry-to-Develop-Agricultural-Education-Preservice-Teachers-Disciplinary-Literacy-Pedagogy.pdf,2019,2015-2019,Route_A_Modern,success,success,success,success,1,1,1,1
jae_9bd265897ac7,2019_What-Moves-You-How-SBAE-Teachers-Navigate-Program-Migration.pdf,2019,2015-2019,Route_A_Modern,success,success,success,success,1,1,1,1
jae_851aef66e76a,2019_What-do-they-need-Determining-Differences-in-the-Professional-Development-Needs-of-Louisiana-Agriculture-Teachers-by-Years-of-Teaching-Experience.pdf,2019,2015-2019,Route_A_Modern,success,success,success,success,1,1,1,1
jae_b734451cc140,2019_Why-Do-They-Leave-and-Where-Do-They-Go-A-Qualitative-Study-of-Illinois-School-Based-Agriculture-Teachers-Who-Left-The-Profession.pdf,2019,2015-2019,Route_A_Modern,success,success,success,success,1,1,1,1
jae_83a68f13d60d,2019_Wild-Leaves-on-Narrow-STEMs-Exploring-Formal-and-Non-Formal-Education-Tensions-Through-Garden-Based-Learning.pdf,2019,2015-2019,Route_A_Modern,success,success,success,success,1,1,1,1
jae_393f358c7ffd,2019_Will-the-First-Through-Fifth-Years-Please-Stand-Up-Quantifying-National-SBAE-Teacher-Experience.pdf,2019,2015-2019,Route_A_Modern,success,success,success,success,1,1,1,1
jae_0db1ac80839b,2019_Women-Faculty-in-Postsecondary-Agricultural-and-Extension-Education-A-Fifteen-Year-Update.pdf,2019,2015-2019,Route_A_Modern,success,success,success,success,1,1,1,1
jae_7ddd759a7767,2019_Women-s-Perceptions-of-Food-Production-Labeling-A-Q-Methodology-Study.pdf,2019,2015-2019,Route_A_Modern,success,success,success,success,1,1,1,1
jae_bffc01ffe730,2020_-Somos-Nosotros-Lived-Experiences-of-Latinx-ELL-Youth-Enrolled-in-Secondary-Agricultural-Education.pdf,2020,2020-2024,Route_A_Modern,success,success,success,success,1,1,1,1
jae_c4d26f591597,2020_A-Comparison-of-Early-Career-Agricultural-Teacher-Training-Received-Current-Practices-and-Perceptions-of-Instructional-Methods.pdf,2020,2020-2024,Route_A_Modern,success,success,success,success,1,1,1,1
jae_bb926be6304d,2020_A-Critical-Study-of-Women-Graduate-Student-Experiences-in-Agricultural-and-Extension-Education.pdf,2020,2020-2024,Route_A_Modern,success,success,success,success,1,1,1,1
jae_7796c869c9d6,2020_A-Longitudinal-Evaluation-of-Conflict-Management-Capacity-Building-Efforts-in-Higher-Education.pdf,2020,2020-2024,Route_A_Modern,success,success,success,success,1,1,1,1
jae_2eb403ecc6d9,2020_A-Multi-State-Evaluation-of-Secondary-Agricultural-Education-Students-Performance-on-Industry-Based-Standards.pdf,2020,2020-2024,Route_A_Modern,success,success,success,success,1,1,1,1
jae_9c8c98c3763e,2020_A-National-Examination-of-the-Predictors-of-Volunteer-Utilization-in-School-Based-Agricultural-Education.pdf,2020,2020-2024,Route_A_Modern,success,success,success,success,1,1,1,1
jae_2e2ebe1aeb2e,2020_A-New-Perspective-on-Adoption-Delivering-Water-Conservation-Extension-Programming-to-Nursery-and-Greenhouse-Growers.pdf,2020,2020-2024,Route_A_Modern,success,success,success,success,1,1,1,1
jae_5d16db0c97da,2020_Adult-Agriculture-and-Natural-Resource-Leadership-Development-Program-Participant-Characteristics-An-Evaluation-of-28-Programs.pdf,2020,2020-2024,Route_A_Modern,success,success,success,success,1,1,1,1
jae_e26a98a0dfec,2020_Agricultural-Educators-and-the-Pandemic-An-Evaluation-of-Work-and-Life-Variables.pdf,2020,2020-2024,Route_A_Modern,success,success,success,success,1,1,1,1
jae_97808dee16a3,2020_Agricultural-Technical-Skills-Needed-by-Entry-Level-Agriculture-Teachers-A-Modified-Delphi-Study.pdf,2020,2020-2024,Route_A_Modern,success,success,success,success,1,1,1,1
jae_0b381d1b2e50,2020_Agriscience-Teacher-Professional-Development-Focused-on-Teaching-STEM-Principles-in-the-Floriculture-Curriculum.pdf,2020,2020-2024,Route_A_Modern,success,success,success,success,1,1,1,1
jae_b38b8e8445d2,2020_An-Evaluation-of-Social-Networks-within-a-Federally-Funded-Research-Project.pdf,2020,2020-2024,Route_A_Modern,success,success,success,success,1,1,1,1
jae_1a80a26ede13,2020_An-Examination-of-the-Curricular-Resource-Use-and-Self-Efficacy-of-Utah-School-Based-Agricultural-Education-Teachers-An-Exploratory-Study.pdf,2020,2020-2024,Route_A_Modern,success,success,success,success,1,1,1,1
jae_6e8460d3f86c,2020_An-Exploration-of-Student-Collaboration-Networks-in-a-Team-Based-Capstone-Course.pdf,2020,2020-2024,Route_A_Modern,success,success,success,success,1,1,1,1
jae_236dbc82dd13,2020_An-Investigation-of-the-Routes-to-Certification-and-Turnover-Intentions-of-Wisconsin-Agriculture-Teachers.pdf,2020,2020-2024,Route_A_Modern,success,success,success,success,1,1,1,1
jae_b71cd8b224a9,2020_Animals-in-Environmental-Education-Assessing-Individuals-Emotional-Reactions-to-Interactions-with-Wildlife.pdf,2020,2020-2024,Route_A_Modern,success,success,success,success,1,1,1,1
jae_e338bcd0e436,2020_Arizona-Agriculture-Teachers-Mathematical-Content-Knowledge.pdf,2020,2020-2024,Route_A_Modern,success,success,success,success,1,1,1,1
jae_d0fda545daf8,2020_Assessing-the-Acceptance-of-Incorporating-Agriculture-into-Elementary-School-Curriculum.pdf,2020,2020-2024,Route_A_Modern,success,success,success,success,1,1,1,1
jae_010eeac837dd,2020_Civic-Engagement-Autonomy-and-Reflection-Factors-Influencing-Youth-s-Self-Perceived-Civic-Responsibility.pdf,2020,2020-2024,Route_A_Modern,success,success,success,success,1,1,1,1
jae_aeb0cb30086b,2020_Coauthor-Network-Analysis-of-Journal-of-Agricultural-Education-Articles-from-2008-2017.pdf,2020,2020-2024,Route_A_Modern,success,success,success,success,1,1,1,1
jae_37776a8ec20b,2020_College-and-Career-Ready-A-Snapshot-of-12th-Grade-National-FFA-Members.pdf,2020,2020-2024,Route_A_Modern,success,success,success,success,1,1,1,1
jae_9d0eef7f26e4,2020_Communicating-with-Diverse-Audiences-about-Sustainable-Farming-Does-Rurality-Matter-.pdf,2020,2020-2024,Route_A_Modern,success,success,success,success,1,1,1,1
jae_5b772f3e6edc,2020_Comparative-Analysis-of-Students-Perceived-Agripreneurship-Competencies-and-Likelihood-to-become-Agripreneurs-depending-on-Learning-Approach-A-Report-from-Uganda.pdf,2020,2020-2024,Route_A_Modern,success,success,success,success,1,1,1,1
jae_91716bd56ae3,2020_Comparing-the-5E-Method-of-Inquiry-based-Instruction-and-the-Four-Stage-Model-of-Direct-Instruction-on-Students-Content-Knowledge-Achievement-in-an-ENR-Curriculum.pdf,2020,2020-2024,Route_A_Modern,success,success,success,success,1,1,1,1
jae_94270c206a05,2020_Content-Topic-Development-for-Elementary-Agricultural-Education-Curriculum.pdf,2020,2020-2024,Route_A_Modern,success,success,success,success,1,1,1,1
jae_a0ca6de18207,2020_Curricular-Resource-Use-and-the-Relationship-with-Teacher-Self-Efficacy-Among-New-Mexico-School-Based-Agricultural-Education-Teachers.pdf,2020,2020-2024,Route_A_Modern,success,success,success,success,1,1,1,1
jae_40c6a804b093,2020_Decision-to-Enter-the-Classroom-as-an-Agriculture-Teacher-An-Exploratory-Qualitative-Investigation.pdf,2020,2020-2024,Route_A_Modern,success,success,success,success,1,1,1,1
jae_1374f79bcff5,2020_Describing-Volunteer-Involvement-in-School-Based-Agricultural-Education-Programs.pdf,2020,2020-2024,Route_A_Modern,success,success,success,success,1,1,1,1
jae_d8c7ae706cd6,2020_Development-and-Validation-of-a-Children-s-Agricultural-Literacy-Instrument-for-Local-Food.pdf,2020,2020-2024,Route_A_Modern,success,success,success,success,1,1,1,1
jae_59822348a46c,2020_Development-and-Validation-of-a-Rural-Stress-Instrument.pdf,2020,2020-2024,Route_A_Modern,success,success,success,success,1,1,1,1
jae_b2264f6bf96b,2020_Do-Teachers-Have-the-Skills-21st-Century-Skills-in-the-Agricultural-Education-Classroom-.pdf,2020,2020-2024,Route_A_Modern,success,success,success,success,1,1,1,1
jae_9ab18905d527,2020_Effectiveness-of-Utilizing-an-Evidence-Based-Safety-Curriculum-to-Increase-Student-Knowledge.pdf,2020,2020-2024,Route_A_Modern,success,success,success,success,1,1,1,1
jae_76dbecfa9f24,2020_Elevating-the-Impacts-of-Research-in-Agricultural-Education.pdf,2020,2020-2024,Route_A_Modern,success,success,success,success,1,1,1,1
jae_8f0974b1766a,2020_Examining-the-Effects-of-Reflection-Type-and-Abstraction-Order-on-Content-Knowledge-and-Content-Knowledge-Retention-During-Experiential-Learning.pdf,2020,2020-2024,Route_A_Modern,success,success,success,success,1,1,1,1
jae_2fabad2fc431,2020_Examining-the-Relationship-Between-Goal-Orientation-and-Individual-Characteristics-Amongst-Agricultural-Leadership-Development-Program-Participants.pdf,2020,2020-2024,Route_A_Modern,success,success,success,success,1,1,1,1
jae_91967e051e6c,2020_Examining-the-Status-of-Middle-School-Agricultural-Education-Programs-in-the-United-States.pdf,2020,2020-2024,Route_A_Modern,success,success,success,success,1,1,1,1
jae_d18b78eefe60,2020_Exploring-Consumer-Financial-Support-to-Inform-Communication-about-Agricultural-Best-Management-Practices.pdf,2020,2020-2024,Route_A_Modern,success,success,success,success,1,1,1,1
jae_96370abb6942,2020_Exploring-Content-Pedagogy-and-Literacy-Strategies-among-Preservice-Teachers-in-CASE-Institutes.pdf,2020,2020-2024,Route_A_Modern,success,success,success,success,1,1,1,1
jae_371b467ce50a,2020_Exploring-Motivational-Strategies-Outcomes-and-Theories-within-the-Career-Development-Event-Preparation-Process.pdf,2020,2020-2024,Route_A_Modern,success,success,success,success,1,1,1,1
jae_d9a69921457a,2020_Exploring-Stress-and-Recovery-Among-High-Achieving-Career-Development-Event-Teams-A-Mixed-Methods-Study.pdf,2020,2020-2024,Route_A_Modern,success,success,success,success,1,1,1,1
jae_0220f53f5c60,2020_Fostering-Identity-Development-in-Teacher-Preparation-Service-Learning-s-Role-in-Empowering-Agricultural-Education-Majors-to-Teach-STEM-Concepts.pdf,2020,2020-2024,Route_A_Modern,success,success,success,success,1,1,1,1
jae_14f83aaaf4a8,2020_Happy-Spouse-Happy-Greenhouse-Perceptions-of-the-SBAE-Teacher-s-Spouse-Regarding-Agricultural-Education-as-a-Career.pdf,2020,2020-2024,Route_A_Modern,success,success,success,success,1,1,1,1
jae_45134d1b4410,2020_High-school-student-and-teacher-perceptions-of-an-online-learning-experience-integrating-STEM-and-poultry-science.pdf,2020,2020-2024,Route_A_Modern,success,success,success,success,1,1,1,1
jae_9b1377efa2aa,2020_Identifying-Agriscience-Teachers-Instructional-Practice-Professional-Development-Needs-by-Certification-Type.pdf,2020,2020-2024,Route_A_Modern,success,success,success,success,1,1,1,1
jae_2719e09a8d6d,2020_Images-from-the-Trenches-A-Visual-Narrative-of-the-Concerns-of-Agricultural-Education-Majors.pdf,2020,2020-2024,Route_A_Modern,success,success,success,success,1,1,1,1
jae_6acc09a8f436,2020_Influencing-Factors-on-the-Pursuit-of-Graduate-Degrees-in-Agricultural-Social-Sciences.pdf,2020,2020-2024,Route_A_Modern,success,success,success,success,1,1,1,1
jae_786dcaad816b,2020_Measuring-Agricultural-Literacy-Grade-3-5-Instrument-Development-and-Validation.pdf,2020,2020-2024,Route_A_Modern,success,success,success,success,1,1,1,1
jae_4ec5ec2f8ba3,2020_More-Than-Winning-A-Mixed-Methods-Grounded-Theory-Investigation-of-the-Career-Development-Event-Preparation-Process.pdf,2020,2020-2024,Route_A_Modern,success,success,success,success,1,1,1,1
jae_b76695ffa2bd,2020_Motivational-Influences-on-Land-Grant-Faculty-Engagement-in-Science-Communication.pdf,2020,2020-2024,Route_A_Modern,success,success,success,success,1,1,1,1
jae_c2da44fb5250,2020_One-Seed-at-a-Time-Prosocial-Youth-Development-in-an-Urban-Agriculture-Program.pdf,2020,2020-2024,Route_A_Modern,success,success,success,success,1,1,1,1
jae_5efe525c75ec,2020_Perceptions-of-Undergraduate-Agricultural-Education-Students-on-the-Effects-of-Question-Difficulty-and-Postquestion-Wait-time-on-Cognitive-and-Emotional-Processes.pdf,2020,2020-2024,Route_A_Modern,success,success,success,success,1,1,1,1
jae_85ccedd6c6c9,2020_Perceptions-of-Youth-Parents-Community-Volunteers-Corporate-Volunteers-and-4-H-Professionals-about-the-4-H-STEM-Career-Pathway-Model.pdf,2020,2020-2024,Route_A_Modern,success,success,success,success,1,1,1,1
jae_1872856bf9f7,2020_Pioneering-Spirit-Examining-the-Motives-and-Experiences-of-Non-SBAE-Students-Majoring-in-Agricultural-Education.pdf,2020,2020-2024,Route_A_Modern,success,success,success,success,1,1,1,1
jae_31a40ce48ffd,2020_Post-secondary-Students-Perceptions-of-Career-Readiness-Skills.pdf,2020,2020-2024,Route_A_Modern,success,success,success,success,1,1,1,1
jae_2f84f22e5cd2,2020_Preservice-Agricultural-Education-and-Secondary-Education-Teachers-Self-Efficacy-and-Professional-Identity.pdf,2020,2020-2024,Route_A_Modern,success,success,success,success,1,1,1,1
jae_9f074790d518,2020_Preservice-Educators-Beliefs-and-Practices-of-Teaching-STEM-through-Agriculture-Food-and-Natural-Resources.pdf,2020,2020-2024,Route_A_Modern,success,success,success,success,1,1,1,1
jae_4c45430cc1fb,2020_Preservice-Teachers-Conceptualizations-of-Agricultural-Mechanics.pdf,2020,2020-2024,Route_A_Modern,success,success,success,success,1,1,1,1
jae_e923884c5c7a,2020_Professional-Life-Phases-Identifying-Professional-Development-Needs-for-Florida-Agriscience-Teachers.pdf,2020,2020-2024,Route_A_Modern,success,success,success,success,1,1,1,1
jae_3baaea98c78b,2020_Queering-Agricultural-Education-Research-Challenges-and-Strategies-for-Advancing-Inclusion.pdf,2020,2020-2024,Route_A_Modern,success,success,success,success,1,1,1,1
jae_5bc4492fba02,2020_Recruitment-and-Retention-of-Agriculture-Teachers-in-the-Southeast-An-Empirical-Analysis-of-the-STAR-Program.pdf,2020,2020-2024,Route_A_Modern,success,success,success,success,1,1,1,1
jae_12b0b540c3a0,2020_Reflections-on-Reform-A-Historical-Narrative-of-the-Relocation-of-the-Louisiana-FFA-Office.pdf,2020,2020-2024,Route_A_Modern,success,success,success,success,1,1,1,1
jae_ebdd47e2398d,2020_Regenerative-Agriculture-and-Implications-for-Agriculture-Food-and-Natural-Resources-Education.pdf,2020,2020-2024,Route_A_Modern,success,success,success,success,1,1,1,1
jae_3ca7fed2f112,2020_Secondary-Students-Perceptions-of-Inquiry-based-Learning-in-the-Agriculture-Classroom.pdf,2020,2020-2024,Route_A_Modern,success,success,success,success,1,1,1,1
jae_e393a0b6bb4a,2020_Supporting-Students-Psychological-Needs-and-Motivation-within-School-Based-Agricultural-Education-Programs-A-Mixed-Methods-Study.pdf,2020,2020-2024,Route_A_Modern,success,success,success,success,1,1,1,1
jae_8223b1d1e3d1,2020_Tagged-to-Teach-Ag-Day-Evaluating-the-Influence-of-a-Recruitment-Event-on-Students-Perceptions-of-Campus-Climate.pdf,2020,2020-2024,Route_A_Modern,success,success,success,success,1,1,1,1
jae_1c312979dbfa,2020_Teacher-Philosophies-of-Career-Development-Events-Implications-for-Curriculum-in-Agriculture-Food-and-Natural-Resources-Education.pdf,2020,2020-2024,Route_A_Modern,success,success,success,success,1,1,1,1
jae_bbe26aa4be5c,2020_Teacher-Retention-A-Relational-Perspective.pdf,2020,2020-2024,Route_A_Modern,success,success,success,success,1,1,1,1
jae_d3d8b49f15e0,2020_Teachers-Opinions-About-Virtual-Reality-Technology-in-School-based-Agricultural-Education.pdf,2020,2020-2024,Route_A_Modern,success,success,success,success,1,1,1,1
jae_f746872fd093,2020_Technical-In-Service-Needs-of-Agriculture-Teachers-in-Georgia-by-Career-Pathway.pdf,2020,2020-2024,Route_A_Modern,success,success,success,success,1,1,1,1
jae_18a02e3d7757,2020_The-Community-Diagnostics-and-Social-Impact-Toolkit-Development-and-Validation-of-a-Reliable-Measure.pdf,2020,2020-2024,Route_A_Modern,success,success,success,success,1,1,1,1
jae_546d90bc50a9,2020_The-Dimensions-of-Professional-Development-Needs-for-Secondary-Agricultural-Education-Teachers-Across-Career-Stages-A-Multiple-Case-Study-Comparison.pdf,2020,2020-2024,Route_A_Modern,success,success,success,success,1,1,1,1
jae_a68d61d23222,2020_The-Effect-of-Infographics-on-Recall-of-Information-about-Genetically-Modified-Foods.pdf,2020,2020-2024,Route_A_Modern,success,success,success,success,1,1,1,1
jae_0e855f36d75c,2020_The-Effect-of-Virtual-Reality-Technology-on-Welding-Skill-Performance.pdf,2020,2020-2024,Route_A_Modern,success,success,success,success,1,1,1,1
jae_67a2cc9932c4,2020_The-Impact-of-Time-Spent-Student-Teaching-on-the-Decision-to-Enter-the-Field-A-Longitudinal-Study.pdf,2020,2020-2024,Route_A_Modern,success,success,success,success,1,1,1,1
jae_994ab2ba4c96,2020_The-Relationship-of-Prior-FFA-Membership-on-Perceived-Ability-to-Manage-an-FFA-Chapter.pdf,2020,2020-2024,Route_A_Modern,success,success,success,success,1,1,1,1
jae_80db988b6fa5,2020_The-Role-of-Collaboration-Throughout-the-Agricultural-Education-Student-Teaching-Experience.pdf,2020,2020-2024,Route_A_Modern,success,success,success,success,1,1,1,1
jae_955150eb55a1,2020_The-Success-Trap-A-Case-Study-of-Early-Career-Agricultural-Education-Teachers-Conceptualizations-of-Work-Life-Balance.pdf,2020,2020-2024,Route_A_Modern,success,success,success,success,1,1,1,1
jae_0df64a705d4f,2020_The-Validation-of-the-Effective-Teaching-Instrument-for-School-Based-Agricultural-Education-Teachers.pdf,2020,2020-2024,Route_A_Modern,success,success,success,success,1,1,1,1
jae_d4a90433a21e,2020_USDA-Agricultural-Checkoff-Programs-YouTube-Presence-and-Video-Quality.pdf,2020,2020-2024,Route_A_Modern,success,success,success,success,1,1,1,1
jae_dafb65baed8d,2020_Undergraduate-Project-Team-Satisfaction-Analysis-of-a-Theoretically-Derived-Structural-Model.pdf,2020,2020-2024,Route_A_Modern,success,success,success,success,1,1,1,1
jae_99a4298ae07d,2020_Undergraduate-Students-Perceptions-of-Team-Based-Learning-During-an-Introductory-Agricultural-Mechanics-Course-A-Mixed-Methods-Study.pdf,2020,2020-2024,Route_A_Modern,success,success,success,success,1,1,1,1
jae_3022cc2aa8fc,2020_Will-the-First-Through-Fifth-Years-Please-Stand-Up-Quantifying-National-SBAE-Teacher-Experience.pdf,2020,2020-2024,Route_A_Modern,success,success,success,success,1,1,1,1
jae_e928a9ecbf22,2020_Women-s-Perceptions-of-Food-Production-Labeling-A-Q-Methodology-Study.pdf,2020,2020-2024,Route_A_Modern,success,success,success,success,1,1,1,1
jae_17fad5828927,2021_62.4.1.pdf,2021,2020-2024,Route_A_Modern,success,success,success,success,1,1,1,1
jae_662feb7dbe8a,2021_62.4.10.pdf,2021,2020-2024,Route_A_Modern,success,success,success,success,1,1,1,1
jae_9714c3c95ea6,2021_62.4.11.pdf,2021,2020-2024,Route_A_Modern,success,success,success,success,1,1,1,1
jae_4c3a98689315,2021_62.4.12.pdf,2021,2020-2024,Route_A_Modern,success,success,success,success,1,1,1,1
jae_5fb59c9d45aa,2021_62.4.13.pdf,2021,2020-2024,Route_A_Modern,success,success,success,success,1,1,1,1
jae_2e2c3801f4ab,2021_62.4.14.pdf,2021,2020-2024,Route_A_Modern,success,success,success,success,1,1,1,1
jae_3be401e2710e,2021_62.4.15.pdf,2021,2020-2024,Route_A_Modern,success,success,success,success,1,1,1,1
jae_1eab8009fafb,2021_62.4.2.pdf,2021,2020-2024,Route_A_Modern,success,success,success,success,1,1,1,1
jae_ae0d87d4fe76,2021_62.4.3.pdf,2021,2020-2024,Route_A_Modern,success,success,success,success,1,1,1,1
jae_ec3e0a9b08a9,2021_62.4.4.pdf,2021,2020-2024,Route_A_Modern,success,success,success,success,1,1,1,1
jae_88ca8e306b02,2021_62.4.5.pdf,2021,2020-2024,Route_A_Modern,success,success,success,success,1,1,1,1
jae_e936bb7d29e7,2021_62.4.6.pdf,2021,2020-2024,Route_A_Modern,success,success,success,success,1,1,1,1
jae_2e9ba2f4bd1c,2021_62.4.7.pdf,2021,2020-2024,Route_A_Modern,success,success,success,success,1,1,1,1
jae_e95ba6e4316e,2021_62.4.8.pdf,2021,2020-2024,Route_A_Modern,success,success,success,success,1,1,1,1
jae_d073f6a244b4,2021_62.4.9.pdf,2021,2020-2024,Route_A_Modern,success,success,success,success,1,1,1,1
jae_d0cb82ecdc42,2021_A-Critical-Pedagogy-of-Agriculture.pdf,2021,2020-2024,Route_A_Modern,success,success,success,success,1,1,1,1
jae_08b5a91f101c,2021_A-History-of-Professional-Associations-for-Teacher-Educators-in-Agriculture-1929-to-Present.pdf,2021,2020-2024,Route_A_Modern,success,success,success,success,1,1,1,1
jae_0837f34b3842,2021_A-Quantitative-Content-Analysis-of-Survey-Research-Methods-Over-a-40-Year-Time-Period-in-the-Journal-of-Agricultural-Education.pdf,2021,2020-2024,Route_A_Modern,success,success,success,success,1,1,1,1
jae_4710d3a2cca3,2021_A-Regional-Study-of-the-Agricultural-Mechanics-Knowledge-and-Skills-Needed-by-School-based-Agricultural-Education-Teachers.pdf,2021,2020-2024,Route_A_Modern,success,success,success,success,1,1,1,1
jae_76b36c364d82,2021_Adjusting-Appeasing-and-Rearranging-How-Agriculture-Teachers-Reconcile-Demands-of-the-Profession.pdf,2021,2020-2024,Route_A_Modern,success,success,success,success,1,1,1,1
jae_46c6178db5fb,2021_Agricultural-Mechanics-Preparation-How-Much-Do-School-Based-Agricultural-Education-Teachers-Recieve-.pdf,2021,2020-2024,Route_A_Modern,success,success,success,success,1,1,1,1
jae_d5b8e56fe556,2021_An-Application-of-Social-Network-Analysis-to-Focus-Group-Discussions-Unobserved-Interaction-Between-Participants-and-Discussion-Topics.pdf,2021,2020-2024,Route_A_Modern,success,success,success,success,1,1,1,1
jae_5c6f5922bddd,2021_An-Emotional-Rollercoaster-The-Emotional-and-Pedagogial-Impact-of-Cultural-Experiences-on-Agricultural-Education-Undergraduate-Students.pdf,2021,2020-2024,Route_A_Modern,success,success,success,success,1,1,1,1
jae_be6522b09d16,2021_Assessing-the-Impact-of-Weather-and-Climate-Curriculum-on-Youth-Science-Comprehension.pdf,2021,2020-2024,Route_A_Modern,success,success,success,success,1,1,1,1
jae_ab0c8f63bc68,2021_Assessment-of-Educational-Law-In-Service-Needs-and-Percieved-Competencies-of-Texas-School-Based-Agricultural-Education-Teachers.pdf,2021,2020-2024,Route_A_Modern,success,success,success,success,1,1,1,1
jae_5069056699c0,2021_Broadening-Participation-in-Agricultural-Sciences-through-a-STEM-Intervention-Program.pdf,2021,2020-2024,Route_A_Modern,success,success,success,success,1,1,1,1
jae_d2bf2ee35480,2021_Commonly-Accepted-Theories-Models-and-Philosophies-The-Subjective-Norms-of-Our-Discipline.pdf,2021,2020-2024,Route_A_Modern,success,success,success,success,1,1,1,1
jae_6fc652e6af95,2021_Comparing-Texas-Principal-and-Agricultural-Education-Teacher-Perceptions-of-the-Importance-of-Teaching-Activities-in-Agricultural-Education-Programs.pdf,2021,2020-2024,Route_A_Modern,success,success,success,success,1,1,1,1
jae_0f8a5d8c0a97,2021_Cooperative-Extension-in-Indigenous-Communities-Characteristic-of-Successful-Programs.pdf,2021,2020-2024,Route_A_Modern,success,success,success,success,1,1,1,1
jae_10900678ac82,2021_Diverse-Perspectives-on-Trends-Impacting-the-Future-of-Extension-in-Florida.pdf,2021,2020-2024,Route_A_Modern,success,success,success,success,1,1,1,1
jae_6d1f8b45d204,2021_Examining-Likeness-Among-Secondary-Agriculture-Youth.pdf,2021,2020-2024,Route_A_Modern,success,success,success,success,1,1,1,1
jae_e108551ca88a,2021_Examining-Preservice-Teachers-Performance-During-a-14-Week-Student-Teaching-Experience-A-Longitudinal-Study.pdf,2021,2020-2024,Route_A_Modern,success,success,success,success,1,1,1,1
jae_e74c100b6e62,2021_Examining-Teachers-Agricultural-Mechanics-Professional-Development-Needs-A-National-Study.pdf,2021,2020-2024,Route_A_Modern,success,success,success,success,1,1,1,1
jae_8fe73cd40530,2021_Examining-the-Effects-of-Reflection-Type-and-Abstraction-Order-on-Students-Scientific-Reasoning-Skills-During-Experiential-Learning.pdf,2021,2020-2024,Route_A_Modern,success,success,success,success,1,1,1,1
jae_e483e1df18a9,2021_Expanding-4-H-Alumni-Life-Perspectives-An-Experiential-and-Programmatic-Evaluation.pdf,2021,2020-2024,Route_A_Modern,success,success,success,success,1,1,1,1
jae_0d9690bbc2d1,2021_Exploring-Curriculum-Congruence-and-Connectivity-within-School-Based-Agricultural-Education.pdf,2021,2020-2024,Route_A_Modern,success,success,success,success,1,1,1,1
jae_0d22cdd00b37,2021_Exploring-Relationships-Between-Goal-Orientation-and-Conflict-Management-Capacity-Development-in-Agricultural-Leadership-Development-Program-Participants.pdf,2021,2020-2024,Route_A_Modern,success,success,success,success,1,1,1,1
jae_8ab852d023bb,2021_Exploring-the-Dynamics-of-a-Long-Term-Research-Network.pdf,2021,2020-2024,Route_A_Modern,success,success,success,success,1,1,1,1
jae_b7ac7ee610a5,2021_Extension-Organizational-Strnegths-A-Delphi-Analysis.pdf,2021,2020-2024,Route_A_Modern,success,success,success,success,1,1,1,1
jae_56f9eccc908a,2021_Extension-Professionals-Attitudes-Self-Efficacy-and-Perceptions-of-Inclusion-for-4-H-Youth-With-Disabilities.pdf,2021,2020-2024,Route_A_Modern,success,success,success,success,1,1,1,1
jae_e945152aa5a5,2021_Factors-Influencing-the-Decsion-of-Illinois-School-based-Agricultural-Education-Teachers-to-Remain-in-the-Profession.pdf,2021,2020-2024,Route_A_Modern,success,success,success,success,1,1,1,1
jae_a4079a8b6c8b,2021_Factors-that-Motivate-High-School-Agriculture-Teachers-to-Teach.pdf,2021,2020-2024,Route_A_Modern,success,success,success,success,1,1,1,1
jae_3947c01aa142,2021_Growing-Grassroots-Examining-Policy-Perceptions-and-Engagement-Among-Members-of-Florida-Agricultural-Organizations.pdf,2021,2020-2024,Route_A_Modern,success,success,success,success,1,1,1,1
jae_74662e6dae26,2021_Hemp-Hemp-Hooray-The-Impact-of-a-Hemp-Educational-Campaign-on-College-Students-Attitudes-and-Knowledge-on-Industrial-Hemp.pdf,2021,2020-2024,Route_A_Modern,success,success,success,success,1,1,1,1
jae_f621504dc827,2021_Identifying-the-Characteristics-of-Effective-School-Based-Agricultural-Education-Teachers-A-National-Census-Study.pdf,2021,2020-2024,Route_A_Modern,success,success,success,success,1,1,1,1
jae_d583c5954519,2021_In-Service-Agricultural-Mechanics-Needs-of-Montana-Mid-Career-Agricultural-Educators.pdf,2021,2020-2024,Route_A_Modern,success,success,success,success,1,1,1,1
jae_d8b64bb63be6,2021_Intent-to-Teach-Perspectives-from-Pre-Service-Agricultural-Education-Teachers.pdf,2021,2020-2024,Route_A_Modern,success,success,success,success,1,1,1,1
jae_aa9aef22bbde,2021_Investigating-the-Effects-of-Cognitive-Style-Diversity-on-the-Hypothesis-Generation-and-Troubleshooting-Ability-of-Undergraduate-Students-Enrolled-in-an-Introductory-Agricultural-Mechanics-Course-at-Louisianna-State-University.pdf,2021,2020-2024,Route_A_Modern,success,success,success,success,1,1,1,1
jae_b2460c5fa99a,2021_Making-the-Jump-What-Led-Agriscience-Teachers-to-Adopt-Agriscience-Research-SAEs-.pdf,2021,2020-2024,Route_A_Modern,success,success,success,success,1,1,1,1
jae_cf93bdd9fb6a,2021_Mentoring-Mentality-Understanding-the-Mentorship-Experiences-of-National-FFA-Officers.pdf,2021,2020-2024,Route_A_Modern,success,success,success,success,1,1,1,1
jae_a08b0780a049,2021_Motivations-and-Challenges-of-Underrepresented-Students-Enrolled-in-Post-Secondary-Agricultural-Education-Program-Community-through-Diversity.pdf,2021,2020-2024,Route_A_Modern,success,success,success,success,1,1,1,1
jae_746fa597ac92,2021_Navigating-the-Social-Landscape-of-School-Based-Agricultural-Education-A-Hermeneutic-Phenomenology.pdf,2021,2020-2024,Route_A_Modern,success,success,success,success,1,1,1,1
jae_9026a80a87cb,2021_Perceptions-of-Arkansas-Agriculture-County-Extension-Agents-Toward-Urban-Agriculture.pdf,2021,2020-2024,Route_A_Modern,success,success,success,success,1,1,1,1
jae_ded012cf4d30,2021_Personas-of-Agricultural-Education-Supporters-A-Q-Method-Study.pdf,2021,2020-2024,Route_A_Modern,success,success,success,success,1,1,1,1
jae_d3ce1c37b2a1,2021_Pre-Service-Teachers-Self-Perceived-Training-Needs-Associated-with-Program-Design-and-Management-and-Leadership-and-SAE-Development.pdf,2021,2020-2024,Route_A_Modern,success,success,success,success,1,1,1,1
jae_35eed4ffb818,2021_School-Based-Agricultural-Education-Teachers-Competence-of-Synchronous-Online-Instruction-Tools-During-the-COVID-19-Pandemic.pdf,2021,2020-2024,Route_A_Modern,success,success,success,success,1,1,1,1
jae_f132e0d525ca,2021_School-based-Agricultural-Education-Teachers-Experiences-During-a-Year-long-Field-Test-of-the-CASE-Mechanical-Systems-in-Agriculture-MSA-Curriculum.pdf,2021,2020-2024,Route_A_Modern,success,success,success,success,1,1,1,1
jae_0841d456b8a1,2021_Secondary-Teachers-Implementation-of-Metacognition-and-Interpretation-of-Student-Metacognitive-Knowledge-and-Regulation.pdf,2021,2020-2024,Route_A_Modern,success,success,success,success,1,1,1,1
jae_76efb57cc7d4,2021_State-FFA-Association-Use-of-Instagram-to-Promote-Membership-Diversity.pdf,2021,2020-2024,Route_A_Modern,success,success,success,success,1,1,1,1
jae_5175642f56e7,2021_Student-Experiences-of-a-Social-Justice-based-Agricultural-and-Life-Science-Education-Course-at-an-1862-Land-Grant-University.pdf,2021,2020-2024,Route_A_Modern,success,success,success,success,1,1,1,1
jae_a8d5f66d592a,2021_Student-Teachers-Views-on-Their-Competence-to-Teach-the-National-AFNR-Career-Pathways-Implications-for-the-Preparation-of-Preservice-Teachers-in-Agricultural-Education.pdf,2021,2020-2024,Route_A_Modern,success,success,success,success,1,1,1,1
jae_e48dae09aba4,2021_Teacher-Changing-the-Discipline-A-Case-Study-of-Participatory-Professional-Development.pdf,2021,2020-2024,Route_A_Modern,success,success,success,success,1,1,1,1
jae_a139cba1e4e5,2021_The-Agricultural-Communication-SAE-A-Qualitative-Exploration-of-Opportunities-and-Teacher-Experiences.pdf,2021,2020-2024,Route_A_Modern,success,success,success,success,1,1,1,1
jae_54e025e4de02,2021_The-Effect-of-Authenticity-on-Project-Based-Learning-A-Quasi-Experimental-Study-of-STEM-Integration-in-Agriculture.pdf,2021,2020-2024,Route_A_Modern,success,success,success,success,1,1,1,1
jae_f34270bf6afc,2021_The-Influence-of-CASE-on-Agriculture-Teachers-Use-of-Inquiry-Based-Methods.pdf,2021,2020-2024,Route_A_Modern,success,success,success,success,1,1,1,1
jae_df7e8403744a,2021_The-Masks-We-Wear-A-Quantitative-Analysis-of-Motivational-Factors-of-School-Based-Agriculture-Education-Teachers-During-a-Pandemic.pdf,2021,2020-2024,Route_A_Modern,success,success,success,success,1,1,1,1
jae_6e52dddef2c0,2021_The-Role-of-NFA-Camps-in-Agricultural-Education-for-Rural-African-American-Boys-in-North-Carolina.pdf,2021,2020-2024,Route_A_Modern,success,success,success,success,1,1,1,1
jae_bfd41f540a84,2021_The-Search-for-Relevance.pdf,2021,2020-2024,Route_A_Modern,success,success,success,success,1,1,1,1
jae_7c2a090842ea,2021_The-Voices-of-African-American-Agriculture-Teachers-in-One-Southern-State-Regarding-the-NFA-FFA-Merger.pdf,2021,2020-2024,Route_A_Modern,success,success,success,success,1,1,1,1
jae_97b0d6e73b25,2021_Then-What-Quantifying-SBAE-Teacher-Career-Decisions-Post-Migration.pdf,2021,2020-2024,Route_A_Modern,success,success,success,success,1,1,1,1
jae_248b0d000f4b,2021_What-is-the-Real-Cost-of-Professional-Success-A-Qualitative-Analysis-of-Work-and-Life-Balance-in-Agriscience-Education.pdf,2021,2020-2024,Route_A_Modern,success,success,success,success,1,1,1,1
jae_b9e87f26c1bd,2021_Winning-an-External-Teaching-Award-in-Higher-Education-Teacher-Identity-and-Recipient-Characteristics.pdf,2021,2020-2024,Route_A_Modern,success,success,success,success,1,1,1,1
jae_fabefebd36cc,10.5032_jae.2022.02131.pdf,2022,2020-2024,Route_A_Modern,success,success,success,success,1,1,1,1
jae_ddc7c4c99cf8,2022_-A-Challenge-that-I-m-Willing-to-Take-On-The-Self-Efficacy-of-Female-Undergraduate-Students-in-Agricultural-Mechanics.pdf,2022,2020-2024,Route_A_Modern,success,success,success,success,1,1,1,1
jae_db19b866a666,2022_A-Case-Study-Agricultural-literacy-proficiency-in-an-Iowa-elementary-school.pdf,2022,2020-2024,Route_A_Modern,success,success,success,success,1,1,1,1
jae_28c0998b0f76,2022_A-Comparison-of-Curricular-Resource-Use-of-Florida-School-Based-Agricultural-Education-Teachers-by-Career-Stage.pdf,2022,2020-2024,Route_A_Modern,success,success,success,success,1,1,1,1
jae_20750392e665,2022_A-Historical-Examination-of-Food-Labeling-Policies-and-Practices-in-the-United-States-Implications-for-Agricultural-Communications.pdf,2022,2020-2024,Route_A_Modern,success,success,success,success,1,1,1,1
jae_e984c34b8974,2022_Accomplishments-and-Challenges-Experienced-by-Beginning-Agriculture-Teachers-in-their-First-Three-Years-A-Collective-Case-Study.pdf,2022,2020-2024,Route_A_Modern,success,success,success,success,1,1,1,1
jae_0861ed3ea574,2022_Agrarianism-in-Agricultural-Education-A-Narrative-Study.pdf,2022,2020-2024,Route_A_Modern,success,success,success,success,1,1,1,1
jae_ab4e2e15e553,2022_Agricultural-Educators-Adoption-of-Inquiry-Based-Learning-IBL-Effects-of-Beliefs.pdf,2022,2020-2024,Route_A_Modern,success,success,success,success,1,1,1,1
jae_64033eb5a91c,2022_College-Freshmen-Perceptions-of-the-High-School-CASE-Experience.pdf,2022,2020-2024,Route_A_Modern,success,success,success,success,1,1,1,1
jae_e7b63011b0f9,2022_Core-Academic-Offerings-in-Michigan-Agriculture-Food-and-Natural-Resources-Education-Programs.pdf,2022,2020-2024,Route_A_Modern,success,success,success,success,1,1,1,1
jae_814e9e161645,2022_Cultivating-Black-Leaders-for-Rural-Communities-A-Case-Study-of-a-Leadership-Development-Program-at-an-1890-Land-Grant-Institution.pdf,2022,2020-2024,Route_A_Modern,success,success,success,success,1,1,1,1
jae_fa8aa34e7b99,2022_Curricular-Resource-Use-and-Pedagogical-Design-Capacity-of-Florida-Agricultural-Education-Teachers.pdf,2022,2020-2024,Route_A_Modern,success,success,success,success,1,1,1,1
jae_781b7540e385,2022_Describing-College-Success-Indicators-for-First-Generation-College-Students-in-Colleges-of-Agriculture.pdf,2022,2020-2024,Route_A_Modern,success,success,success,success,1,1,1,1
jae_cde7698cf4d8,2022_Describing-North-Dakota-Small-Farmers-and-Their-Connection-with-Extension.pdf,2022,2020-2024,Route_A_Modern,success,success,success,success,1,1,1,1
jae_c5b7f4eee9ca,2022_Describing-the-Inclusiveness-of-Students-with-Disabilities-in-Iowa-School-based-Agricultural-Education-Programs.pdf,2022,2020-2024,Route_A_Modern,success,success,success,success,1,1,1,1
jae_1faf70010dfc,2022_Determining-Factors-Affecting-Adult-Volunteerism-in-the-Texas-4-H-Program.pdf,2022,2020-2024,Route_A_Modern,success,success,success,success,1,1,1,1
jae_34742d549f48,2022_Determining-the-Effects-of-Response-Mode-and-Incentives-on-Survey-Response-Rates-of-School-based-Agricultural-Education-Teachers-An-Experimental-Study.pdf,2022,2020-2024,Route_A_Modern,success,success,success,success,1,1,1,1
jae_22a11c045ab4,2022_Effects-of-a-Simulation-on-Eighth-Grade-Students-Business-Management-Knowledge-and-Entrepreneurial-Intent-in-an-Exploratory-Agriculture-Course.pdf,2022,2020-2024,Route_A_Modern,success,success,success,success,1,1,1,1
jae_cb23972741a8,2022_Evaluating-the-Impacts-of-4-H-Participation-Development-and-Preliminary-Validation-of-a-Scale.pdf,2022,2020-2024,Route_A_Modern,success,success,success,success,1,1,1,1
jae_93e4be209c7c,2022_Examining-Differences-in-Noncognitive-Skills-for-State-Level-Career-Development-and-Leadership-Development-Event-Participants.pdf,2022,2020-2024,Route_A_Modern,success,success,success,success,1,1,1,1
jae_77adf301f460,2022_Examining-Ethical-Typologies-of-Agriculture-and-Natural-Resources-Leaders-A-Q-Study.pdf,2022,2020-2024,Route_A_Modern,success,success,success,success,1,1,1,1
jae_5b92ec6795ab,2022_Examining-factors-affecting-youth-value-of-mindful-living-in-a-short-term-non-formal-educational-mindfulness-program.pdf,2022,2020-2024,Route_A_Modern,success,success,success,success,1,1,1,1
jae_9d7c55017763,2022_Expanding-the-Agricultural-Educator-s-Toolkit-Identifying-Challenges-in-Digital-Media-Production-Technology.pdf,2022,2020-2024,Route_A_Modern,success,success,success,success,1,1,1,1
jae_f892382ff28a,2022_Exploring-Relationships-Between-Career-Retention-Factors-and-Personal-and-Professional-Characteristics-of-Illinois-Agriculture-Teachers.pdf,2022,2020-2024,Route_A_Modern,success,success,success,success,1,1,1,1
jae_776f888024c0,2022_Extension-Education-Trends-and-Research-Needs-Views-from-Professionals-and-Faculty.pdf,2022,2020-2024,Route_A_Modern,success,success,success,success,1,1,1,1
jae_122277c58366,2022_Female-Agriculture-Teachers-Lived-Experiences-and-Perceived-Professional-Development-Needs-when-Teaching-Students-with-Special-Needs.pdf,2022,2020-2024,Route_A_Modern,success,success,success,success,1,1,1,1
jae_020f91b43d4f,2022_Fight-The-Bite-Implementation-of-Mosquito-Based-Curriculum-in-Elementary-Middle-and-High-Schools-in-Florida.pdf,2022,2020-2024,Route_A_Modern,success,success,success,success,1,1,1,1
jae_8c862d3f1d26,2022_Finding-the-Right-Channel-An-Analysis-of-Communication-Channel-Preferences-Amongst-Potential-Extension-Clientele.pdf,2022,2020-2024,Route_A_Modern,success,success,success,success,1,1,1,1
jae_6cbcd86adf9c,2022_Forecasting-the-Academic-Performance-of-Freshmen-College-of-Agriculture-Students-Using-Goal-Orientations-and-Academic-Efficacy-as-Predictors.pdf,2022,2020-2024,Route_A_Modern,success,success,success,success,1,1,1,1
jae_2382cb979a86,2022_How-Do-I-Get-There-From-Here-An-Evaluation-of-4-H-Influence-on-Participant-Career-Trajectories.pdf,2022,2020-2024,Route_A_Modern,success,success,success,success,1,1,1,1
jae_d01989d7b24e,2022_Hybrid-Vigor-A-Quantitative-Analysis-of-Job-Satisfaction-of-United-States-School-Based-Secondary-Agricultural-Education-Classrooms.pdf,2022,2020-2024,Route_A_Modern,success,success,success,success,1,1,1,1
jae_59a8aeb12969,2022_Identifying-and-Assessing-Needs-of-Florida-Commercial-Beekeepers-Using-Nominal-Group-Technique.pdf,2022,2020-2024,Route_A_Modern,success,success,success,success,1,1,1,1
jae_e8c1e576f518,2022_Implementing-Forestry-and-Natural-Resource-Curricula-in-Georgia-A-Quantitative-Analysis-of-Perceived-Barriers-Towards-Implementation.pdf,2022,2020-2024,Route_A_Modern,success,success,success,success,1,1,1,1
jae_10aaa5745998,2022_Implications-of-Science-Illumination-on-Student-Content-Knowledge-of-Technical-Floriculture-and-Core-Scientific-Ideas.pdf,2022,2020-2024,Route_A_Modern,success,success,success,success,1,1,1,1
jae_30a2aa171881,2022_Induction-Programs-for-Beginning-Agriculture-Teachers-Research-Based-Recommendations-on-Program-Structure-and-Content.pdf,2022,2020-2024,Route_A_Modern,success,success,success,success,1,1,1,1
jae_1593daec2315,2022_Insights-from-Second-Generation-Agriculture-Teachers-on-Career-Choice-and-Identity.pdf,2022,2020-2024,Route_A_Modern,success,success,success,success,1,1,1,1
jae_406c8e1dc2fb,2022_Meeting-the-Needs-of-Gifted-and-Talented-Students-in-Agricultural-Education-An-Exploratory-Study.pdf,2022,2020-2024,Route_A_Modern,success,success,success,success,1,1,1,1
jae_918e99764b56,2022_Members-Perceptions-Regarding-Diversity-and-Inclusion-within-the-American-Association-for-Agricultural-Education.pdf,2022,2020-2024,Route_A_Modern,success,success,success,success,1,1,1,1
jae_55b111c1b463,2022_My-Ag-Teacher-Never-Made-Me-Go-To-The-Shop-Pre-Service-Teacher-s-Perceived-Self-Efficacy-in-Mechanics-Skills-Change-Through-Experience-.pdf,2022,2020-2024,Route_A_Modern,success,success,success,success,1,1,1,1
jae_8b04053043a4,2022_Openness-and-Preparedness-of-Senior-FFA-Members-Toward-Technology-in-Agriculture.pdf,2022,2020-2024,Route_A_Modern,success,success,success,success,1,1,1,1
jae_9d0527424761,2022_Pandemic-Pedagogy-How-Early-Career-Agriculture-Teachers-Reflect-on-Their-Practice.pdf,2022,2020-2024,Route_A_Modern,success,success,success,success,1,1,1,1
jae_f9513297d982,2022_Perceptions-of-Agricultural-Educators-Entering-the-Profession-through-Alternative-Means.pdf,2022,2020-2024,Route_A_Modern,success,success,success,success,1,1,1,1
jae_a5693c72b381,2022_Perceptions-of-Agricultural-Extension-and-Communication-Professionals-Regarding-Current-Preferred-and-Emerging-Communication-Channels-A-Qualitative-Study.pdf,2022,2020-2024,Route_A_Modern,success,success,success,success,1,1,1,1
jae_48269375b28f,2022_Relating-Grower-Perceptions-and-Adoption-of-Automated-Nursery-Technologies-to-Address-Labor-Needs.pdf,2022,2020-2024,Route_A_Modern,success,success,success,success,1,1,1,1
jae_c65ce24d8b25,2022_Science-Citizenship-through-Secondary-Agricultural-Education.pdf,2022,2020-2024,Route_A_Modern,success,success,success,success,1,1,1,1
jae_508644f6404b,2022_Storying-Outdoor-Youth-Education-A-Historical-Narrative-of-the-Louisiana-4-H-Camping-Movement.pdf,2022,2020-2024,Route_A_Modern,success,success,success,success,1,1,1,1
jae_076f157b4102,2022_Students-Motivation-to-Learn-Science-Through-Undergraduate-level-Agricultural-Coursework.pdf,2022,2020-2024,Route_A_Modern,success,success,success,success,1,1,1,1
jae_543244b947ab,2022_Students-perspectives-on-using-virtual-reality-technology-in-a-university-level-agricultural-mechanics-course.pdf,2022,2020-2024,Route_A_Modern,success,success,success,success,1,1,1,1
jae_c523ef2a3e4f,2022_Teachers-Perceptions-and-Practices-of-Inquiry-Based-Teaching-and-Learning-Using-CASE-Curriculum.pdf,2022,2020-2024,Route_A_Modern,success,success,success,success,1,1,1,1
jae_ee5971599b98,2022_Teaching-Systems-Thinking-Concepts-with-Hypothetical-Case-Scenarios-An-Exploration-in-Agricultural-Education.pdf,2022,2020-2024,Route_A_Modern,success,success,success,success,1,1,1,1
jae_42a97d79867d,2022_Technical-Agriculture-Skills-Teachers-Need-to-Teach-Courses-in-the-Plant-Systems-Pathway.pdf,2022,2020-2024,Route_A_Modern,success,success,success,success,1,1,1,1
jae_dc548b0a84a5,2022_The-Best-of-Both-Worlds-Exploring-the-Experiences-of-Alternatively-Certified-Agriculture-Teachers.pdf,2022,2020-2024,Route_A_Modern,success,success,success,success,1,1,1,1
jae_5dd5cbec132f,2022_The-Effectiveness-of-a-Metacognitive-Strategy-during-the-Reading-Process-on-Cognitive-Allocation-and-Subject-Matter-Retention.pdf,2022,2020-2024,Route_A_Modern,success,success,success,success,1,1,1,1
jae_5bde086cb036,2022_The-Impact-of-a-Project-Based-Learning-Experience-on-the-SAE-Self-Efficacy-of-Preservice-Teachers.pdf,2022,2020-2024,Route_A_Modern,success,success,success,success,1,1,1,1
jae_cbd3c70f9e45,2022_The-Impact-of-an-Instructional-Development-Program-on-College-of-Agriculture-Faculty-Members-Teaching-focused-Social-Capital-A-Mixed-Methods-Approach.pdf,2022,2020-2024,Route_A_Modern,success,success,success,success,1,1,1,1
jae_0b46391783f1,2022_The-One-Way-Agri-Cultural-Mirror-A-Case-Study-of-How-Young-Agricultural-Leaders-Understand-and-Experience-Culture.pdf,2022,2020-2024,Route_A_Modern,success,success,success,success,1,1,1,1
jae_7b2871ad0631,2022_The-Perceptions-of-School-Based-Agriculture-Teachers-on-Extended-Contracts.pdf,2022,2020-2024,Route_A_Modern,success,success,success,success,1,1,1,1
jae_3fe57e9f6c87,2022_Themes-and-Tones-of-Blog-Posts-about-Animal-Agriculture-and-Protein-Production.pdf,2022,2020-2024,Route_A_Modern,success,success,success,success,1,1,1,1
jae_a1bcddfb7bec,2022_Transformative-Learning-in-an-African-American-Agriculture-Course.pdf,2022,2020-2024,Route_A_Modern,success,success,success,success,1,1,1,1
jae_90005a6c158b,2022_Vol+63.1.10.pdf,2022,2020-2024,Route_A_Modern,success,success,success,success,1,1,1,1
jae_f371dc1c1bd6,2022_Vol+63.1.11.pdf,2022,2020-2024,Route_A_Modern,success,success,success,success,1,1,1,1
jae_dfe163526a4b,2022_What-is-the-Meaning-of-Youth-Livestock-Production-A-Hermeneutic-Phenomenological-Study.pdf,2022,2020-2024,Route_A_Modern,success,success,success,success,1,1,1,1
jae_474c0b70d6f5,2022_When-Teaching-Hurts-Exploring-the-Secondary-Traumatic-Stress-Experiences-of-Early-Career-SBAE-Teachers.pdf,2022,2020-2024,Route_A_Modern,success,success,success,success,1,1,1,1
jae_8e8b3f4ddef4,2023_102.pdf,2023,2020-2024,Route_A_Modern,success,success,success,success,1,1,1,1
jae_cf369a96144c,2023_103.pdf,2023,2020-2024,Route_A_Modern,success,success,success,success,1,1,1,1
jae_4543159301b1,2023_106_FINAL.pdf,2023,2020-2024,Route_A_Modern,success,success,success,success,1,1,1,1
jae_966c520b1924,2023_107_FINAL.pdf,2023,2020-2024,Route_A_Modern,success,success,success,success,1,1,1,1
jae_5bb0f710a4bc,2023_108_FINAL.pdf,2023,2020-2024,Route_A_Modern,success,success,success,success,1,1,1,1
jae_8a0f5be3f993,2023_109_FINAL.pdf,2023,2020-2024,Route_A_Modern,success,success,success,success,1,1,1,1
jae_a532f4a0aff2,2023_110_FINAL.pdf,2023,2020-2024,Route_A_Modern,success,success,success,success,1,1,1,1
jae_b80d4614ba53,2023_111_FINAL.pdf,2023,2020-2024,Route_A_Modern,success,success,success,success,1,1,1,1
jae_f81767ae772c,2023_112_FINAL.pdf,2023,2020-2024,Route_A_Modern,success,success,success,success,1,1,1,1
jae_a6ca6af916f0,2023_113_FINAL.pdf,2023,2020-2024,Route_A_Modern,success,success,success,success,1,1,1,1
jae_fee028c6dbc0,2023_114_FINAL.pdf,2023,2020-2024,Route_A_Modern,success,success,success,success,1,1,1,1
jae_c0858f93d3f6,2023_115_FINAL.pdf,2023,2020-2024,Route_A_Modern,success,success,success,success,1,1,1,1
jae_22a5c71a98b6,2023_116_FINAL.pdf,2023,2020-2024,Route_A_Modern,success,success,success,success,1,1,1,1
jae_a8016d964e4f,2023_117_FINAL.pdf,2023,2020-2024,Route_A_Modern,success,success,success,success,1,1,1,1
jae_8d9a23d108d8,2023_118_FINAL.pdf,2023,2020-2024,Route_A_Modern,success,success,success,success,1,1,1,1
jae_8bdab2e35604,2023_122.pdf,2023,2020-2024,Route_A_Modern,success,success,success,success,1,1,1,1
jae_cacc8d53daad,2023_144_FINAL.pdf,2023,2020-2024,Route_A_Modern,success,success,success,success,1,1,1,1
jae_0d49a54870f1,2023_151.pdf,2023,2020-2024,Route_A_Modern,success,success,success,success,1,1,1,1
jae_d4a0838999ad,2023_156_FINAL.pdf,2023,2020-2024,Route_A_Modern,success,success,success,success,1,1,1,1
jae_dd8eb1093bef,2023_160.pdf,2023,2020-2024,Route_A_Modern,success,success,success,success,1,1,1,1
jae_f5062856e30b,2023_167.pdf,2023,2020-2024,Route_A_Modern,success,success,success,success,1,1,1,1
jae_1f46a6323091,2023_22_FINAL.pdf,2023,2020-2024,Route_A_Modern,success,success,success,success,1,1,1,1
jae_47a1bd68f803,2023_2400.pdf,2023,2020-2024,Route_A_Modern,success,success,success,success,1,1,1,1
jae_e565bf3dde43,2023_2464.pdf,2023,2020-2024,Route_A_Modern,success,success,success,success,1,1,1,1
jae_0e58dc9aaa40,2023_2476_FINAL.pdf,2023,2020-2024,Route_A_Modern,success,success,success,success,1,1,1,1
jae_ce6b56b52f07,2023_2504_Distinguished+Lecture+AAAE+FINAL.pdf,2023,2020-2024,Route_A_Modern,success,success,success,success,1,1,1,1
jae_0cc6ef34aff6,2023_26+Final.pdf,2023,2020-2024,Route_A_Modern,success,success,success,success,1,1,1,1
jae_594011140345,2023_27+Final.pdf,2023,2020-2024,Route_A_Modern,success,success,success,success,1,1,1,1
jae_4df19672d921,2023_28+Final.pdf,2023,2020-2024,Route_A_Modern,success,success,success,success,1,1,1,1
jae_a60e13895440,2023_29+Final.pdf,2023,2020-2024,Route_A_Modern,success,success,success,success,1,1,1,1
jae_367bd0e1da82,2023_30+Final.pdf,2023,2020-2024,Route_A_Modern,success,success,success,success,1,1,1,1
jae_29203d9a12da,2023_31+Final.pdf,2023,2020-2024,Route_A_Modern,success,success,success,success,1,1,1,1
jae_5517da72f527,2023_32+Final.pdf,2023,2020-2024,Route_A_Modern,success,success,success,success,1,1,1,1
jae_37299e302b03,2023_33+Final.pdf,2023,2020-2024,Route_A_Modern,success,success,success,success,1,1,1,1
jae_4246d4ea5c74,2023_34+Final.pdf,2023,2020-2024,Route_A_Modern,success,success,success,success,1,1,1,1
jae_068e70ddb1df,2023_35+Final.pdf,2023,2020-2024,Route_A_Modern,success,success,success,success,1,1,1,1
jae_28df16153d35,2023_36+Final.pdf,2023,2020-2024,Route_A_Modern,success,success,success,success,1,1,1,1
jae_c51c2fe78698,2023_37+Final.pdf,2023,2020-2024,Route_A_Modern,success,success,success,success,1,1,1,1
jae_8c57e828f5db,2023_38.pdf,2023,2020-2024,Route_A_Modern,success,success,success,success,1,1,1,1
jae_eb7e4898921e,2023_48_FINAL.pdf,2023,2020-2024,Route_A_Modern,success,success,success,success,1,1,1,1
jae_787f22060ea2,2023_49_FINAL.pdf,2023,2020-2024,Route_A_Modern,success,success,success,success,1,1,1,1
jae_dd81d90567ff,2023_56_FINAL.pdf,2023,2020-2024,Route_A_Modern,success,success,success,success,1,1,1,1
jae_d9f902bcbacc,2023_57_FINAL.pdf,2023,2020-2024,Route_A_Modern,success,success,success,success,1,1,1,1
jae_44752fdf6888,2023_58_FINAL.pdf,2023,2020-2024,Route_A_Modern,success,success,success,success,1,1,1,1
jae_807ec4903017,2023_60_FINAL.pdf,2023,2020-2024,Route_A_Modern,success,success,success,success,1,1,1,1
jae_30c22a206e5a,2023_61_FINAL.pdf,2023,2020-2024,Route_A_Modern,success,success,success,success,1,1,1,1
jae_df3a456a752b,2023_62_FINAL.pdf,2023,2020-2024,Route_A_Modern,success,success,success,success,1,1,1,1
jae_b724a7692a47,2023_64.pdf,2023,2020-2024,Route_A_Modern,success,success,success,success,1,1,1,1
jae_73d65ef34d5b,2023_71_FINAL.pdf,2023,2020-2024,Route_A_Modern,success,success,success,success,1,1,1,1
jae_a85d7f951bef,2023_75_FINAL.pdf,2023,2020-2024,Route_A_Modern,success,success,success,success,1,1,1,1
jae_3eee332d6f02,2023_80_FINAL.pdf,2023,2020-2024,Route_A_Modern,success,success,success,success,1,1,1,1
jae_02120363bc29,2023_85_FINAL.pdf,2023,2020-2024,Route_A_Modern,success,success,success,success,1,1,1,1
jae_9f6ec1346479,2023_86.pdf,2023,2020-2024,Route_A_Modern,success,success,success,success,1,1,1,1
jae_d54d2c50de07,2023_89_FINAL.pdf,2023,2020-2024,Route_A_Modern,success,success,success,success,1,1,1,1
jae_613212b64a87,2023_91.pdf,2023,2020-2024,Route_A_Modern,success,success,success,success,1,1,1,1
jae_2109dfcecccf,2023_95.pdf,2023,2020-2024,Route_A_Modern,success,success,success,success,1,1,1,1
jae_2e311d3b2570,10.5032_jae.v65i4.2828.pdf,2024,2020-2024,Route_A_Modern,success,success,success,success,1,1,1,1
jae_8d0f32ea4a47,2024_100.pdf,2024,2020-2024,Route_A_Modern,success,success,success,success,1,1,1,1
jae_c8c7f90eac25,2024_104.pdf,2024,2020-2024,Route_A_Modern,success,success,success,success,1,1,1,1
jae_ad2600ad12e4,2024_119.pdf,2024,2020-2024,Route_A_Modern,success,success,success,success,1,1,1,1
jae_dab3f9379725,2024_120.pdf,2024,2020-2024,Route_A_Modern,success,success,success,success,1,1,1,1
jae_6eacfb09d91b,2024_123.pdf,2024,2020-2024,Route_A_Modern,success,success,success,success,1,1,1,1
jae_61d2b059bb89,2024_126.pdf,2024,2020-2024,Route_A_Modern,success,success,success,success,1,1,1,1
jae_6de941a5b299,2024_138.pdf,2024,2020-2024,Route_A_Modern,success,success,success,success,1,1,1,1
jae_a4a5eafd392d,2024_157.pdf,2024,2020-2024,Route_A_Modern,success,success,success,success,1,1,1,1
jae_df570e51128f,2024_158.pdf,2024,2020-2024,Route_A_Modern,success,success,success,success,1,1,1,1
jae_cb2fea38a007,2024_159.pdf,2024,2020-2024,Route_A_Modern,success,success,success,success,1,1,1,1
jae_c6a583cdcb9e,2024_161.pdf,2024,2020-2024,Route_A_Modern,success,success,success,success,1,1,1,1
jae_bbe364129a29,2024_163.pdf,2024,2020-2024,Route_A_Modern,success,success,success,success,1,1,1,1
jae_a3b87a9e1b41,2024_165.pdf,2024,2020-2024,Route_A_Modern,success,success,success,success,1,1,1,1
jae_e01ef82b8f01,2024_166rev.pdf,2024,2020-2024,Route_A_Modern,success,success,success,success,1,1,1,1
jae_49c47480b90b,2024_2383.pdf,2024,2020-2024,Route_A_Modern,success,success,success,success,1,1,1,1
jae_597d7275a944,2024_2389.pdf,2024,2020-2024,Route_A_Modern,success,success,success,success,1,1,1,1
jae_6a56b6742be2,2024_2390.pdf,2024,2020-2024,Route_A_Modern,success,success,success,success,1,1,1,1
jae_72fc5302a2bd,2024_2407.pdf,2024,2020-2024,Route_A_Modern,success,success,success,success,1,1,1,1
jae_853950f40bf9,2024_2414.pdf,2024,2020-2024,Route_A_Modern,success,success,success,success,1,1,1,1
jae_2fd9cedeccff,2024_2447.pdf,2024,2020-2024,Route_A_Modern,success,success,success,success,1,1,1,1
jae_53af29afe033,2024_2452.pdf,2024,2020-2024,Route_A_Modern,success,success,success,success,1,1,1,1
jae_52c629575e4e,2024_2453.pdf,2024,2020-2024,Route_A_Modern,success,success,success,success,1,1,1,1
jae_268a1fc6d87c,2024_2454.pdf,2024,2020-2024,Route_A_Modern,success,success,success,success,1,1,1,1
jae_1a22ec526275,2024_2458.pdf,2024,2020-2024,Route_A_Modern,success,success,success,success,1,1,1,1
jae_9fc617ba7224,2024_2459.pdf,2024,2020-2024,Route_A_Modern,success,success,success,success,1,1,1,1
jae_cfeb51f201ca,2024_2460.pdf,2024,2020-2024,Route_A_Modern,success,success,success,success,1,1,1,1
jae_55eb100bed38,2024_2462.pdf,2024,2020-2024,Route_A_Modern,success,success,success,success,1,1,1,1
jae_24151c1cf53a,2024_2468_rev.pdf,2024,2020-2024,Route_A_Modern,success,success,success,success,1,1,1,1
jae_cec64d465a14,2024_2471.pdf,2024,2020-2024,Route_A_Modern,success,success,success,success,1,1,1,1
jae_ea5b6506c3cf,2024_2473.pdf,2024,2020-2024,Route_A_Modern,success,success,success,success,1,1,1,1
jae_3a92fc621a43,2024_2475.pdf,2024,2020-2024,Route_A_Modern,success,success,success,success,1,1,1,1
jae_ab3903d9728d,2024_2479.pdf,2024,2020-2024,Route_A_Modern,success,success,success,success,1,1,1,1
jae_d0589009383a,2024_2481.pdf,2024,2020-2024,Route_A_Modern,success,success,success,success,1,1,1,1
jae_72f9307e3593,2024_2487rev.pdf,2024,2020-2024,Route_A_Modern,success,success,success,success,1,1,1,1
jae_3555b049d5ca,2024_2490.pdf,2024,2020-2024,Route_A_Modern,success,success,success,success,1,1,1,1
jae_4bddf7c416ae,2024_2491.pdf,2024,2020-2024,Route_A_Modern,success,success,success,success,1,1,1,1
jae_801c4acbb655,2024_2492.pdf,2024,2020-2024,Route_A_Modern,success,success,success,success,1,1,1,1
jae_aceedc232bc8,2024_2495_rev.pdf,2024,2020-2024,Route_A_Modern,success,success,success,success,1,1,1,1
jae_d48c7d40ff52,2024_2496_Edited.pdf,2024,2020-2024,Route_A_Modern,success,success,success,success,1,1,1,1
jae_63126cc199eb,2024_2499.pdf,2024,2020-2024,Route_A_Modern,success,success,success,success,1,1,1,1
jae_31f68ea2e459,2024_2570rev.pdf,2024,2020-2024,Route_A_Modern,success,success,success,success,1,1,1,1
jae_e6811449d9e2,2024_2571.pdf,2024,2020-2024,Route_A_Modern,success,success,success,success,1,1,1,1
jae_3b521ad9353a,2024_2577.pdf,2024,2020-2024,Route_A_Modern,success,success,success,success,1,1,1,1
jae_bec8953eafe6,2024_2579.pdf,2024,2020-2024,Route_A_Modern,success,success,success,success,1,1,1,1
jae_8bc703631f63,2024_2596_rev.pdf,2024,2020-2024,Route_A_Modern,success,success,success,success,1,1,1,1
jae_5d729ef3992c,2024_2597.pdf,2024,2020-2024,Route_A_Modern,success,success,success,success,1,1,1,1
jae_ef91e2df1f57,2024_2598_REV1.pdf,2024,2020-2024,Route_A_Modern,success,success,success,success,1,1,1,1
jae_9bb160486cca,2024_2601rev.pdf,2024,2020-2024,Route_A_Modern,success,success,success,success,1,1,1,1
jae_3ab69bb9c27f,2024_2604rev.pdf,2024,2020-2024,Route_A_Modern,success,success,success,success,1,1,1,1
jae_b53ed2b81431,2024_2733rev.pdf,2024,2020-2024,Route_A_Modern,success,success,success,success,1,1,1,1
jae_f84160148ecc,2024_2739.pdf,2024,2020-2024,Route_A_Modern,success,success,success,success,1,1,1,1
jae_b963d4af7633,2024_2741.pdf,2024,2020-2024,Route_A_Modern,success,success,success,success,1,1,1,1
jae_9ff9fa473df4,2024_2743.pdf,2024,2020-2024,Route_A_Modern,success,success,success,success,1,1,1,1
jae_a1ff1e12ac31,2024_2745.pdf,2024,2020-2024,Route_A_Modern,success,success,success,success,1,1,1,1
jae_349efc4ce362,2024_2751.pdf,2024,2020-2024,Route_A_Modern,success,success,success,success,1,1,1,1
jae_25371788b081,2024_2752.pdf,2024,2020-2024,Route_A_Modern,success,success,success,success,1,1,1,1
jae_613953357a18,2024_2760.pdf,2024,2020-2024,Route_A_Modern,success,success,success,success,1,1,1,1
jae_c282058027b5,2024_2764.pdf,2024,2020-2024,Route_A_Modern,success,success,success,success,1,1,1,1
jae_627447f48b80,2024_2766.pdf,2024,2020-2024,Route_A_Modern,success,success,success,success,1,1,1,1
jae_cba29bde07da,2024_2767.pdf,2024,2020-2024,Route_A_Modern,success,success,success,success,1,1,1,1
jae_97fca3f5f67d,2024_2768.pdf,2024,2020-2024,Route_A_Modern,success,success,success,success,1,1,1,1
jae_2ce0b21d6db5,2024_2774.pdf,2024,2020-2024,Route_A_Modern,success,success,success,success,1,1,1,1
jae_59e01f799d70,2024_2788.pdf,2024,2020-2024,Route_A_Modern,success,success,success,success,1,1,1,1
jae_a1f753063da5,2024_2789.pdf,2024,2020-2024,Route_A_Modern,success,success,success,success,1,1,1,1
jae_a243c6b07b82,2024_2790_rev.pdf,2024,2020-2024,Route_A_Modern,success,success,success,success,1,1,1,1
jae_cef363663083,2024_2791.pdf,2024,2020-2024,Route_A_Modern,success,success,success,success,1,1,1,1
jae_886d17ba638e,2024_2826.pdf,2024,2020-2024,Route_A_Modern,success,success,success,success,1,1,1,1
jae_e556db840787,2024_2827.pdf,2024,2020-2024,Route_A_Modern,success,success,success,success,1,1,1,1
jae_9ee5f287cbd7,2024_2828.pdf,2024,2020-2024,Route_A_Modern,success,success,success,success,1,1,1,1
jae_ec25d42b2016,2024_2829.pdf,2024,2020-2024,Route_A_Modern,success,success,success,success,1,1,1,1
jae_3fe4c046e616,2024_2839.pdf,2024,2020-2024,Route_A_Modern,success,success,success,success,1,1,1,1
jae_3fb911a021c0,2024_2841.pdf,2024,2020-2024,Route_A_Modern,success,success,success,success,1,1,1,1
jae_2658aef2ec81,2024_2900.pdf,2024,2020-2024,Route_A_Modern,success,success,success,success,1,1,1,1
jae_6883ed6d648c,2024_2907.pdf,2024,2020-2024,Route_A_Modern,success,success,success,success,1,1,1,1
jae_ccc4438c6899,2024_2911.pdf,2024,2020-2024,Route_A_Modern,success,success,success,success,1,1,1,1
jae_a187b2b2748d,2024_3019_Distlec_AAAE.pdf,2024,2020-2024,Route_A_Modern,success,success,success,success,1,1,1,1
jae_22fcc0953bbc,2024_39.pdf,2024,2020-2024,Route_A_Modern,success,success,success,success,1,1,1,1
jae_47b285af7846,2024_50.pdf,2024,2020-2024,Route_A_Modern,success,success,success,success,1,1,1,1
jae_31d8e62cba8b,2024_55.pdf,2024,2020-2024,Route_A_Modern,success,success,success,success,1,1,1,1
jae_3041e27efa8e,2024_68.pdf,2024,2020-2024,Route_A_Modern,success,success,success,success,1,1,1,1
jae_051169cb9a3c,2024_69.pdf,2024,2020-2024,Route_A_Modern,success,success,success,success,1,1,1,1
jae_95991d08e4e0,2024_82.pdf,2024,2020-2024,Route_A_Modern,success,success,success,success,1,1,1,1
jae_b4312a1aca65,2024_83.pdf,2024,2020-2024,Route_A_Modern,success,success,success,success,1,1,1,1
jae_da70f42ff106,2024_84.pdf,2024,2020-2024,Route_A_Modern,success,success,success,success,1,1,1,1
jae_fdd4de0f3340,2024_90.pdf,2024,2020-2024,Route_A_Modern,success,success,success,success,1,1,1,1
jae_7bf52dddbb28,2024_94.pdf,2024,2020-2024,Route_A_Modern,success,success,success,success,1,1,1,1
jae_6fb7303607f5,2024_97.pdf,2024,2020-2024,Route_A_Modern,success,success,success,success,1,1,1,1
jae_262d25558921,2024_98.pdf,2024,2020-2024,Route_A_Modern,success,success,success,success,1,1,1,1
jae_96a49290d12a,2024_99_rev.pdf,2024,2020-2024,Route_A_Modern,success,success,success,success,1,1,1,1
jae_f43cc8eaf4c7,2025_121.pdf,2025,2025-2029,Route_A_Modern,success,success,success,success,1,1,1,1
jae_1ef707d22b2b,2025_127.pdf,2025,2025-2029,Route_A_Modern,success,success,success,success,1,1,1,1
jae_17f8a0937dca,2025_133.pdf,2025,2025-2029,Route_A_Modern,success,success,success,success,1,1,1,1
jae_ed4859518197,2025_140.pdf,2025,2025-2029,Route_A_Modern,success,success,success,success,1,1,1,1
jae_297da4b7767d,2025_152.pdf,2025,2025-2029,Route_A_Modern,success,success,success,success,1,1,1,1
jae_cf80cf5c7316,2025_2394.pdf,2025,2025-2029,Route_A_Modern,success,success,success,success,1,1,1,1
jae_463d6d41009a,2025_2396.pdf,2025,2025-2029,Route_A_Modern,success,success,success,success,1,1,1,1
jae_caecbb4ff3f2,2025_2433.pdf,2025,2025-2029,Route_A_Modern,success,success,success,success,1,1,1,1
jae_3a40016b0398,2025_2461.pdf,2025,2025-2029,Route_A_Modern,success,success,success,success,1,1,1,1
jae_3963b58b4183,2025_2465.pdf,2025,2025-2029,Route_A_Modern,success,success,success,success,1,1,1,1
jae_8052e511b9ba,2025_2467.pdf,2025,2025-2029,Route_A_Modern,success,success,success,success,1,1,1,1
jae_f2d40e5c34e0,2025_2470.pdf,2025,2025-2029,Route_A_Modern,success,success,success,success,1,1,1,1
jae_18c4793cae93,2025_2489.pdf,2025,2025-2029,Route_A_Modern,success,success,success,success,1,1,1,1
jae_0fbec94c0125,2025_2572.pdf,2025,2025-2029,Route_A_Modern,success,success,success,success,1,1,1,1
jae_92ca659d9f85,2025_2602.pdf,2025,2025-2029,Route_A_Modern,success,success,success,success,1,1,1,1
jae_edda41c25f93,2025_2605.pdf,2025,2025-2029,Route_A_Modern,success,success,success,success,1,1,1,1
jae_862d85aaf50f,2025_2608.pdf,2025,2025-2029,Route_A_Modern,success,success,success,success,1,1,1,1
jae_e51e022b8083,2025_2609.pdf,2025,2025-2029,Route_A_Modern,success,success,success,success,1,1,1,1
jae_c6d6654d640c,2025_2731.pdf,2025,2025-2029,Route_A_Modern,success,success,success,success,1,1,1,1
jae_bdf9386af5d8,2025_2744.pdf,2025,2025-2029,Route_A_Modern,success,success,success,success,1,1,1,1
jae_50164fc7abb5,2025_2754.pdf,2025,2025-2029,Route_A_Modern,success,success,success,success,1,1,1,1
jae_221953114304,2025_2755.pdf,2025,2025-2029,Route_A_Modern,success,success,success,success,1,1,1,1
jae_205415331ce7,2025_2757.pdf,2025,2025-2029,Route_A_Modern,success,success,success,success,1,1,1,1
jae_5391fc5f6d98,2025_2762.pdf,2025,2025-2029,Route_A_Modern,success,success,success,success,1,1,1,1
jae_cb75adf64460,2025_2763.pdf,2025,2025-2029,Route_A_Modern,success,success,success,success,1,1,1,1
jae_eefb99f1f164,2025_2765.pdf,2025,2025-2029,Route_A_Modern,success,success,success,success,1,1,1,1
jae_69d6530ee74f,2025_2769.pdf,2025,2025-2029,Route_A_Modern,success,success,success,success,1,1,1,1
jae_502e77c8be19,2025_2770.pdf,2025,2025-2029,Route_A_Modern,success,success,success,success,1,1,1,1
jae_cf14ea1fb689,2025_2771.pdf,2025,2025-2029,Route_A_Modern,success,success,success,success,1,1,1,1
jae_b1cf69dba3e6,2025_2772.pdf,2025,2025-2029,Route_A_Modern,success,success,success,success,1,1,1,1
jae_40950a269d62,2025_2773.pdf,2025,2025-2029,Route_A_Modern,success,success,success,success,1,1,1,1
jae_2aece3168fe2,2025_2775.pdf,2025,2025-2029,Route_A_Modern,success,success,success,success,1,1,1,1
jae_b5a6b3b77570,2025_2779.pdf,2025,2025-2029,Route_A_Modern,success,success,success,success,1,1,1,1
jae_dc5c51255eeb,2025_2780.pdf,2025,2025-2029,Route_A_Modern,success,success,success,success,1,1,1,1
jae_61f23901213a,2025_2782.pdf,2025,2025-2029,Route_A_Modern,success,success,success,success,1,1,1,1
jae_86fd8f7d9400,2025_2783.pdf,2025,2025-2029,Route_A_Modern,success,success,success,success,1,1,1,1
jae_0df3b02a8308,2025_2784.pdf,2025,2025-2029,Route_A_Modern,success,success,success,success,1,1,1,1
jae_09c6df521a18,2025_2785.pdf,2025,2025-2029,Route_A_Modern,success,success,success,success,1,1,1,1
jae_5045c1cc6347,2025_2794.pdf,2025,2025-2029,Route_A_Modern,success,success,success,success,1,1,1,1
jae_13bf00bdd81d,2025_2830.pdf,2025,2025-2029,Route_A_Modern,success,success,success,success,1,1,1,1
jae_fdaf55b3f886,2025_2835.pdf,2025,2025-2029,Route_A_Modern,success,success,success,success,1,1,1,1
jae_6c82f2ce475b,2025_2837.pdf,2025,2025-2029,Route_A_Modern,success,success,success,success,1,1,1,1
jae_e7dc322251b8,2025_2856.pdf,2025,2025-2029,Route_A_Modern,success,success,success,success,1,1,1,1
jae_1ef776b17910,2025_2889.pdf,2025,2025-2029,Route_A_Modern,success,success,success,success,1,1,1,1
jae_e41a8fb7a17d,2025_2894.pdf,2025,2025-2029,Route_A_Modern,success,success,success,success,1,1,1,1
jae_2b2ecda5ee02,2025_2895.pdf,2025,2025-2029,Route_A_Modern,success,success,success,success,1,1,1,1
jae_ec178c5efd30,2025_2896.pdf,2025,2025-2029,Route_A_Modern,success,success,success,success,1,1,1,1
jae_9315c9222308,2025_2898.pdf,2025,2025-2029,Route_A_Modern,success,success,success,success,1,1,1,1
jae_4c3bbc9715ea,2025_2899.pdf,2025,2025-2029,Route_A_Modern,success,success,success,success,1,1,1,1
jae_86bf72157756,2025_2901.pdf,2025,2025-2029,Route_A_Modern,success,success,success,success,1,1,1,1
jae_a05dd6ca7332,2025_2903.pdf,2025,2025-2029,Route_A_Modern,success,success,success,success,1,1,1,1
jae_988a8352d2e1,2025_2904.pdf,2025,2025-2029,Route_A_Modern,success,success,success,success,1,1,1,1
jae_39c77738de21,2025_2906.pdf,2025,2025-2029,Route_A_Modern,success,success,success,success,1,1,1,1
jae_0ef4e826b077,2025_2908+(1).pdf,2025,2025-2029,Route_A_Modern,success,success,success,success,1,1,1,1
jae_bee8a864c4f9,2025_2910.pdf,2025,2025-2029,Route_A_Modern,success,success,success,success,1,1,1,1
jae_f5e3c3d10cb8,2025_2913.pdf,2025,2025-2029,Route_A_Modern,success,success,success,success,1,1,1,1
jae_1209c360e2d7,2025_2914.pdf,2025,2025-2029,Route_A_Modern,success,success,success,success,1,1,1,1
jae_268da8d56dd7,2025_2916.pdf,2025,2025-2029,Route_A_Modern,success,success,success,success,1,1,1,1
jae_ed8f638c7efa,2025_2920.pdf,2025,2025-2029,Route_A_Modern,success,success,success,success,1,1,1,1
jae_fd94c36f27f5,2025_2921.pdf,2025,2025-2029,Route_A_Modern,success,success,success,success,1,1,1,1
jae_36e186aa542c,2025_2922.pdf,2025,2025-2029,Route_A_Modern,success,success,success,success,1,1,1,1
jae_28bb097b389a,2025_2923.pdf,2025,2025-2029,Route_A_Modern,success,success,success,success,1,1,1,1
jae_99c5f0202d57,2025_2924.pdf,2025,2025-2029,Route_A_Modern,success,success,success,success,1,1,1,1
jae_49eb0f27124b,2025_2929.pdf,2025,2025-2029,Route_A_Modern,success,success,success,success,1,1,1,1
jae_6c4d886df4e1,2025_2930.pdf,2025,2025-2029,Route_A_Modern,success,success,success,success,1,1,1,1
jae_cf0ff4ab95cd,2025_2939.pdf,2025,2025-2029,Route_A_Modern,success,success,success,success,1,1,1,1
jae_9c5e7892ab49,2025_2961.pdf,2025,2025-2029,Route_A_Modern,success,success,success,success,1,1,1,1
jae_95e8e09fbc17,2025_3009.pdf,2025,2025-2029,Route_A_Modern,success,success,success,success,1,1,1,1
jae_b1f82b788632,2025_3010.pdf,2025,2025-2029,Route_A_Modern,success,success,success,success,1,1,1,1
jae_95f28478b4f4,2025_3013.pdf,2025,2025-2029,Route_A_Modern,success,success,success,success,1,1,1,1
jae_473725b8cc57,2025_3015.pdf,2025,2025-2029,Route_A_Modern,success,success,success,success,1,1,1,1
jae_f8d24c44a7c5,2025_3018.pdf,2025,2025-2029,Route_A_Modern,success,success,success,success,1,1,1,1
jae_28e95a80faa0,2025_3022.pdf,2025,2025-2029,Route_A_Modern,success,success,success,success,1,1,1,1
jae_389b3282f5f3,2025_3024.pdf,2025,2025-2029,Route_A_Modern,success,success,success,success,1,1,1,1
jae_7003d742621b,2025_3028.pdf,2025,2025-2029,Route_A_Modern,success,success,success,success,1,1,1,1
jae_c46765804d35,2025_3029.pdf,2025,2025-2029,Route_A_Modern,success,success,success,success,1,1,1,1
jae_e78d0cdf396d,2025_3031.pdf,2025,2025-2029,Route_A_Modern,success,success,success,success,1,1,1,1
jae_d41c6ed1f448,2025_3032.pdf,2025,2025-2029,Route_A_Modern,success,success,success,success,1,1,1,1
jae_d5894c2d67df,2025_3034.pdf,2025,2025-2029,Route_A_Modern,success,success,success,success,1,1,1,1
jae_1f9b7224e5d2,2025_3035.pdf,2025,2025-2029,Route_A_Modern,success,success,success,success,1,1,1,1
jae_30b364d24d6a,2025_3052.pdf,2025,2025-2029,Route_A_Modern,success,success,success,success,1,1,1,1
jae_b6a227359872,2025_3093.pdf,2025,2025-2029,Route_A_Modern,success,success,success,success,1,1,1,1
jae_f0dccbf8243e,2025_3165.pdf,2025,2025-2029,Route_A_Modern,success,success,success,success,1,1,1,1
jae_c9b6702b6737,2025_3170.pdf,2025,2025-2029,Route_A_Modern,success,success,success,success,1,1,1,1
jae_4193fcf6a5f7,2025_3171.pdf,2025,2025-2029,Route_A_Modern,success,success,success,success,1,1,1,1
jae_659e7d19e8a7,2025_3174.pdf,2025,2025-2029,Route_A_Modern,success,success,success,success,1,1,1,1
jae_4d7cced70a80,2025_3175.pdf,2025,2025-2029,Route_A_Modern,success,success,success,success,1,1,1,1
jae_cb8bd0d7796f,2025_3176.pdf,2025,2025-2029,Route_A_Modern,success,success,success,success,1,1,1,1
jae_8fac0d54fe3f,2025_3178.pdf,2025,2025-2029,Route_A_Modern,success,success,success,success,1,1,1,1
jae_209ce1dd2a69,2025_3183.pdf,2025,2025-2029,Route_A_Modern,success,success,success,success,1,1,1,1
jae_ab93cae45595,2025_3184.pdf,2025,2025-2029,Route_A_Modern,success,success,success,success,1,1,1,1
jae_b994f4da41fd,2025_3185.pdf,2025,2025-2029,Route_A_Modern,success,success,success,success,1,1,1,1
jae_e7a83ba8dcc6,2025_3188.pdf,2025,2025-2029,Route_A_Modern,success,success,success,success,1,1,1,1
jae_4c352b8592e4,2025_3190.pdf,2025,2025-2029,Route_A_Modern,success,success,success,success,1,1,1,1
jae_1771b891402d,2025_3195.pdf,2025,2025-2029,Route_A_Modern,success,success,success,success,1,1,1,1
jae_fa177a22262d,2025_3196.pdf,2025,2025-2029,Route_A_Modern,success,success,success,success,1,1,1,1
jae_36e2011c12d7,2025_3197.pdf,2025,2025-2029,Route_A_Modern,success,success,success,success,1,1,1,1
jae_54ec89b7d7bb,2025_3200.pdf,2025,2025-2029,Route_A_Modern,success,success,success,success,1,1,1,1
jae_7c5e50d68cfe,2025_3201.pdf,2025,2025-2029,Route_A_Modern,success,success,success,success,1,1,1,1
jae_dd90dfcffbdc,2025_3202.pdf,2025,2025-2029,Route_A_Modern,success,success,success,success,1,1,1,1
jae_25c97bcac9ef,2025_3203.pdf,2025,2025-2029,Route_A_Modern,success,success,success,success,1,1,1,1
jae_f49647c88d9e,2025_3205.pdf,2025,2025-2029,Route_A_Modern,success,success,success,success,1,1,1,1
jae_0d3d9ae5a6c5,2025_3211.pdf,2025,2025-2029,Route_A_Modern,success,success,success,success,1,1,1,1
jae_e11c819de500,2025_3215.pdf,2025,2025-2029,Route_A_Modern,success,success,success,success,1,1,1,1
jae_247d0d41a022,2025_3216.pdf,2025,2025-2029,Route_A_Modern,success,success,success,success,1,1,1,1
jae_6a5e799e3f8b,2025_3220.pdf,2025,2025-2029,Route_A_Modern,success,success,success,success,1,1,1,1
jae_193af4b4d3da,2025_3221.pdf,2025,2025-2029,Route_A_Modern,success,success,success,success,1,1,1,1
jae_bdedc9a4f750,2025_3222.pdf,2025,2025-2029,Route_A_Modern,success,success,success,success,1,1,1,1
jae_113e8045e821,2025_3226.pdf,2025,2025-2029,Route_A_Modern,success,success,success,success,1,1,1,1
jae_f1709b3e812c,2025_3228.pdf,2025,2025-2029,Route_A_Modern,success,success,success,success,1,1,1,1
jae_a690d097cb83,2025_3229.pdf,2025,2025-2029,Route_A_Modern,success,success,success,success,1,1,1,1
jae_0111f6abcea8,2025_3231.pdf,2025,2025-2029,Route_A_Modern,success,success,success,success,1,1,1,1
jae_419ac44d3747,2025_3232.pdf,2025,2025-2029,Route_A_Modern,success,success,success,success,1,1,1,1
jae_d4df5a987fad,2025_3234.pdf,2025,2025-2029,Route_A_Modern,success,success,success,success,1,1,1,1
jae_f6a0d87fc01f,2025_3235.pdf,2025,2025-2029,Route_A_Modern,success,success,success,success,1,1,1,1
jae_f3230d6eaed1,2025_3236.pdf,2025,2025-2029,Route_A_Modern,success,success,success,success,1,1,1,1
jae_60dfb69ef78a,2025_3241.pdf,2025,2025-2029,Route_A_Modern,success,success,success,success,1,1,1,1
jae_837365cf54bf,2025_3244.pdf,2025,2025-2029,Route_A_Modern,success,success,success,success,1,1,1,1
jae_50afaca04777,2025_3245.pdf,2025,2025-2029,Route_A_Modern,success,success,success,success,1,1,1,1
jae_563da3c4fa32,2025_3247.pdf,2025,2025-2029,Route_A_Modern,success,success,success,success,1,1,1,1
jae_a50e88138d16,2025_3255.pdf,2025,2025-2029,Route_A_Modern,success,success,success,success,1,1,1,1
jae_12a985876d6e,2025_3256.pdf,2025,2025-2029,Route_A_Modern,success,success,success,success,1,1,1,1
jae_a83f5ad6ccf4,2025_3257.pdf,2025,2025-2029,Route_A_Modern,success,success,success,success,1,1,1,1
jae_d783dd6de10f,2025_3265.pdf,2025,2025-2029,Route_A_Modern,success,success,success,success,1,1,1,1
jae_a885af7888fa,2025_3267.pdf,2025,2025-2029,Route_A_Modern,success,success,success,success,1,1,1,1
jae_1881539d23da,2025_3272.pdf,2025,2025-2029,Route_A_Modern,success,success,success,success,1,1,1,1
jae_1f3196a3b7de,2025_3276.pdf,2025,2025-2029,Route_A_Modern,success,success,success,success,1,1,1,1
jae_2eb068a22025,2025_3277.pdf,2025,2025-2029,Route_A_Modern,success,success,success,success,1,1,1,1
jae_a1d93b06f240,2025_40.pdf,2025,2025-2029,Route_A_Modern,success,success,success,success,1,1,1,1
jae_0e5ad9a35ba6,2025_65.pdf,2025,2025-2029,Route_A_Modern,success,success,success,success,1,1,1,1
jae_c8bbb95c704d,2025_79.pdf,2025,2025-2029,Route_A_Modern,success,success,success,success,1,1,1,1
jae_b45c765845b1,2025_88.pdf,2025,2025-2029,Route_A_Modern,success,success,success,success,1,1,1,1
jae_12affd586ab5,2025_92.pdf,2025,2025-2029,Route_A_Modern,success,success,success,success,1,1,1,1
jae_cfa17e8e4dd1,2025_93.pdf,2025,2025-2029,Route_A_Modern,success,success,success,success,1,1,1,1
jae_90944b221a70,2026.pdf,2026,2025-2029,Route_A_Modern,success,success,success,success,1,1,1,1
jae_e2da91f1d417,2026_2399.pdf,2026,2025-2029,Route_A_Modern,pending,pending,pending,pending,0,0,0,0
jae_8b393af52f0b,2026_2912.pdf,2026,2025-2029,Route_A_Modern,success,success,success,success,1,1,1,1
jae_c635b65aa1e7,2026_3023.pdf,2026,2025-2029,Route_A_Modern,success,success,success,success,1,1,1,1
jae_26a9fe1520f2,2026_3027.pdf,2026,2025-2029,Route_A_Modern,success,success,success,success,1,1,1,1
jae_9e251625bbd9,2026_3033.pdf,2026,2025-2029,Route_A_Modern,success,success,success,success,1,1,1,1
jae_866d6e4f91df,2026_3177.pdf,2026,2025-2029,Route_A_Modern,success,success,success,success,1,1,1,1
jae_ea768605ae2a,2026_3179.pdf,2026,2025-2029,Route_A_Modern,success,success,success,success,1,1,1,1
jae_9c63e7749377,2026_3181.pdf,2026,2025-2029,Route_A_Modern,success,success,success,success,1,1,1,1
jae_2d48f0704e63,2026_3192.pdf,2026,2025-2029,Route_A_Modern,success,success,success,success,1,1,1,1
jae_31b0d2ed8a7f,2026_3193.pdf,2026,2025-2029,Route_A_Modern,success,success,success,success,1,1,1,1
jae_3b4672bf5642,2026_3206.pdf,2026,2025-2029,Route_A_Modern,success,success,success,success,1,1,1,1
jae_632ac995c1ff,2026_3218.pdf,2026,2025-2029,Route_A_Modern,success,success,success,success,1,1,1,1
jae_da0be41dd451,2026_3230.pdf,2026,2025-2029,Route_A_Modern,success,success,success,success,1,1,1,1
jae_90f1f57a5b98,2026_3240.pdf,2026,2025-2029,Route_A_Modern,success,success,success,success,1,1,1,1
jae_6f5a83bd7c3f,2026_3242.pdf,2026,2025-2029,Route_A_Modern,success,success,success,success,1,1,1,1
jae_3bb3f3064576,2026_3249.pdf,2026,2025-2029,Route_A_Modern,success,success,success,success,1,1,1,1
jae_777b32addfba,2026_3258.pdf,2026,2025-2029,Route_A_Modern,success,success,success,success,1,1,1,1
jae_af89a105d19d,2026_3270.pdf,2026,2025-2029,Route_A_Modern,success,success,success,success,1,1,1,1
jae_eb77691e4ca3,2026_3280.pdf,2026,2025-2029,Route_A_Modern,success,success,success,success,1,1,1,1
jae_6aff97b63bb7,2026_3281.pdf,2026,2025-2029,Route_A_Modern,success,success,success,success,1,1,1,1
jae_06a7abc8717f,2026_3283.pdf,2026,2025-2029,Route_A_Modern,success,success,success,success,1,1,1,1
jae_8c5b9fb62efc,2026_3284.pdf,2026,2025-2029,Route_A_Modern,success,success,success,success,1,1,1,1
jae_b71d7848ccaf,2026_3285.pdf,2026,2025-2029,Route_A_Modern,success,success,success,success,1,1,1,1
jae_2cc828d97ba9,2026_3286.pdf,2026,2025-2029,Route_A_Modern,success,success,success,success,1,1,1,1
jae_5ff5a51d2528,2026_3289.pdf,2026,2025-2029,Route_A_Modern,success,success,success,success,1,1,1,1
jae_85f1812de7c3,2026_3292.pdf,2026,2025-2029,Route_A_Modern,success,success,success,success,1,1,1,1
jae_fcda8fdc05b7,2026_3297.pdf,2026,2025-2029,Route_A_Modern,success,success,success,success,1,1,1,1
jae_c42460776bc4,2026_3298.pdf,2026,2025-2029,Route_A_Modern,success,success,success,success,1,1,1,1
jae_18f72089ce1e,2026_3300.pdf,2026,2025-2029,Route_A_Modern,success,success,success,success,1,1,1,1
jae_80ca72460b36,2026_3301.pdf,2026,2025-2029,Route_A_Modern,success,success,success,success,1,1,1,1
jae_a96e1a05a66d,2026_3302.pdf,2026,2025-2029,Route_A_Modern,success,success,success,success,1,1,1,1
jae_2d6217911eee,2026_3303.pdf,2026,2025-2029,Route_A_Modern,success,success,success,success,1,1,1,1
jae_970a31c71f13,2026_3305.pdf,2026,2025-2029,Route_A_Modern,success,success,success,success,1,1,1,1
jae_a3d698c49f1c,2026_3311.pdf,2026,2025-2029,Route_A_Modern,success,success,success,success,1,1,1,1
jae_2f464e8825f2,2026_3315.pdf,2026,2025-2029,Route_A_Modern,success,success,success,success,1,1,1,1
jae_9a5c96a41278,2026_3320.pdf,2026,2025-2029,Route_A_Modern,success,success,success,success,1,1,1,1
jae_ab8a980b5b33,2026_3327.pdf,2026,2025-2029,Route_A_Modern,success,success,success,success,1,1,1,1
jae_14c5f238b0ce,2026_3328.pdf,2026,2025-2029,Route_A_Modern,success,success,success,success,1,1,1,1
jae_d0e5b75e3155,2026_3338.pdf,2026,2025-2029,Route_A_Modern,success,success,success,success,1,1,1,1
